      0.00000     -6.58575
      20.0000     -8.39629
      40.0000     -7.36224
      60.0000     -8.07077
      80.0000     -9.35363
      100.000     -9.41189
      120.000     -11.6489
      140.000     -11.1661
      160.000     -11.5160
      180.000     -12.0928
      200.000     -12.1024
      220.000     -12.5181
      240.000     -10.5136
      260.000     -9.67584
      280.000     -7.41772
      300.000     -8.16009
      320.000     -7.91889
      340.000     -8.32226
      360.000     -8.24289
      380.000     -8.64044
      400.000     -9.11009
      420.000     -10.2420
      440.000     -11.0251
      460.000     -10.2359
      480.000     -11.3013
      500.000     -10.2683
      520.000     -11.0979
      540.000     -8.98486
      560.000     -8.55992
      580.000     -8.28927
      600.000     -7.51377
      620.000     -9.10365
      640.000     -8.44003
      660.000     -8.83132
      680.000     -9.50448
      700.000     -10.7810
      720.000     -9.74404
      740.000     -9.51430
      760.000     -9.40838
      780.000     -8.82345
      800.000     -9.57203
      820.000     -8.59690
      840.000     -7.82917
      860.000     -8.23812
      880.000     -8.52923
      900.000     -9.19068
      920.000     -9.83221
      940.000     -10.2851
      960.000     -10.7718
      980.000     -10.5780
      1000.00     -11.1830
      1020.00     -9.91130
      1040.00     -10.2582
      1060.00     -9.12811
      1080.00     -9.27819
      1100.00     -8.62966
      1120.00     -7.52798
      1140.00     -6.87305
      1160.00     -7.95360
      1180.00     -7.69693
      1200.00     -8.63079
      1220.00     -10.1427
      1240.00     -11.2184
      1260.00     -10.8250
      1280.00     -11.2242
      1300.00     -11.1220
      1320.00     -9.35998
      1340.00     -8.22792
      1360.00     -7.11719
      1380.00     -7.18806
      1400.00     -7.25460
      1420.00     -7.36122
      1440.00     -7.12731
      1460.00     -9.05026
      1480.00     -8.47965
      1500.00     -9.97311
      1520.00     -10.8671
      1540.00     -11.2642
      1560.00     -11.6924
      1580.00     -10.4097
      1600.00     -10.0388
      1620.00     -10.4127
      1640.00     -9.35810
      1660.00     -8.60290
      1680.00     -8.96234
      1700.00     -9.47198
      1720.00     -9.02209
      1740.00     -8.26840
      1760.00     -9.69542
      1780.00     -9.02664
      1800.00     -9.74414
      1820.00     -10.5909
      1840.00     -11.5595
      1860.00     -11.0280
      1880.00     -10.7088
      1900.00     -9.91995
      1920.00     -8.53830
      1940.00     -7.45310
      1960.00     -6.14479
      1980.00     -5.55721
      2000.00     -6.40494
      2020.00     -6.79479
      2040.00     -9.00881
      2060.00     -8.62205
      2080.00     -10.7315
      2100.00     -12.5055
      2120.00     -13.2268
      2140.00     -12.2881
      2160.00     -10.5464
      2180.00     -8.11842
      2200.00     -8.18584
      2220.00     -6.81196
      2240.00     -6.14603
      2260.00     -6.23682
      2280.00     -7.16396
      2300.00     -8.02051
      2320.00     -8.14451
      2340.00     -8.95406
      2360.00     -9.92600
      2380.00     -10.4648
      2400.00     -11.8440
      2420.00     -11.8936
      2440.00     -11.4617
      2460.00     -10.3504
      2480.00     -9.29511
      2500.00     -8.63408
      2520.00     -7.65837
      2540.00     -7.71698
      2560.00     -7.04398
      2580.00     -8.63531
      2600.00     -7.21124
      2620.00     -8.84420
      2640.00     -9.09832
      2660.00     -10.3563
      2680.00     -10.9656
      2700.00     -11.8801
      2720.00     -9.93142
      2740.00     -9.88972
      2760.00     -9.98010
      2780.00     -8.75288
      2800.00     -9.13038
      2820.00     -9.86635
      2840.00     -9.01147
      2860.00     -9.89383
      2880.00     -9.56216
      2900.00     -9.73165
      2920.00     -9.53807
      2940.00     -9.08793
      2960.00     -8.97464
      2980.00     -8.96020
      3000.00     -9.89326
      3020.00     -9.91291
      3040.00     -10.9409
      3060.00     -10.4835
      3080.00     -10.5062
      3100.00     -9.70116
      3120.00     -8.63189
      3140.00     -9.58135
      3160.00     -9.34023
      3180.00     -9.88119
      3200.00     -9.59883
      3220.00     -9.05800
      3240.00     -7.99632
      3260.00     -7.06039
      3280.00     -7.82938
      3300.00     -7.45859
      3320.00     -8.92829
      3340.00     -10.0103
      3360.00     -10.7321
      3380.00     -12.0687
      3400.00     -11.9553
      3420.00     -11.6672
      3440.00     -10.6956
      3460.00     -9.52900
      3480.00     -8.99702
      3500.00     -6.96267
      3520.00     -6.35829
      3540.00     -5.95772
      3560.00     -6.68876
      3580.00     -7.91394
      3600.00     -8.52541
      3620.00     -10.6567
      3640.00     -11.6880
      3660.00     -12.2995
      3680.00     -12.3276
      3700.00     -11.7485
      3720.00     -10.9694
      3740.00     -9.01981
      3760.00     -8.89888
      3780.00     -7.78516
      3800.00     -8.24212
      3820.00     -7.08885
      3840.00     -6.55491
      3860.00     -7.77784
      3880.00     -7.22823
      3900.00     -9.50443
      3920.00     -11.1160
      3940.00     -10.6552
      3960.00     -11.3163
      3980.00     -10.1075
      4000.00     -9.56507
      4020.00     -8.37917
      4040.00     -8.23390
      4060.00     -7.67825
      4080.00     -6.88352
      4100.00     -8.01227
      4120.00     -8.24498
      4140.00     -8.96425
      4160.00     -9.32693
      4180.00     -8.42943
      4200.00     -7.70075
      4220.00     -7.76478
      4240.00     -8.58659
      4260.00     -8.50626
      4280.00     -8.13517
      4300.00     -9.06017
      4320.00     -8.48721
      4340.00     -10.0771
      4360.00     -9.85694
      4380.00     -9.88726
      4400.00     -8.69820
      4420.00     -9.68415
      4440.00     -9.27513
      4460.00     -9.08666
      4480.00     -7.52382
      4500.00     -7.69976
      4520.00     -8.80496
      4540.00     -7.89541
      4560.00     -9.18836
      4580.00     -7.62288
      4600.00     -8.96055
      4620.00     -8.14376
      4640.00     -8.58583
      4660.00     -8.81497
      4680.00     -8.91473
      4700.00     -9.98419
      4720.00     -10.1708
      4740.00     -10.6871
      4760.00     -9.87080
      4780.00     -10.5834
      4800.00     -8.82221
      4820.00     -7.55975
      4840.00     -6.97542
      4860.00     -6.14157
      4880.00     -6.35301
      4900.00     -6.25090
      4920.00     -8.05217
      4940.00     -8.40135
      4960.00     -9.27501
      4980.00     -9.75235
      5000.00     -9.99783
      5020.00     -9.68727
      5040.00     -9.21847
      5060.00     -9.26132
      5080.00     -8.44724
      5100.00     -7.93194
      5120.00     -7.86382
      5140.00     -7.90634
      5160.00     -8.36686
      5180.00     -8.77835
      5200.00     -9.45187
      5220.00     -9.41031
      5240.00     -10.1724
      5260.00     -9.08733
      5280.00     -8.77672
      5300.00     -7.05716
      5320.00     -7.87787
      5340.00     -6.79774
      5360.00     -6.36932
      5380.00     -7.40246
      5400.00     -8.36787
      5420.00     -10.2825
      5440.00     -9.60711
      5460.00     -10.2886
      5480.00     -9.45155
      5500.00     -9.94409
      5520.00     -8.28540
      5540.00     -7.94503
      5560.00     -8.68496
      5580.00     -9.19482
      5600.00     -9.32823
      5620.00     -8.95807
      5640.00     -8.12132
      5660.00     -7.45914
      5680.00     -7.20067
      5700.00     -7.21835
      5720.00     -7.78785
      5740.00     -8.08853
      5760.00     -7.84634
      5780.00     -7.80126
      5800.00     -8.36874
      5820.00     -8.94294
      5840.00     -10.0602
      5860.00     -10.1530
      5880.00     -10.0469
      5900.00     -9.23123
      5920.00     -9.74061
      5940.00     -10.1021
      5960.00     -8.49954
      5980.00     -7.67550
      6000.00     -7.07346
      6020.00     -6.94920
      6040.00     -7.78017
      6060.00     -9.07246
      6080.00     -9.52483
      6100.00     -8.07317
      6120.00     -8.70806
      6140.00     -9.33412
      6160.00     -8.40397
      6180.00     -9.57172
      6200.00     -9.21372
      6220.00     -8.37757
      6240.00     -8.79491
      6260.00     -9.80405
      6280.00     -9.75022
      6300.00     -9.34031
      6320.00     -8.80899
      6340.00     -7.82745
      6360.00     -6.99767
      6380.00     -7.33825
      6400.00     -7.65778
      6420.00     -7.93603
      6440.00     -8.43338
      6460.00     -10.4517
      6480.00     -9.97179
      6500.00     -10.0736
      6520.00     -11.3301
      6540.00     -10.6248
      6560.00     -9.22654
      6580.00     -8.82154
      6600.00     -8.14361
      6620.00     -8.52764
      6640.00     -8.38201
      6660.00     -8.65954
      6680.00     -8.33146
      6700.00     -7.90001
      6720.00     -9.18123
      6740.00     -8.53212
      6760.00     -10.6369
      6780.00     -10.8322
      6800.00     -10.1731
      6820.00     -10.1788
      6840.00     -9.43814
      6860.00     -8.86590
      6880.00     -7.34033
      6900.00     -7.71732
      6920.00     -7.23912
      6940.00     -7.75534
      6960.00     -7.53503
      6980.00     -7.33775
      7000.00     -7.65417
      7020.00     -10.6025
      7040.00     -11.4564
      7060.00     -12.1729
      7080.00     -11.8540
      7100.00     -11.6625
      7120.00     -10.1435
      7140.00     -8.79075
      7160.00     -8.35126
      7180.00     -8.55052
      7200.00     -8.59736
      7220.00     -8.97291
      7240.00     -8.28087
      7260.00     -9.77557
      7280.00     -9.09129
      7300.00     -8.53367
      7320.00     -9.10224
      7340.00     -8.51067
      7360.00     -9.17600
      7380.00     -9.06237
      7400.00     -11.0514
      7420.00     -11.4526
      7440.00     -11.6003
      7460.00     -12.6580
      7480.00     -9.18228
      7500.00     -8.98600
      7520.00     -8.83566
      7540.00     -7.58713
      7560.00     -7.07958
      7580.00     -6.87083
      7600.00     -7.94100
      7620.00     -7.68857
      7640.00     -8.49722
      7660.00     -8.36196
      7680.00     -8.23589
      7700.00     -9.13438
      7720.00     -10.8432
      7740.00     -9.82942
      7760.00     -9.99327
      7780.00     -9.58102
      7800.00     -9.51304
      7820.00     -8.77259
      7840.00     -6.70629
      7860.00     -6.45632
      7880.00     -6.18020
      7900.00     -6.37822
      7920.00     -7.53052
      7940.00     -8.70326
      7960.00     -10.4486
      7980.00     -10.9544
      8000.00     -11.4798
      8020.00     -11.7979
      8040.00     -10.1917
      8060.00     -8.69719
      8080.00     -8.94905
      8100.00     -6.02138
      8120.00     -6.62970
      8140.00     -6.34931
      8160.00     -7.42260
      8180.00     -7.32128
      8200.00     -8.67289
      8220.00     -8.56522
      8240.00     -9.49433
      8260.00     -10.9429
      8280.00     -10.9518
      8300.00     -11.8978
      8320.00     -13.0768
      8340.00     -13.5793
      8360.00     -11.1330
      8380.00     -11.2917
      8400.00     -9.66125
      8420.00     -8.00230
      8440.00     -8.70801
      8460.00     -7.22720
      8480.00     -8.37575
      8500.00     -8.45418
      8520.00     -9.60407
      8540.00     -9.71667
      8560.00     -10.6480
      8580.00     -10.6025
      8600.00     -11.7155
      8620.00     -10.9819
      8640.00     -11.1285
      8660.00     -9.84043
      8680.00     -9.38147
      8700.00     -9.29276
      8720.00     -9.31443
      8740.00     -8.63080
      8760.00     -7.60187
      8780.00     -7.80356
      8800.00     -9.46466
      8820.00     -10.8428
      8840.00     -11.6337
      8860.00     -9.88818
      8880.00     -10.3373
      8900.00     -9.19818
      8920.00     -8.78638
      8940.00     -8.56344
      8960.00     -8.71739
      8980.00     -8.58266
      9000.00     -7.78122
      9020.00     -7.66537
      9040.00     -7.75112
      9060.00     -9.22080
      9080.00     -9.70890
      9100.00     -10.5194
      9120.00     -10.9765
      9140.00     -10.7373
      9160.00     -10.5363
      9180.00     -10.9512
      9200.00     -9.12809
      9220.00     -8.06070
      9240.00     -8.03587
      9260.00     -7.31582
      9280.00     -7.84045
      9300.00     -8.05069
      9320.00     -8.54172
      9340.00     -11.8103
      9360.00     -11.4914
      9380.00     -11.2542
      9400.00     -9.52430
      9420.00     -9.70895
      9440.00     -7.89361
      9460.00     -8.58478
      9480.00     -9.04614
      9500.00     -7.18789
      9520.00     -8.94404
      9540.00     -9.53667
      9560.00     -9.99175
      9580.00     -9.33031
      9600.00     -10.8049
      9620.00     -9.87979
      9640.00     -10.1168
      9660.00     -9.03998
      9680.00     -10.2435
      9700.00     -9.88721
      9720.00     -8.73215
      9740.00     -10.1490
      9760.00     -9.09754
      9780.00     -9.63518
      9800.00     -8.99794
      9820.00     -10.1770
      9840.00     -9.49507
      9860.00     -9.83499
      9880.00     -8.59452
      9900.00     -10.2435
      9920.00     -11.5001
      9940.00     -10.0298
      9960.00     -9.62216
      9980.00     -10.2305
      10000.0     -9.64722
      10020.0     -8.07361
      10040.0     -7.66333
      10060.0     -7.18703
      10080.0     -6.93725
      10100.0     -6.43465
      10120.0     -8.34388
      10140.0     -9.27423
      10160.0     -9.74416
      10180.0     -11.2888
      10200.0     -12.4386
      10220.0     -11.2814
      10240.0     -9.75072
      10260.0     -10.2350
      10280.0     -9.89867
      10300.0     -9.26928
      10320.0     -9.17309
      10340.0     -9.30332
      10360.0     -9.08970
      10380.0     -9.87285
      10400.0     -8.17207
      10420.0     -7.30713
      10440.0     -6.88591
      10460.0     -10.0697
      10480.0     -9.82289
      10500.0     -9.51487
      10520.0     -9.83909
      10540.0     -11.1014
      10560.0     -9.73946
      10580.0     -9.64747
      10600.0     -9.40566
      10620.0     -9.71929
      10640.0     -9.17675
      10660.0     -9.39453
      10680.0     -6.71900
      10700.0     -7.82023
      10720.0     -8.58577
      10740.0     -8.61368
      10760.0     -9.25748
      10780.0     -9.37911
      10800.0     -9.88310
      10820.0     -8.48104
      10840.0     -8.96233
      10860.0     -9.48467
      10880.0     -9.64458
      10900.0     -9.54489
      10920.0     -9.82322
      10940.0     -9.38214
      10960.0     -8.69583
      10980.0     -7.42220
      11000.0     -8.11577
      11020.0     -7.21971
      11040.0     -7.82333
      11060.0     -7.38344
      11080.0     -8.11610
      11100.0     -9.09636
      11120.0     -10.0373
      11140.0     -11.3687
      11160.0     -10.1802
      11180.0     -10.8544
      11200.0     -9.56975
      11220.0     -8.24609
      11240.0     -8.49515
      11260.0     -8.63574
      11280.0     -8.24934
      11300.0     -7.84133
      11320.0     -7.50492
      11340.0     -7.33749
      11360.0     -9.77109
      11380.0     -8.77402
      11400.0     -8.26525
      11420.0     -8.72009
      11440.0     -10.1663
      11460.0     -10.0436
      11480.0     -10.4388
      11500.0     -10.1481
      11520.0     -10.4088
      11540.0     -8.91367
      11560.0     -8.07081
      11580.0     -8.08750
      11600.0     -8.51001
      11620.0     -8.49331
      11640.0     -9.41218
      11660.0     -10.8410
      11680.0     -11.0841
      11700.0     -10.7762
      11720.0     -10.4252
      11740.0     -8.64611
      11760.0     -6.57923
      11780.0     -6.78524
      11800.0     -6.42579
      11820.0     -8.11426
      11840.0     -7.91229
      11860.0     -8.86350
      11880.0     -11.4777
      11900.0     -10.2330
      11920.0     -11.0086
      11940.0     -10.6163
      11960.0     -8.81512
      11980.0     -9.25719
      12000.0     -10.1411
      12020.0     -8.81162
      12040.0     -9.12004
      12060.0     -7.60165
      12080.0     -7.72883
      12100.0     -6.66333
      12120.0     -7.47651
      12140.0     -7.83516
      12160.0     -7.42150
      12180.0     -8.32268
      12200.0     -10.1928
      12220.0     -10.2414
      12240.0     -11.8104
      12260.0     -11.2474
      12280.0     -10.4202
      12300.0     -10.6016
      12320.0     -10.2146
      12340.0     -10.0535
      12360.0     -8.46041
      12380.0     -7.24693
      12400.0     -8.90889
      12420.0     -8.32440
      12440.0     -7.53188
      12460.0     -9.14812
      12480.0     -10.4695
      12500.0     -10.4974
      12520.0     -9.59756
      12540.0     -11.1613
      12560.0     -11.7082
      12580.0     -11.0921
      12600.0     -10.4556
      12620.0     -10.9537
      12640.0     -10.1669
      12660.0     -9.34684
      12680.0     -10.3619
      12700.0     -8.45709
      12720.0     -7.22500
      12740.0     -8.24184
      12760.0     -8.27357
      12780.0     -9.52707
      12800.0     -9.81714
      12820.0     -9.95670
      12840.0     -10.2854
      12860.0     -10.3675
      12880.0     -9.83675
      12900.0     -7.98918
      12920.0     -9.00476
      12940.0     -6.81038
      12960.0     -8.58205
      12980.0     -8.70577
      13000.0     -9.46341
      13020.0     -9.43158
      13040.0     -10.3578
      13060.0     -8.46073
      13080.0     -11.1938
      13100.0     -10.9529
      13120.0     -9.77502
      13140.0     -10.7389
      13160.0     -9.59551
      13180.0     -10.0651
      13200.0     -8.89583
      13220.0     -8.08530
      13240.0     -8.30213
      13260.0     -8.76915
      13280.0     -10.7585
      13300.0     -11.2434
      13320.0     -10.3303
      13340.0     -9.19674
      13360.0     -10.1616
      13380.0     -8.95547
      13400.0     -8.18737
      13420.0     -9.55918
      13440.0     -8.40145
      13460.0     -9.69603
      13480.0     -8.96863
      13500.0     -9.76092
      13520.0     -10.0835
      13540.0     -9.61662
      13560.0     -8.66339
      13580.0     -9.12531
      13600.0     -8.87888
      13620.0     -7.75769
      13640.0     -8.27316
      13660.0     -7.54963
      13680.0     -7.72122
      13700.0     -8.62508
      13720.0     -8.95839
      13740.0     -7.83251
      13760.0     -9.36169
      13780.0     -8.62885
      13800.0     -8.36602
      13820.0     -9.25554
      13840.0     -9.31247
      13860.0     -10.0532
      13880.0     -12.3781
      13900.0     -9.47506
      13920.0     -9.94255
      13940.0     -9.86221
      13960.0     -10.0414
      13980.0     -8.82510
      14000.0     -7.97968
      14020.0     -7.29640
      14040.0     -7.22962
      14060.0     -8.04196
      14080.0     -7.63592
      14100.0     -8.26219
      14120.0     -9.11425
      14140.0     -9.41999
      14160.0     -9.42615
      14180.0     -8.89866
      14200.0     -10.0628
      14220.0     -10.0604
      14240.0     -10.0186
      14260.0     -9.47511
      14280.0     -8.77620
      14300.0     -8.95293
      14320.0     -8.46874
      14340.0     -7.36124
      14360.0     -7.40410
      14380.0     -7.22015
      14400.0     -9.95733
      14420.0     -10.4373
      14440.0     -10.1521
      14460.0     -9.79202
      14480.0     -9.75106
      14500.0     -8.79151
      14520.0     -8.36517
      14540.0     -7.62572
      14560.0     -7.39566
      14580.0     -8.01389
      14600.0     -7.35245
      14620.0     -8.28975
      14640.0     -9.49994
      14660.0     -10.3789
      14680.0     -10.0339
      14700.0     -10.6425
      14720.0     -11.9273
      14740.0     -10.2816
      14760.0     -9.11286
      14780.0     -9.46647
      14800.0     -6.95460
      14820.0     -8.24031
      14840.0     -7.66605
      14860.0     -9.03432
      14880.0     -9.10390
      14900.0     -8.84442
      14920.0     -8.29028
      14940.0     -9.16787
      14960.0     -8.24585
      14980.0     -10.5148
      15000.0     -9.57909
      15020.0     -10.0062
      15040.0     -10.0354
      15060.0     -10.0002
      15080.0     -8.77296
      15100.0     -8.50645
      15120.0     -9.35293
      15140.0     -9.07665
      15160.0     -7.22630
      15180.0     -7.29841
      15200.0     -8.09718
      15220.0     -6.85558
      15240.0     -8.26095
      15260.0     -7.47500
      15280.0     -8.94356
      15300.0     -9.07469
      15320.0     -8.87973
      15340.0     -7.93485
      15360.0     -8.26121
      15380.0     -9.13611
      15400.0     -8.62891
      15420.0     -8.63682
      15440.0     -8.42005
      15460.0     -8.87981
      15480.0     -8.52449
      15500.0     -9.04611
      15520.0     -7.59159
      15540.0     -9.53398
      15560.0     -8.57082
      15580.0     -8.87888
      15600.0     -8.54276
      15620.0     -8.14204
      15640.0     -7.67139
      15660.0     -7.96480
      15680.0     -6.23004
      15700.0     -6.42958
      15720.0     -5.87931
      15740.0     -4.96690
      15760.0     -6.28278
      15780.0     -6.61235
      15800.0     -9.55846
      15820.0     -8.90690
      15840.0     -10.7677
      15860.0     -10.3599
      15880.0     -9.28540
      15900.0     -9.09596
      15920.0     -7.50110
      15940.0     -6.11455
      15960.0     -5.84081
      15980.0     -6.04596
      16000.0     -6.01208
      16020.0     -7.92222
      16040.0     -8.13748
      16060.0     -9.73654
      16080.0     -8.99101
      16100.0     -10.4363
      16120.0     -9.52710
      16140.0     -9.81534
      16160.0     -9.14209
      16180.0     -8.34866
      16200.0     -8.40592
      16220.0     -7.75531
      16240.0     -7.50214
      16260.0     -5.62423
      16280.0     -6.09255
      16300.0     -7.24279
      16320.0     -7.50685
      16340.0     -8.62491
      16360.0     -9.66260
      16380.0     -9.70993
      16400.0     -10.0460
      16420.0     -11.0656
      16440.0     -10.1506
      16460.0     -8.79426
      16480.0     -6.10754
      16500.0     -5.33104
      16520.0     -5.45494
      16540.0     -6.58271
      16560.0     -6.10491
      16580.0     -7.40537
      16600.0     -6.82657
      16620.0     -9.36613
      16640.0     -9.43142
      16660.0     -9.02648
      16680.0     -9.95192
      16700.0     -9.87361
      16720.0     -8.71047
      16740.0     -7.26762
      16760.0     -7.91200
      16780.0     -6.09603
      16800.0     -5.54734
      16820.0     -5.21749
      16840.0     -6.59092
      16860.0     -6.67142
      16880.0     -6.60764
      16900.0     -8.31722
      16920.0     -8.83444
      16940.0     -8.96789
      16960.0     -9.04227
      16980.0     -7.91356
      17000.0     -8.84728
      17020.0     -9.67943
      17040.0     -9.71997
      17060.0     -7.67171
      17080.0     -6.10232
      17100.0     -6.36024
      17120.0     -5.44135
      17140.0     -5.94533
      17160.0     -7.09660
      17180.0     -8.74630
      17200.0     -8.53675
      17220.0     -9.59496
      17240.0     -9.82825
      17260.0     -8.37111
      17280.0     -8.61188
      17300.0     -9.17640
      17320.0     -8.07268
      17340.0     -8.49209
      17360.0     -9.25122
      17380.0     -8.25398
      17400.0     -9.06168
      17420.0     -7.48270
      17440.0     -7.85316
      17460.0     -8.07461
      17480.0     -8.16983
      17500.0     -8.32535
      17520.0     -7.68610
      17540.0     -8.16035
      17560.0     -8.32540
      17580.0     -9.18176
      17600.0     -9.48329
      17620.0     -8.54107
      17640.0     -8.11044
      17660.0     -8.92985
      17680.0     -8.40833
      17700.0     -8.81847
      17720.0     -9.56224
      17740.0     -9.25667
      17760.0     -7.90628
      17780.0     -7.43733
      17800.0     -7.33168
      17820.0     -5.62471
      17840.0     -6.16720
      17860.0     -5.72042
      17880.0     -5.81996
      17900.0     -8.06918
      17920.0     -8.71201
      17940.0     -9.68791
      17960.0     -7.98346
      17980.0     -8.44352
      18000.0     -8.58443
      18020.0     -6.16019
      18040.0     -7.06343
      18060.0     -7.11797
      18080.0     -6.14994
      18100.0     -7.35096
      18120.0     -7.48979
      18140.0     -8.08433
      18160.0     -9.62185
      18180.0     -8.06606
      18200.0     -9.45812
      18220.0     -9.43767
      18240.0     -9.92532
      18260.0     -7.76370
      18280.0     -7.76510
      18300.0     -6.88877
      18320.0     -4.97499
      18340.0     -5.72064
      18360.0     -5.28844
      18380.0     -6.39182
      18400.0     -7.99191
      18420.0     -6.42520
      18440.0     -7.74105
      18460.0     -8.43704
      18480.0     -8.10214
      18500.0     -9.23675
      18520.0     -7.71844
      18540.0     -8.89344
      18560.0     -7.98211
      18580.0     -6.59984
      18600.0     -7.63121
      18620.0     -6.33841
      18640.0     -6.50339
      18660.0     -8.01518
      18680.0     -7.88549
      18700.0     -7.66622
      18720.0     -9.41273
      18740.0     -8.65943
      18760.0     -7.41337
      18780.0     -6.16750
      18800.0     -7.17905
      18820.0     -6.69532
      18840.0     -7.41422
      18860.0     -7.93660
      18880.0     -7.87361
      18900.0     -7.49467
      18920.0     -7.68782
      18940.0     -7.62171
      18960.0     -6.96924
      18980.0     -7.04540
      19000.0     -5.55881
      19020.0     -5.72343
      19040.0     -6.00703
      19060.0     -6.65638
      19080.0     -6.83208
      19100.0     -8.05429
      19120.0     -7.78750
      19140.0     -8.01817
      19160.0     -6.62273
      19180.0     -4.91059
      19200.0     -5.18904
      19220.0     -5.96126
      19240.0     -8.02594
      19260.0     -10.0843
      19280.0     -9.54516
      19300.0     -10.1269
      19320.0     -10.0962
      19340.0     -7.83702
      19360.0     -6.93128
      19380.0     -4.25502
      19400.0     -3.30024
      19420.0     -5.05324
      19440.0     -6.04190
      19460.0     -6.48056
      19480.0     -7.35320
      19500.0     -8.74223
      19520.0     -10.2949
      19540.0     -9.62007
      19560.0     -10.3501
      19580.0     -9.22775
      19600.0     -8.87090
      19620.0     -8.32984
      19640.0     -7.27960
      19660.0     -7.02359
      19680.0     -6.09234
      19700.0     -6.56636
      19720.0     -6.77809
      19740.0     -7.47250
      19760.0     -5.63945
      19780.0     -6.73307
      19800.0     -5.74999
      19820.0     -7.38147
      19840.0     -7.55642
      19860.0     -7.85195
      19880.0     -7.94672
      19900.0     -8.17055
      19920.0     -9.14996
      19940.0     -9.40314
      19960.0     -8.10146
      19980.0     -6.67076
      20000.0     -8.00282
      20020.0     -7.94844
      20040.0     -6.47630
      20060.0     -7.90126
      20080.0     -7.67092
      20100.0     -8.08428
      20120.0     -7.37809
      20140.0     -6.29702
      20160.0     -6.07354
      20180.0     -6.83360
      20200.0     -6.38950
      20220.0     -5.86725
      20240.0     -6.40813
      20260.0     -6.89370
      20280.0     -7.83093
      20300.0     -8.72767
      20320.0     -8.37422
      20340.0     -8.74870
      20360.0     -9.52667
      20380.0     -9.78802
      20400.0     -10.1654
      20420.0     -7.62703
      20440.0     -7.94130
      20460.0     -7.05844
      20480.0     -6.71490
      20500.0     -6.73981
      20520.0     -6.87750
      20540.0     -5.06392
      20560.0     -6.60838
      20580.0     -6.82734
      20600.0     -8.31851
      20620.0     -7.87819
      20640.0     -9.88334
      20660.0     -8.16729
      20680.0     -7.87775
      20700.0     -8.26844
      20720.0     -7.11235
      20740.0     -6.53233
      20760.0     -6.49553
      20780.0     -7.51317
      20800.0     -7.84911
      20820.0     -7.15953
      20840.0     -7.44007
      20860.0     -6.84220
      20880.0     -6.20677
      20900.0     -6.21387
      20920.0     -6.86527
      20940.0     -7.85197
      20960.0     -8.31145
      20980.0     -9.48481
      21000.0     -9.31736
      21020.0     -9.41089
      21040.0     -9.11825
      21060.0     -8.84989
      21080.0     -9.02567
      21100.0     -7.60945
      21120.0     -7.26863
      21140.0     -5.32890
      21160.0     -6.15267
      21180.0     -5.99296
      21200.0     -5.62493
      21220.0     -7.92882
      21240.0     -7.92918
      21260.0     -8.13694
      21280.0     -8.69944
      21300.0     -8.95053
      21320.0     -8.54233
      21340.0     -7.43317
      21360.0     -7.46659
      21380.0     -6.57252
      21400.0     -7.24981
      21420.0     -6.61577
      21440.0     -7.10464
      21460.0     -6.50998
      21480.0     -7.05717
      21500.0     -6.66070
      21520.0     -7.39364
      21540.0     -6.05970
      21560.0     -6.86233
      21580.0     -6.66317
      21600.0     -7.32086
      21620.0     -8.48890
      21640.0     -9.35009
      21660.0     -9.43716
      21680.0     -9.36329
      21700.0     -8.53795
      21720.0     -8.64892
      21740.0     -8.31120
      21760.0     -8.03542
      21780.0     -6.83419
      21800.0     -5.86617
      21820.0     -5.74550
      21840.0     -5.96437
      21860.0     -5.47199
      21880.0     -4.98103
      21900.0     -6.09628
      21920.0     -7.50404
      21940.0     -10.1603
      21960.0     -10.1003
      21980.0     -11.0308
      22000.0     -10.1557
      22020.0     -8.82815
      22040.0     -6.74801
      22060.0     -6.22219
      22080.0     -7.35496
      22100.0     -6.53182
      22120.0     -7.15922
      22140.0     -7.81373
      22160.0     -7.90099
      22180.0     -7.23079
      22200.0     -6.98218
      22220.0     -7.38438
      22240.0     -7.96839
      22260.0     -9.82226
      22280.0     -11.5334
      22300.0     -10.8902
      22320.0     -12.1786
      22340.0     -10.0640
      22360.0     -8.93717
      22380.0     -5.58548
      22400.0     -7.39691
      22420.0     -6.53539
      22440.0     -4.74419
      22460.0     -4.37427
      22480.0     -4.51926
      22500.0     -5.90551
      22520.0     -6.48280
      22540.0     -8.76439
      22560.0     -8.94254
      22580.0     -9.74597
      22600.0     -9.32844
      22620.0     -8.83168
      22640.0     -7.49178
      22660.0     -7.10272
      22680.0     -7.48732
      22700.0     -6.07176
      22720.0     -7.43302
      22740.0     -8.56936
      22760.0     -9.34379
      22780.0     -9.69893
      22800.0     -9.41524
      22820.0     -9.24584
      22840.0     -8.30674
      22860.0     -7.77593
      22880.0     -7.23346
      22900.0     -6.54866
      22920.0     -6.28032
      22940.0     -8.04090
      22960.0     -8.68002
      22980.0     -8.06688
      23000.0     -9.46417
      23020.0     -7.88815
      23040.0     -7.94118
      23060.0     -7.95645
      23080.0     -7.57458
      23100.0     -7.38695
      23120.0     -7.69999
      23140.0     -8.25094
      23160.0     -9.58635
      23180.0     -9.41368
      23200.0     -9.86877
      23220.0     -10.8362
      23240.0     -9.81169
      23260.0     -9.14068
      23280.0     -7.89632
      23300.0     -6.53153
      23320.0     -5.96396
      23340.0     -4.53217
      23360.0     -5.21844
      23380.0     -6.61660
      23400.0     -6.78693
      23420.0     -7.10198
      23440.0     -7.92240
      23460.0     -8.11088
      23480.0     -9.46587
      23500.0     -7.65032
      23520.0     -8.00324
      23540.0     -8.10576
      23560.0     -7.56482
      23580.0     -6.61328
      23600.0     -6.92736
      23620.0     -7.75081
      23640.0     -8.26225
      23660.0     -7.85910
      23680.0     -8.54579
      23700.0     -8.16864
      23720.0     -8.86088
      23740.0     -8.42812
      23760.0     -7.01348
      23780.0     -7.43772
      23800.0     -6.51375
      23820.0     -6.24478
      23840.0     -7.18046
      23860.0     -7.14923
      23880.0     -8.72040
      23900.0     -9.28937
      23920.0     -10.0225
      23940.0     -10.2008
      23960.0     -9.28037
      23980.0     -7.67578
      24000.0     -7.44121
      24020.0     -7.23978
      24040.0     -7.16159
      24060.0     -7.48824
      24080.0     -6.47926
      24100.0     -8.53989
      24120.0     -6.78481
      24140.0     -7.21716
      24160.0     -5.74640
      24180.0     -6.56629
      24200.0     -6.56749
      24220.0     -7.33341
      24240.0     -8.03928
      24260.0     -8.45944
      24280.0     -9.75712
      24300.0     -8.51237
      24320.0     -9.03545
      24340.0     -8.57347
      24360.0     -8.08722
      24380.0     -7.82516
      24400.0     -6.79711
      24420.0     -5.93344
      24440.0     -5.65449
      24460.0     -6.33485
      24480.0     -6.73025
      24500.0     -7.25363
      24520.0     -7.06320
      24540.0     -7.72801
      24560.0     -7.30331
      24580.0     -7.11360
      24600.0     -6.22378
      24620.0     -6.44450
      24640.0     -7.75683
      24660.0     -6.74627
      24680.0     -8.16381
      24700.0     -8.70210
      24720.0     -8.54658
      24740.0     -10.0192
      24760.0     -9.59294
      24780.0     -7.63473
      24800.0     -7.33779
      24820.0     -6.55228
      24840.0     -5.84636
      24860.0     -5.89276
      24880.0     -5.06051
      24900.0     -4.80118
      24920.0     -6.69248
      24940.0     -4.88143
      24960.0     -8.13088
      24980.0     -7.50804
      25000.0     -8.81949
      25020.0     -9.23303
      25040.0     -9.83199
      25060.0     -8.92678
      25080.0     -9.53843
      25100.0     -8.40859
      25120.0     -8.13752
      25140.0     -8.28036
      25160.0     -6.89365
      25180.0     -6.99168
      25200.0     -7.15051
      25220.0     -6.62355
      25240.0     -6.76161
      25260.0     -8.27386
      25280.0     -7.20000
      25300.0     -8.67745
      25320.0     -8.08342
      25340.0     -9.39018
      25360.0     -8.44163
      25380.0     -9.54536
      25400.0     -8.56324
      25420.0     -8.36461
      25440.0     -6.34101
      25460.0     -6.03998
      25480.0     -5.72572
      25500.0     -6.19326
      25520.0     -7.86477
      25540.0     -7.84951
      25560.0     -8.60256
      25580.0     -7.77058
      25600.0     -8.32741
      25620.0     -7.24663
      25640.0     -8.01354
      25660.0     -7.66643
      25680.0     -7.62074
      25700.0     -8.11585
      25720.0     -8.30406
      25740.0     -9.57391
      25760.0     -8.40415
      25780.0     -8.63588
      25800.0     -6.55537
      25820.0     -7.51505
      25840.0     -5.37256
      25860.0     -5.32217
      25880.0     -5.61002
      25900.0     -6.79806
      25920.0     -6.42047
      25940.0     -8.33937
      25960.0     -6.51221
      25980.0     -7.72140
      26000.0     -8.91442
      26020.0     -9.28069
      26040.0     -9.94196
      26060.0     -9.38518
      26080.0     -8.10770
      26100.0     -7.35712
      26120.0     -6.32118
      26140.0     -5.17795
      26160.0     -6.03607
      26180.0     -6.76356
      26200.0     -8.76400
      26220.0     -8.40330
      26240.0     -7.81409
      26260.0     -8.49084
      26280.0     -8.86931
      26300.0     -8.53241
      26320.0     -6.42874
      26340.0     -7.08296
      26360.0     -6.81942
      26380.0     -6.97997
      26400.0     -7.77342
      26420.0     -6.85057
      26440.0     -8.87107
      26460.0     -8.61383
      26480.0     -9.56761
      26500.0     -9.18745
      26520.0     -9.66441
      26540.0     -8.62799
      26560.0     -7.04649
      26580.0     -7.66905
      26600.0     -5.74987
      26620.0     -5.00513
      26640.0     -5.64817
      26660.0     -7.52805
      26680.0     -6.86831
      26700.0     -7.42578
      26720.0     -9.36207
      26740.0     -9.50825
      26760.0     -9.29483
      26780.0     -10.3094
      26800.0     -9.60189
      26820.0     -9.34936
      26840.0     -7.22925
      26860.0     -7.15799
      26880.0     -6.69895
      26900.0     -6.38743
      26920.0     -6.85931
      26940.0     -5.59868
      26960.0     -4.94096
      26980.0     -5.93712
      27000.0     -6.05890
      27020.0     -6.72954
      27040.0     -7.51878
      27060.0     -8.82236
      27080.0     -10.9258
      27100.0     -9.36841
      27120.0     -8.95255
      27140.0     -9.71651
      27160.0     -8.74297
      27180.0     -6.37572
      27200.0     -7.04618
      27220.0     -5.54243
      27240.0     -6.74678
      27260.0     -7.81595
      27280.0     -6.78959
      27300.0     -8.21318
      27320.0     -8.10391
      27340.0     -8.28487
      27360.0     -6.28126
      27380.0     -7.48337
      27400.0     -7.07410
      27420.0     -7.84832
      27440.0     -8.21110
      27460.0     -7.14079
      27480.0     -7.43469
      27500.0     -7.39801
      27520.0     -6.79494
      27540.0     -5.52831
      27560.0     -6.54166
      27580.0     -7.99207
      27600.0     -7.71056
      27620.0     -8.07548
      27640.0     -8.88408
      27660.0     -8.47990
      27680.0     -7.04963
      27700.0     -7.68268
      27720.0     -5.45103
      27740.0     -5.31922
      27760.0     -5.63514
      27780.0     -6.85600
      27800.0     -7.48026
      27820.0     -6.34415
      27840.0     -7.14079
      27860.0     -7.79357
      27880.0     -7.19222
      27900.0     -6.83180
      27920.0     -6.46434
      27940.0     -7.78030
      27960.0     -7.50772
      27980.0     -8.82869
      28000.0     -8.70532
      28020.0     -6.99673
      28040.0     -6.85093
      28060.0     -6.01208
      28080.0     -6.33933
      28100.0     -6.49962
      28120.0     -6.14693
      28140.0     -7.04134
      28160.0     -7.01786
      28180.0     -7.57075
      28200.0     -6.81850
      28220.0     -7.69092
      28240.0     -6.71275
      28260.0     -5.15633
      28280.0     -6.55143
      28300.0     -8.31597
      28320.0     -7.55833
      28340.0     -8.83679
      28360.0     -8.23837
      28380.0     -9.08657
      28400.0     -7.55305
      28420.0     -7.61257
      28440.0     -8.25496
      28460.0     -8.04390
      28480.0     -6.59559
      28500.0     -8.00245
      28520.0     -7.29887
      28540.0     -7.41836
      28560.0     -7.04523
      28580.0     -6.11715
      28600.0     -6.23962
      28620.0     -7.13056
      28640.0     -5.83296
      28660.0     -7.69063
      28680.0     -8.63120
      28700.0     -8.81029
      28720.0     -10.0214
      28740.0     -9.15885
      28760.0     -8.14979
      28780.0     -9.22510
      28800.0     -6.28684
      28820.0     -5.48383
      28840.0     -3.85992
      28860.0     -3.09419
      28880.0     -3.68127
      28900.0     -4.67619
      28920.0     -6.50524
      28940.0     -9.19189
      28960.0     -7.47615
      28980.0     -8.53562
      29000.0     -8.21291
      29020.0     -8.61020
      29040.0     -8.08754
      29060.0     -7.49690
      29080.0     -5.67781
      29100.0     -5.89400
      29120.0     -6.15430
      29140.0     -6.30612
      29160.0     -5.43550
      29180.0     -5.50161
      29200.0     -7.02536
      29220.0     -7.22755
      29240.0     -8.07030
      29260.0     -8.26330
      29280.0     -9.06482
      29300.0     -8.80982
      29320.0     -7.54597
      29340.0     -8.17085
      29360.0     -7.57144
      29380.0     -5.72513
      29400.0     -5.87119
      29420.0     -5.50268
      29440.0     -6.23140
      29460.0     -6.14116
      29480.0     -8.10833
      29500.0     -7.48290
      29520.0     -9.09602
      29540.0     -8.97083
      29560.0     -7.06133
      29580.0     -7.42213
      29600.0     -6.74446
      29620.0     -7.01183
      29640.0     -7.55710
      29660.0     -4.94132
      29680.0     -6.49459
      29700.0     -7.09919
      29720.0     -6.59449
      29740.0     -5.70127
      29760.0     -7.91349
      29780.0     -7.03327
      29800.0     -7.53057
      29820.0     -7.96738
      29840.0     -8.50539
      29860.0     -7.97102
      29880.0     -7.99107
      29900.0     -7.14466
      29920.0     -9.11138
      29940.0     -7.11212
      29960.0     -7.32569
      29980.0     -6.28413
      30000.0     -6.93952
      30020.0     -4.45287
      30040.0     -6.23821
      30060.0     -6.63398
      30080.0     -7.02482
      30100.0     -7.84309
      30120.0     -7.28222
      30140.0     -9.18086
      30160.0     -7.79208
      30180.0     -7.99331
      30200.0     -8.57600
      30220.0     -8.35123
      30240.0     -7.43184
      30260.0     -6.30966
      30280.0     -6.48723
      30300.0     -7.35920
      30320.0     -7.39231
      30340.0     -7.21264
      30360.0     -8.40730
      30380.0     -9.35907
      30400.0     -8.39012
      30420.0     -8.04036
      30440.0     -8.19491
      30460.0     -7.31029
      30480.0     -5.84611
      30500.0     -5.80808
      30520.0     -4.75006
      30540.0     -6.19017
      30560.0     -6.07310
      30580.0     -6.30813
      30600.0     -6.94758
      30620.0     -8.91280
      30640.0     -9.56366
      30660.0     -9.14452
      30680.0     -8.79892
      30700.0     -10.6197
      30720.0     -7.64444
      30740.0     -6.87606
      30760.0     -5.12625
      30780.0     -5.61304
      30800.0     -5.13350
      30820.0     -4.38781
      30840.0     -4.76342
      30860.0     -6.83036
      30880.0     -7.28493
      30900.0     -8.03085
      30920.0     -8.31141
      30940.0     -10.5436
      30960.0     -10.1544
      30980.0     -9.96425
      31000.0     -8.70149
      31020.0     -9.10401
      31040.0     -5.93702
      31060.0     -5.08985
      31080.0     -5.58916
      31100.0     -5.22960
      31120.0     -6.55682
      31140.0     -6.78969
      31160.0     -8.06135
      31180.0     -8.36812
      31200.0     -10.6133
      31220.0     -10.3006
      31240.0     -8.83388
      31260.0     -7.95316
      31280.0     -7.72833
      31300.0     -6.51512
      31320.0     -4.24629
      31340.0     -4.21852
      31360.0     -3.75494
      31380.0     -5.53838
      31400.0     -6.75077
      31420.0     -7.52513
      31440.0     -8.04977
      31460.0     -9.35336
      31480.0     -9.37638
      31500.0     -10.0664
      31520.0     -8.87654
      31540.0     -9.10752
      31560.0     -8.27272
      31580.0     -6.76587
      31600.0     -5.85943
      31620.0     -4.90197
      31640.0     -4.76270
      31660.0     -4.65508
      31680.0     -6.00586
      31700.0     -6.56144
      31720.0     -7.33748
      31740.0     -8.25998
      31760.0     -8.29023
      31780.0     -9.72444
      31800.0     -9.46517
      31820.0     -8.94316
      31840.0     -7.76652
      31860.0     -7.14598
      31880.0     -7.43502
      31900.0     -4.99354
      31920.0     -6.19186
      31940.0     -6.79845
      31960.0     -6.60154
      31980.0     -7.80387
      32000.0     -7.40773
      32020.0     -6.85407
      32040.0     -9.27651
      32060.0     -8.40131
      32080.0     -8.03067
      32100.0     -7.46987
      32120.0     -8.10794
      32140.0     -8.76167
      32160.0     -8.54287
      32180.0     -8.15374
      32200.0     -9.06436
      32220.0     -8.72101
      32240.0     -7.70681
      32260.0     -8.43797
      32280.0     -7.20052
      32300.0     -8.04520
      32320.0     -7.91885
      32340.0     -8.04440
      32360.0     -7.06305
      32380.0     -8.21091
      32400.0     -7.17509
      32420.0     -6.89431
      32440.0     -8.23800
      32460.0     -9.43874
      32480.0     -10.2675
      32500.0     -10.1742
      32520.0     -9.17974
      32540.0     -9.19144
      32560.0     -6.07783
      32580.0     -5.87421
      32600.0     -4.32107
      32620.0     -5.21961
      32640.0     -5.88449
      32660.0     -7.95093
      32680.0     -8.89736
      32700.0     -9.87876
      32720.0     -9.97225
      32740.0     -10.7987
      32760.0     -10.5899
      32780.0     -10.1732
      32800.0     -8.72634
      32820.0     -6.36604
      32840.0     -5.33696
      32860.0     -4.14857
      32880.0     -5.34015
      32900.0     -6.26564
      32920.0     -7.89762
      32940.0     -8.53060
      32960.0     -9.84637
      32980.0     -9.70368
      33000.0     -10.4178
      33020.0     -10.6775
      33040.0     -9.49572
      33060.0     -9.13235
      33080.0     -7.55495
      33100.0     -6.79420
      33120.0     -6.07167
      33140.0     -5.18590
      33160.0     -5.61972
      33180.0     -6.81326
      33200.0     -7.07183
      33220.0     -8.16562
      33240.0     -10.4643
      33260.0     -9.43264
      33280.0     -10.5839
      33300.0     -9.84359
      33320.0     -9.36855
      33340.0     -8.69853
      33360.0     -8.01450
      33380.0     -6.82165
      33400.0     -6.52646
      33420.0     -6.92991
      33440.0     -6.71181
      33460.0     -5.94312
      33480.0     -7.04353
      33500.0     -8.95390
      33520.0     -8.99282
      33540.0     -8.69577
      33560.0     -8.24649
      33580.0     -8.35521
      33600.0     -7.48163
      33620.0     -7.58918
      33640.0     -6.57594
      33660.0     -5.43604
      33680.0     -6.46167
      33700.0     -4.99374
      33720.0     -5.90690
      33740.0     -5.80424
      33760.0     -7.75567
      33780.0     -8.22398
      33800.0     -9.51200
      33820.0     -10.6458
      33840.0     -10.5640
      33860.0     -11.4688
      33880.0     -9.28924
      33900.0     -8.62545
      33920.0     -7.82787
      33940.0     -5.83521
      33960.0     -5.79452
      33980.0     -6.12823
      34000.0     -6.97090
      34020.0     -8.40908
      34040.0     -9.09716
      34060.0     -10.2073
      34080.0     -10.3997
      34100.0     -10.6468
      34120.0     -10.0471
      34140.0     -8.71277
      34160.0     -6.60523
      34180.0     -8.50559
      34200.0     -7.06464
      34220.0     -6.66049
      34240.0     -7.51920
      34260.0     -7.91764
      34280.0     -7.17860
      34300.0     -7.22024
      34320.0     -7.97492
      34340.0     -7.40125
      34360.0     -7.54240
      34380.0     -7.77480
      34400.0     -10.0236
      34420.0     -11.4825
      34440.0     -11.0334
      34460.0     -10.8615
      34480.0     -11.4715
      34500.0     -9.96422
      34520.0     -9.31453
      34540.0     -6.85762
      34560.0     -7.92544
      34580.0     -8.53196
      34600.0     -8.91680
      34620.0     -7.82804
      34640.0     -6.96536
      34660.0     -7.48541
      34680.0     -7.28041
      34700.0     -7.62787
      34720.0     -8.57467
      34740.0     -9.38276
      34760.0     -8.86870
      34780.0     -8.80950
      34800.0     -9.34352
      34820.0     -7.87526
      34840.0     -8.96403
      34860.0     -9.06387
      34880.0     -8.56542
      34900.0     -9.52233
      34920.0     -8.21543
      34940.0     -9.18338
      34960.0     -8.93858
      34980.0     -8.02460
      35000.0     -7.61656
      35020.0     -7.69802
      35040.0     -6.32944
      35060.0     -5.29691
      35080.0     -6.24592
      35100.0     -6.11136
      35120.0     -6.79874
      35140.0     -8.40527
      35160.0     -9.94547
      35180.0     -10.6215
      35200.0     -12.0151
      35220.0     -10.5585
      35240.0     -9.65738
      35260.0     -9.21238
      35280.0     -7.82786
      35300.0     -7.90283
      35320.0     -6.61078
      35340.0     -6.76253
      35360.0     -7.66646
      35380.0     -7.17430
      35400.0     -6.69528
      35420.0     -6.19793
      35440.0     -7.16996
      35460.0     -8.16654
      35480.0     -8.65694
      35500.0     -8.88664
      35520.0     -10.5284
      35540.0     -8.40092
      35560.0     -9.28224
      35580.0     -8.32356
      35600.0     -6.90794
      35620.0     -7.11095
      35640.0     -6.97974
      35660.0     -5.29737
      35680.0     -6.58241
      35700.0     -6.13916
      35720.0     -7.17659
      35740.0     -8.34262
      35760.0     -8.19325
      35780.0     -7.96892
      35800.0     -8.86421
      35820.0     -8.31561
      35840.0     -10.1015
      35860.0     -8.42291
      35880.0     -8.70446
      35900.0     -7.61306
      35920.0     -5.79136
      35940.0     -5.54639
      35960.0     -7.17668
      35980.0     -6.09464
      36000.0     -6.52246
      36020.0     -6.31471
      36040.0     -6.59313
      36060.0     -6.99262
      36080.0     -6.80040
      36100.0     -8.12022
      36120.0     -8.81141
      36140.0     -8.83480
      36160.0     -8.46588
      36180.0     -9.38249
      36200.0     -8.38700
      36220.0     -7.77614
      36240.0     -6.40791
      36260.0     -7.48025
      36280.0     -7.92408
      36300.0     -7.12338
      36320.0     -6.87498
      36340.0     -6.13912
      36360.0     -5.59667
      36380.0     -5.78630
      36400.0     -6.93076
      36420.0     -5.61200
      36440.0     -5.75644
      36460.0     -7.46237
      36480.0     -7.65629
      36500.0     -7.66874
      36520.0     -8.34995
      36540.0     -7.85639
      36560.0     -9.59126
      36580.0     -9.50471
      36600.0     -7.38222
      36620.0     -7.16589
      36640.0     -5.68474
      36660.0     -5.90045
      36680.0     -4.75773
      36700.0     -4.26968
      36720.0     -5.11489
      36740.0     -6.37440
      36760.0     -6.86014
      36780.0     -7.75354
      36800.0     -8.63412
      36820.0     -7.40720
      36840.0     -7.71239
      36860.0     -8.97464
      36880.0     -7.24110
      36900.0     -8.32282
      36920.0     -6.67857
      36940.0     -5.40627
      36960.0     -5.86323
      36980.0     -5.58399
      37000.0     -5.60256
      37020.0     -5.31660
      37040.0     -7.54491
      37060.0     -7.05125
      37080.0     -8.05542
      37100.0     -8.94444
      37120.0     -7.60224
      37140.0     -8.95161
      37160.0     -9.50278
      37180.0     -7.47664
      37200.0     -7.44117
      37220.0     -7.40031
      37240.0     -5.77558
      37260.0     -6.07748
      37280.0     -6.76771
      37300.0     -5.81885
      37320.0     -6.96716
      37340.0     -7.88066
      37360.0     -7.26888
      37380.0     -7.89613
      37400.0     -6.76131
      37420.0     -6.86871
      37440.0     -6.51513
      37460.0     -7.46016
      37480.0     -7.02227
      37500.0     -6.65364
      37520.0     -8.10757
      37540.0     -7.48156
      37560.0     -8.81621
      37580.0     -7.02537
      37600.0     -7.21883
      37620.0     -6.11101
      37640.0     -5.66689
      37660.0     -6.83974
      37680.0     -7.22937
      37700.0     -6.57696
      37720.0     -6.73607
      37740.0     -7.45343
      37760.0     -6.97945
      37780.0     -6.96526
      37800.0     -7.40876
      37820.0     -6.81535
      37840.0     -6.29459
      37860.0     -5.80398
      37880.0     -6.20636
      37900.0     -7.05393
      37920.0     -6.88586
      37940.0     -6.17757
      37960.0     -6.19453
      37980.0     -5.93916
      38000.0     -7.24773
      38020.0     -6.62487
      38040.0     -9.18357
      38060.0     -9.33232
      38080.0     -8.50734
      38100.0     -9.67849
      38120.0     -8.31441
      38140.0     -7.61321
      38160.0     -6.59835
      38180.0     -5.29120
      38200.0     -6.36363
      38220.0     -7.61687
      38240.0     -6.23486
      38260.0     -7.38760
      38280.0     -7.18239
      38300.0     -8.04334
      38320.0     -8.74808
      38340.0     -7.54584
      38360.0     -7.68363
      38380.0     -6.02014
      38400.0     -5.30729
      38420.0     -6.32587
      38440.0     -6.74994
      38460.0     -6.73687
      38480.0     -7.68244
      38500.0     -8.31862
      38520.0     -7.91097
      38540.0     -7.18623
      38560.0     -7.76595
      38580.0     -6.75750
      38600.0     -7.75362
      38620.0     -6.43949
      38640.0     -7.18943
      38660.0     -7.28798
      38680.0     -8.22844
      38700.0     -7.37519
      38720.0     -6.20955
      38740.0     -5.54711
      38760.0     -5.99288
      38780.0     -7.40107
      38800.0     -8.74136
      38820.0     -8.45678
      38840.0     -9.70140
      38860.0     -9.68299
      38880.0     -7.91776
      38900.0     -7.85826
      38920.0     -6.21641
      38940.0     -6.25256
      38960.0     -5.62004
      38980.0     -4.42058
      39000.0     -5.53477
      39020.0     -6.09198
      39040.0     -7.54327
      39060.0     -8.29452
      39080.0     -10.2509
      39100.0     -9.19205
      39120.0     -7.62868
      39140.0     -7.59373
      39160.0     -5.69123
      39180.0     -5.16434
      39200.0     -6.84346
      39220.0     -6.60621
      39240.0     -7.15717
      39260.0     -7.84905
      39280.0     -8.10653
      39300.0     -6.97581
      39320.0     -7.06385
      39340.0     -6.87466
      39360.0     -5.68066
      39380.0     -5.37928
      39400.0     -5.11964
      39420.0     -5.31886
      39440.0     -5.47795
      39460.0     -5.72336
      39480.0     -6.59271
      39500.0     -7.03098
      39520.0     -8.31618
      39540.0     -8.36364
      39560.0     -9.72518
      39580.0     -10.9341
      39600.0     -9.26043
      39620.0     -7.14060
      39640.0     -6.48571
      39660.0     -6.51117
      39680.0     -4.00965
      39700.0     -3.11373
      39720.0     -4.37113
      39740.0     -4.96809
      39760.0     -6.55299
      39780.0     -7.59976
      39800.0     -8.32893
      39820.0     -8.29869
      39840.0     -8.12321
      39860.0     -8.16920
      39880.0     -8.60698
      39900.0     -7.61875
      39920.0     -7.33574
      39940.0     -5.55178
      39960.0     -5.99518
      39980.0     -5.16257
      40000.0     -5.98343
      40020.0     -6.99196
      40040.0     -6.75149
      40060.0     -7.11475
      40080.0     -7.14222
      40100.0     -7.04370
      40120.0     -6.69484
      40140.0     -7.74930
      40160.0     -7.00253
      40180.0     -5.51466
      40200.0     -5.16286
      40220.0     -6.14471
      40240.0     -5.96111
      40260.0     -6.42749
      40280.0     -6.73584
      40300.0     -6.40996
      40320.0     -7.05995
      40340.0     -8.31278
      40360.0     -7.65445
      40380.0     -7.10307
      40400.0     -6.02054
      40420.0     -6.89423
      40440.0     -7.49052
      40460.0     -7.42662
      40480.0     -6.72116
      40500.0     -7.67372
      40520.0     -7.22975
      40540.0     -7.38464
      40560.0     -8.25676
      40580.0     -8.65709
      40600.0     -8.25072
      40620.0     -8.27368
      40640.0     -7.01633
      40660.0     -6.38991
      40680.0     -6.54202
      40700.0     -6.24455
      40720.0     -5.75505
      40740.0     -5.13496
      40760.0     -4.64623
      40780.0     -7.27456
      40800.0     -7.83676
      40820.0     -7.77222
      40840.0     -7.96907
      40860.0     -8.83881
      40880.0     -7.49813
      40900.0     -8.09685
      40920.0     -6.75156
      40940.0     -7.02987
      40960.0     -6.16702
      40980.0     -5.39121
      41000.0     -6.50883
      41020.0     -6.35338
      41040.0     -7.63278
      41060.0     -7.36717
      41080.0     -9.07670
      41100.0     -7.44010
      41120.0     -6.44723
      41140.0     -6.69387
      41160.0     -5.78940
      41180.0     -5.34840
      41200.0     -6.09824
      41220.0     -6.67473
      41240.0     -6.17341
      41260.0     -6.29850
      41280.0     -6.74047
      41300.0     -8.00066
      41320.0     -7.53744
      41340.0     -8.54748
      41360.0     -7.56940
      41380.0     -9.33985
      41400.0     -8.18922
      41420.0     -6.45066
      41440.0     -6.45805
      41460.0     -7.88840
      41480.0     -6.96265
      41500.0     -5.71664
      41520.0     -6.60269
      41540.0     -6.04418
      41560.0     -6.86769
      41580.0     -6.24567
      41600.0     -6.42116
      41620.0     -8.55570
      41640.0     -9.75673
      41660.0     -9.56358
      41680.0     -8.49015
      41700.0     -8.08779
      41720.0     -7.39510
      41740.0     -6.66473
      41760.0     -6.34733
      41780.0     -5.89542
      41800.0     -4.98285
      41820.0     -6.17424
      41840.0     -5.60739
      41860.0     -6.27448
      41880.0     -7.39123
      41900.0     -7.76305
      41920.0     -9.12886
      41940.0     -8.27314
      41960.0     -7.87023
      41980.0     -8.50848
      42000.0     -8.42284
      42020.0     -7.94581
      42040.0     -7.68108
      42060.0     -7.26687
      42080.0     -5.41993
      42100.0     -5.84288
      42120.0     -4.87281
      42140.0     -6.88160
      42160.0     -6.50101
      42180.0     -6.90318
      42200.0     -8.40006
      42220.0     -8.41170
      42240.0     -9.09085
      42260.0     -8.48372
      42280.0     -7.44826
      42300.0     -6.67206
      42320.0     -6.04137
      42340.0     -6.96367
      42360.0     -7.69703
      42380.0     -6.29365
      42400.0     -6.74752
      42420.0     -6.21243
      42440.0     -6.01096
      42460.0     -7.06215
      42480.0     -7.68290
      42500.0     -7.35496
      42520.0     -6.73866
      42540.0     -6.90061
      42560.0     -6.68972
      42580.0     -6.14597
      42600.0     -5.71756
      42620.0     -7.10954
      42640.0     -7.67307
      42660.0     -7.72449
      42680.0     -7.24790
      42700.0     -6.95369
      42720.0     -6.11671
      42740.0     -5.06243
      42760.0     -5.75834
      42780.0     -5.03977
      42800.0     -6.47193
      42820.0     -7.40791
      42840.0     -7.28170
      42860.0     -6.71255
      42880.0     -7.35103
      42900.0     -6.81734
      42920.0     -6.45657
      42940.0     -4.44764
      42960.0     -4.73959
      42980.0     -6.06646
      43000.0     -5.49174
      43020.0     -6.10472
      43040.0     -5.96835
      43060.0     -6.35898
      43080.0     -6.49362
      43100.0     -7.07356
      43120.0     -6.25699
      43140.0     -7.85587
      43160.0     -7.67314
      43180.0     -6.83465
      43200.0     -7.20677
      43220.0     -7.92761
      43240.0     -7.18471
      43260.0     -5.96091
      43280.0     -6.85021
      43300.0     -7.55300
      43320.0     -8.10294
      43340.0     -9.18411
      43360.0     -7.70240
      43380.0     -7.11466
      43400.0     -8.25271
      43420.0     -7.05522
      43440.0     -5.55700
      43460.0     -5.60235
      43480.0     -5.52114
      43500.0     -7.19848
      43520.0     -7.61234
      43540.0     -8.59952
      43560.0     -7.73769
      43580.0     -8.07968
      43600.0     -7.07165
      43620.0     -7.31007
      43640.0     -6.52143
      43660.0     -6.45399
      43680.0     -6.18083
      43700.0     -5.82412
      43720.0     -5.41005
      43740.0     -6.24598
      43760.0     -6.44478
      43780.0     -6.35089
      43800.0     -7.51613
      43820.0     -6.57703
      43840.0     -6.96804
      43860.0     -7.09023
      43880.0     -7.21891
      43900.0     -5.63292
      43920.0     -5.13388
      43940.0     -4.03180
      43960.0     -4.35944
      43980.0     -3.82819
      44000.0     -5.13687
      44020.0     -5.62493
      44040.0     -6.50935
      44060.0     -6.62424
      44080.0     -8.08788
      44100.0     -6.66672
      44120.0     -7.44053
      44140.0     -6.13232
      44160.0     -6.80566
      44180.0     -4.64035
      44200.0     -5.53942
      44220.0     -5.49836
      44240.0     -6.37063
      44260.0     -6.90324
      44280.0     -6.61452
      44300.0     -6.14391
      44320.0     -6.04037
      44340.0     -6.99614
      44360.0     -7.47233
      44380.0     -7.47660
      44400.0     -8.23350
      44420.0     -8.93084
      44440.0     -9.10071
      44460.0     -8.33171
      44480.0     -8.00863
      44500.0     -6.75093
      44520.0     -6.73828
      44540.0     -5.90909
      44560.0     -4.94781
      44580.0     -5.43359
      44600.0     -4.97820
      44620.0     -5.03868
      44640.0     -6.05159
      44660.0     -7.26606
      44680.0     -7.21684
      44700.0     -5.58211
      44720.0     -8.23397
      44740.0     -7.83072
      44760.0     -7.65138
      44780.0     -7.01659
      44800.0     -7.06399
      44820.0     -7.27075
      44840.0     -6.97666
      44860.0     -7.06117
      44880.0     -6.34057
      44900.0     -5.54395
      44920.0     -5.56002
      44940.0     -5.58672
      44960.0     -4.63830
      44980.0     -5.56338
      45000.0     -8.20749
      45020.0     -8.89190
      45040.0     -7.34821
      45060.0     -8.39764
      45080.0     -7.27918
      45100.0     -6.89389
      45120.0     -6.94137
      45140.0     -6.79985
      45160.0     -5.59143
      45180.0     -6.29604
      45200.0     -6.65121
      45220.0     -6.94898
      45240.0     -6.60719
      45260.0     -7.43042
      45280.0     -5.84119
      45300.0     -5.40081
      45320.0     -6.69548
      45340.0     -5.82742
      45360.0     -5.66584
      45380.0     -6.19299
      45400.0     -6.92617
      45420.0     -7.68154
      45440.0     -8.00550
      45460.0     -9.41515
      45480.0     -9.23996
      45500.0     -8.48907
      45520.0     -7.73926
      45540.0     -6.13287
      45560.0     -5.02274
      45580.0     -5.30598
      45600.0     -5.66252
      45620.0     -6.05490
      45640.0     -5.14022
      45660.0     -5.29320
      45680.0     -6.88669
      45700.0     -7.25678
      45720.0     -6.47483
      45740.0     -9.44820
      45760.0     -7.40948
      45780.0     -7.54252
      45800.0     -8.48350
      45820.0     -6.76765
      45840.0     -6.75858
      45860.0     -5.63519
      45880.0     -5.98087
      45900.0     -5.71022
      45920.0     -4.44976
      45940.0     -4.48411
      45960.0     -5.79791
      45980.0     -7.16146
      46000.0     -7.06009
      46020.0     -8.76095
      46040.0     -8.79326
      46060.0     -9.30154
      46080.0     -8.45587
      46100.0     -8.22002
      46120.0     -7.16115
      46140.0     -5.65747
      46160.0     -5.84170
      46180.0     -4.54182
      46200.0     -4.97779
      46220.0     -3.45384
      46240.0     -4.95106
      46260.0     -4.97709
      46280.0     -6.27167
      46300.0     -8.31193
      46320.0     -9.14169
      46340.0     -8.66059
      46360.0     -8.71533
      46380.0     -7.19642
      46400.0     -7.88200
      46420.0     -5.32718
      46440.0     -4.61715
      46460.0     -4.90961
      46480.0     -4.86085
      46500.0     -4.34105
      46520.0     -4.56871
      46540.0     -5.16102
      46560.0     -6.20094
      46580.0     -7.20001
      46600.0     -6.98637
      46620.0     -6.35451
      46640.0     -7.90631
      46660.0     -7.63706
      46680.0     -8.13931
      46700.0     -8.48334
      46720.0     -8.08180
      46740.0     -8.27555
      46760.0     -7.80915
      46780.0     -6.58970
      46800.0     -6.12976
      46820.0     -5.87001
      46840.0     -5.71219
      46860.0     -6.32236
      46880.0     -7.22333
      46900.0     -7.13002
      46920.0     -8.08578
      46940.0     -7.63827
      46960.0     -7.50139
      46980.0     -8.90628
      47000.0     -8.58234
      47020.0     -9.54119
      47040.0     -7.79038
      47060.0     -7.00555
      47080.0     -6.13818
      47100.0     -4.86667
      47120.0     -4.92301
      47140.0     -4.13191
      47160.0     -4.83599
      47180.0     -6.08353
      47200.0     -6.68502
      47220.0     -8.02572
      47240.0     -9.95637
      47260.0     -8.47959
      47280.0     -9.74694
      47300.0     -9.57016
      47320.0     -8.34832
      47340.0     -7.18397
      47360.0     -6.34210
      47380.0     -6.03010
      47400.0     -5.88569
      47420.0     -5.12460
      47440.0     -5.83253
      47460.0     -5.81277
      47480.0     -6.50410
      47500.0     -5.46900
      47520.0     -6.34010
      47540.0     -8.41526
      47560.0     -9.30798
      47580.0     -9.72834
      47600.0     -9.27370
      47620.0     -7.68393
      47640.0     -7.41440
      47660.0     -5.14394
      47680.0     -3.86879
      47700.0     -5.22946
      47720.0     -4.36052
      47740.0     -6.37106
      47760.0     -7.07715
      47780.0     -8.47455
      47800.0     -8.43415
      47820.0     -8.49694
      47840.0     -9.06111
      47860.0     -9.02460
      47880.0     -10.1299
      47900.0     -7.99529
      47920.0     -6.42110
      47940.0     -5.54653
      47960.0     -5.21743
      47980.0     -6.22803
      48000.0     -5.58654
      48020.0     -6.13415
      48040.0     -7.32557
      48060.0     -7.05275
      48080.0     -8.48257
      48100.0     -7.35319
      48120.0     -7.14466
      48140.0     -8.30635
      48160.0     -8.56538
      48180.0     -8.73500
      48200.0     -8.02811
      48220.0     -7.59295
      48240.0     -5.80821
      48260.0     -5.69653
      48280.0     -4.73650
      48300.0     -4.79304
      48320.0     -4.51325
      48340.0     -6.67968
      48360.0     -7.92542
      48380.0     -9.02741
      48400.0     -9.60200
      48420.0     -8.86018
      48440.0     -9.11195
      48460.0     -6.01822
      48480.0     -4.99805
      48500.0     -4.28186
      48520.0     -2.82877
      48540.0     -1.80961
      48560.0     -3.81508
      48580.0     -4.64648
      48600.0     -5.55093
      48620.0     -8.64616
      48640.0     -9.08694
      48660.0     -9.76668
      48680.0     -9.56044
      48700.0     -8.03715
      48720.0     -7.55645
      48740.0     -6.79380
      48760.0     -5.82286
      48780.0     -5.39615
      48800.0     -4.94126
      48820.0     -3.93381
      48840.0     -4.66078
      48860.0     -4.98026
      48880.0     -5.88461
      48900.0     -6.98509
      48920.0     -8.16653
      48940.0     -8.33530
      48960.0     -8.60513
      48980.0     -9.13801
      49000.0     -8.05636
      49020.0     -8.58795
      49040.0     -6.65791
      49060.0     -5.50299
      49080.0     -7.01818
      49100.0     -5.25588
      49120.0     -4.67294
      49140.0     -4.00697
      49160.0     -5.28810
      49180.0     -5.01387
      49200.0     -5.74539
      49220.0     -6.92448
      49240.0     -6.81867
      49260.0     -7.51158
      49280.0     -8.32277
      49300.0     -9.02046
      49320.0     -8.26905
      49340.0     -7.17810
      49360.0     -9.51171
      49380.0     -8.28490
      49400.0     -6.97487
      49420.0     -7.35413
      49440.0     -6.77155
      49460.0     -7.91316
      49480.0     -6.19454
      49500.0     -6.53402
      49520.0     -6.57022
      49540.0     -6.52292
      49560.0     -5.22732
      49580.0     -4.93898
      49600.0     -5.18613
      49620.0     -5.95969
      49640.0     -6.05354
      49660.0     -6.92691
      49680.0     -8.50614
      49700.0     -8.78725
      49720.0     -9.26671
      49740.0     -9.32099
      49760.0     -8.12627
      49780.0     -6.35705
      49800.0     -4.60167
      49820.0     -4.02628
      49840.0     -3.60532
      49860.0     -3.96914
      49880.0     -3.91822
      49900.0     -3.78841
      49920.0     -6.28576
      49940.0     -6.44828
      49960.0     -7.55982
      49980.0     -7.06596
      50000.0     -7.52608
      50020.0     -8.14093
      50040.0     -7.04453
      50060.0     -7.96035
      50080.0     -7.44269
      50100.0     -8.10662
      50120.0     -7.54083
      50140.0     -6.05811
      50160.0     -4.45585
      50180.0     -4.03909
      50200.0     -2.21019
      50220.0     -2.95048
      50240.0     -3.93904
      50260.0     -4.21066
      50280.0     -4.69762
      50300.0     -4.51292
      50320.0     -6.63109
      50340.0     -7.42583
      50360.0     -8.18810
      50380.0     -7.76530
      50400.0     -8.09012
      50420.0     -6.92522
      50440.0     -5.10689
      50460.0     -3.68134
      50480.0     -2.87149
      50500.0     -2.46783
      50520.0     -2.49854
      50540.0     -3.15467
      50560.0     -4.20535
      50580.0     -5.23203
      50600.0     -5.95182
      50620.0     -6.57782
      50640.0     -8.48422
      50660.0     -7.47936
      50680.0     -6.85541
      50700.0     -7.12446
      50720.0     -6.11164
      50740.0     -5.45865
      50760.0     -5.34845
      50780.0     -4.22020
      50800.0     -4.72019
      50820.0     -3.57435
      50840.0     -3.60843
      50860.0     -3.61603
      50880.0     -4.49103
      50900.0     -4.63288
      50920.0     -6.41157
      50940.0     -5.65442
      50960.0     -5.34880
      50980.0     -6.34341
      51000.0     -6.31325
      51020.0     -7.68658
      51040.0     -7.52967
      51060.0     -8.47797
      51080.0     -8.88026
      51100.0     -6.43560
      51120.0     -4.84761
      51140.0     -4.76012
      51160.0     -4.90979
      51180.0     -3.20861
      51200.0     -5.28788
      51220.0     -5.67375
      51240.0     -6.73194
      51260.0     -7.97983
      51280.0     -8.23959
      51300.0     -7.32243
      51320.0     -7.58853
      51340.0     -7.63259
      51360.0     -8.48966
      51380.0     -6.87415
      51400.0     -7.10784
      51420.0     -6.39331
      51440.0     -6.03839
      51460.0     -6.91096
      51480.0     -6.94743
      51500.0     -6.62311
      51520.0     -7.02936
      51540.0     -6.30885
      51560.0     -5.88069
      51580.0     -5.33659
      51600.0     -5.15852
      51620.0     -3.51104
      51640.0     -6.02263
      51660.0     -6.23473
      51680.0     -7.00449
      51700.0     -7.42823
      51720.0     -7.26745
      51740.0     -8.08667
      51760.0     -7.50247
      51780.0     -6.97922
      51800.0     -5.04117
      51820.0     -5.05474
      51840.0     -4.30179
      51860.0     -4.29835
      51880.0     -5.07570
      51900.0     -5.42542
      51920.0     -6.81028
      51940.0     -6.10843
      51960.0     -7.08338
      51980.0     -6.52161
      52000.0     -5.91381
      52020.0     -5.37779
      52040.0     -6.81052
      52060.0     -4.61038
      52080.0     -3.97447
      52100.0     -7.17392
      52120.0     -6.76860
      52140.0     -6.86051
      52160.0     -6.44985
      52180.0     -6.54513
      52200.0     -5.77936
      52220.0     -5.67884
      52240.0     -4.54096
      52260.0     -5.41220
      52280.0     -5.59241
      52300.0     -5.61990
      52320.0     -7.10982
      52340.0     -7.25126
      52360.0     -7.22755
      52380.0     -5.47622
      52400.0     -6.38649
      52420.0     -6.14290
      52440.0     -5.87191
      52460.0     -5.85548
      52480.0     -6.70606
      52500.0     -7.41731
      52520.0     -6.72946
      52540.0     -7.28881
      52560.0     -6.83916
      52580.0     -6.75568
      52600.0     -5.78956
      52620.0     -6.40923
      52640.0     -6.07501
      52660.0     -5.94706
      52680.0     -5.58315
      52700.0     -5.68222
      52720.0     -5.98284
      52740.0     -6.15003
      52760.0     -5.48169
      52780.0     -6.55891
      52800.0     -7.21056
      52820.0     -7.18188
      52840.0     -6.34135
      52860.0     -6.41629
      52880.0     -6.82355
      52900.0     -6.18144
      52920.0     -5.96615
      52940.0     -6.60326
      52960.0     -4.81265
      52980.0     -5.21403
      53000.0     -5.18788
      53020.0     -5.41313
      53040.0     -6.70470
      53060.0     -5.55303
      53080.0     -6.66405
      53100.0     -7.51827
      53120.0     -7.06101
      53140.0     -7.26823
      53160.0     -7.10585
      53180.0     -7.22060
      53200.0     -5.77303
      53220.0     -6.27549
      53240.0     -5.41916
      53260.0     -5.67366
      53280.0     -6.34325
      53300.0     -6.39929
      53320.0     -6.79161
      53340.0     -6.07829
      53360.0     -5.32495
      53380.0     -5.71687
      53400.0     -4.89481
      53420.0     -4.76057
      53440.0     -5.17999
      53460.0     -5.59872
      53480.0     -6.24423
      53500.0     -5.23525
      53520.0     -6.16008
      53540.0     -4.43188
      53560.0     -4.88135
      53580.0     -5.54675
      53600.0     -4.74329
      53620.0     -4.97008
      53640.0     -6.90634
      53660.0     -7.46245
      53680.0     -7.82864
      53700.0     -7.38876
      53720.0     -5.60006
      53740.0     -5.42198
      53760.0     -5.72895
      53780.0     -4.80786
      53800.0     -4.99664
      53820.0     -6.30174
      53840.0     -5.59860
      53860.0     -5.97920
      53880.0     -7.10502
      53900.0     -6.06536
      53920.0     -6.14558
      53940.0     -5.70846
      53960.0     -5.27326
      53980.0     -6.32512
      54000.0     -6.49682
      54020.0     -7.59891
      54040.0     -6.61243
      54060.0     -7.31561
      54080.0     -9.28845
      54100.0     -7.90148
      54120.0     -7.52681
      54140.0     -7.57588
      54160.0     -7.09125
      54180.0     -4.99042
      54200.0     -3.91064
      54220.0     -4.60040
      54240.0     -4.26356
      54260.0     -3.66182
      54280.0     -5.94376
      54300.0     -6.63829
      54320.0     -7.29608
      54340.0     -7.93195
      54360.0     -8.24907
      54380.0     -11.0046
      54400.0     -9.86359
      54420.0     -9.33926
      54440.0     -8.39156
      54460.0     -7.68105
      54480.0     -6.04976
      54500.0     -4.56092
      54520.0     -4.15575
      54540.0     -4.30620
      54560.0     -6.19462
      54580.0     -4.90985
      54600.0     -5.90784
      54620.0     -7.44755
      54640.0     -7.42391
      54660.0     -9.42242
      54680.0     -9.14146
      54700.0     -8.28097
      54720.0     -8.01995
      54740.0     -8.59927
      54760.0     -6.41778
      54780.0     -4.57932
      54800.0     -4.30490
      54820.0     -5.37834
      54840.0     -6.92124
      54860.0     -6.23351
      54880.0     -8.71991
      54900.0     -8.96377
      54920.0     -9.26411
      54940.0     -6.69433
      54960.0     -7.04267
      54980.0     -5.99139
      55000.0     -7.04825
      55020.0     -6.93126
      55040.0     -7.05343
      55060.0     -7.12753
      55080.0     -6.09446
      55100.0     -7.13671
      55120.0     -6.48843
      55140.0     -7.24248
      55160.0     -7.77589
      55180.0     -8.90099
      55200.0     -8.22764
      55220.0     -8.25876
      55240.0     -7.33467
      55260.0     -7.15252
      55280.0     -7.30170
      55300.0     -5.41991
      55320.0     -7.14047
      55340.0     -7.36985
      55360.0     -7.29492
      55380.0     -8.09078
      55400.0     -8.33737
      55420.0     -7.98201
      55440.0     -7.36236
      55460.0     -8.91796
      55480.0     -7.00840
      55500.0     -7.29439
      55520.0     -7.12493
      55540.0     -5.76105
      55560.0     -6.10370
      55580.0     -5.73751
      55600.0     -5.07036
      55620.0     -5.79773
      55640.0     -6.86612
      55660.0     -8.90414
      55680.0     -8.80829
      55700.0     -8.52199
      55720.0     -6.96347
      55740.0     -7.35945
      55760.0     -6.32024
      55780.0     -5.00362
      55800.0     -4.21700
      55820.0     -5.50629
      55840.0     -5.05332
      55860.0     -5.54142
      55880.0     -5.65628
      55900.0     -5.87898
      55920.0     -7.75978
      55940.0     -6.52361
      55960.0     -7.31438
      55980.0     -6.66008
      56000.0     -5.46067
      56020.0     -5.20070
      56040.0     -5.15483
      56060.0     -5.84484
      56080.0     -5.67545
      56100.0     -6.59178
      56120.0     -8.12318
      56140.0     -8.74001
      56160.0     -8.99856
      56180.0     -8.90344
      56200.0     -8.47854
      56220.0     -6.75149
      56240.0     -5.84148
      56260.0     -5.26778
      56280.0     -5.12330
      56300.0     -7.01550
      56320.0     -6.07141
      56340.0     -6.63677
      56360.0     -7.19624
      56380.0     -7.19585
      56400.0     -8.17199
      56420.0     -7.38724
      56440.0     -8.59913
      56460.0     -9.05944
      56480.0     -9.30496
      56500.0     -7.99478
      56520.0     -6.69131
      56540.0     -6.86145
      56560.0     -6.91991
      56580.0     -6.40639
      56600.0     -8.09282
      56620.0     -8.32985
      56640.0     -8.03542
      56660.0     -8.36118
      56680.0     -7.62042
      56700.0     -6.36342
      56720.0     -7.52251
      56740.0     -8.01241
      56760.0     -7.44528
      56780.0     -7.21658
      56800.0     -9.22888
      56820.0     -7.62104
      56840.0     -8.13452
      56860.0     -8.38176
      56880.0     -7.53158
      56900.0     -8.06825
      56920.0     -7.13491
      56940.0     -7.16313
      56960.0     -6.73410
      56980.0     -6.23087
      57000.0     -6.31014
      57020.0     -7.77847
      57040.0     -7.69192
      57060.0     -7.46701
      57080.0     -7.81452
      57100.0     -9.05664
      57120.0     -8.34041
      57140.0     -7.57854
      57160.0     -8.07055
      57180.0     -7.32707
      57200.0     -7.72847
      57220.0     -8.43335
      57240.0     -7.49305
      57260.0     -7.82893
      57280.0     -6.48222
      57300.0     -7.49694
      57320.0     -7.48469
      57340.0     -8.16905
      57360.0     -7.47094
      57380.0     -6.96082
      57400.0     -7.95695
      57420.0     -7.69162
      57440.0     -7.34169
      57460.0     -7.72224
      57480.0     -7.00925
      57500.0     -7.71718
      57520.0     -7.42979
      57540.0     -7.86591
      57560.0     -7.79475
      57580.0     -8.33429
      57600.0     -7.78734
      57620.0     -7.59703
      57640.0     -7.08222
      57660.0     -6.44074
      57680.0     -6.72804
      57700.0     -7.03407
      57720.0     -6.25517
      57740.0     -7.10593
      57760.0     -8.03129
      57780.0     -7.91945
      57800.0     -7.27384
      57820.0     -7.69310
      57840.0     -7.37864
      57860.0     -6.53698
      57880.0     -6.22131
      57900.0     -7.26261
      57920.0     -6.77491
      57940.0     -7.13391
      57960.0     -6.41813
      57980.0     -7.82218
      58000.0     -6.69710
      58020.0     -8.33865
      58040.0     -7.18404
      58060.0     -8.29843
      58080.0     -8.11424
      58100.0     -6.95909
      58120.0     -7.90559
      58140.0     -6.85680
      58160.0     -6.48461
      58180.0     -6.27792
      58200.0     -5.92473
      58220.0     -6.38694
      58240.0     -7.18124
      58260.0     -7.36777
      58280.0     -8.68926
      58300.0     -7.94655
      58320.0     -9.57349
      58340.0     -10.1043
      58360.0     -7.81978
      58380.0     -7.22710
      58400.0     -7.23834
      58420.0     -6.98887
      58440.0     -7.38721
      58460.0     -6.69107
      58480.0     -6.95427
      58500.0     -6.13455
      58520.0     -5.45704
      58540.0     -6.69442
      58560.0     -6.96421
      58580.0     -6.59811
      58600.0     -7.43486
      58620.0     -7.03118
      58640.0     -7.13468
      58660.0     -6.65291
      58680.0     -6.30187
      58700.0     -5.14835
      58720.0     -7.55351
      58740.0     -6.16255
      58760.0     -5.72697
      58780.0     -7.01185
      58800.0     -5.70642
      58820.0     -4.73807
      58840.0     -4.20215
      58860.0     -4.84700
      58880.0     -6.13848
      58900.0     -6.14612
      58920.0     -5.97126
      58940.0     -5.98423
      58960.0     -7.88801
      58980.0     -6.46431
      59000.0     -8.33577
      59020.0     -7.98521
      59040.0     -6.93579
      59060.0     -6.02886
      59080.0     -6.12664
      59100.0     -6.00242
      59120.0     -5.86674
      59140.0     -6.18925
      59160.0     -7.18893
      59180.0     -6.89061
      59200.0     -6.53635
      59220.0     -7.05029
      59240.0     -6.56301
      59260.0     -6.83520
      59280.0     -6.46491
      59300.0     -7.02232
      59320.0     -8.01220
      59340.0     -8.10529
      59360.0     -7.75174
      59380.0     -6.59854
      59400.0     -7.80654
      59420.0     -5.84182
      59440.0     -6.47476
      59460.0     -6.40128
      59480.0     -5.42790
      59500.0     -5.77230
      59520.0     -5.66443
      59540.0     -5.12778
      59560.0     -6.88432
      59580.0     -8.10269
      59600.0     -8.69561
      59620.0     -9.75056
      59640.0     -9.32611
      59660.0     -7.83728
      59680.0     -7.66588
      59700.0     -6.51933
      59720.0     -5.75160
      59740.0     -4.95326
      59760.0     -5.95824
      59780.0     -4.90015
      59800.0     -5.45745
      59820.0     -7.43638
      59840.0     -7.84109
      59860.0     -7.20618
      59880.0     -9.20750
      59900.0     -9.76910
      59920.0     -8.13761
      59940.0     -9.03235
      59960.0     -7.28547
      59980.0     -6.64605
      60000.0     -7.45140
      60020.0     -7.90805
      60040.0     -7.00533
      60060.0     -7.94887
      60080.0     -7.06036
      60100.0     -7.60355
      60120.0     -8.05818
      60140.0     -6.46733
      60160.0     -6.67805
      60180.0     -5.62899
      60200.0     -6.94555
      60220.0     -7.04948
      60240.0     -8.32001
      60260.0     -9.92708
      60280.0     -10.0109
      60300.0     -10.2813
      60320.0     -9.67267
      60340.0     -8.32355
      60360.0     -7.96611
      60380.0     -7.74457
      60400.0     -7.34966
      60420.0     -5.28915
      60440.0     -5.68679
      60460.0     -4.60292
      60480.0     -5.87622
      60500.0     -6.25089
      60520.0     -7.51802
      60540.0     -9.49642
      60560.0     -9.57486
      60580.0     -11.8050
      60600.0     -9.74159
      60620.0     -9.61158
      60640.0     -9.40412
      60660.0     -7.02466
      60680.0     -7.21009
      60700.0     -5.90500
      60720.0     -5.56449
      60740.0     -4.31488
      60760.0     -5.34027
      60780.0     -4.92053
      60800.0     -7.59125
      60820.0     -7.16045
      60840.0     -8.09021
      60860.0     -9.98140
      60880.0     -8.63772
      60900.0     -8.19364
      60920.0     -8.09154
      60940.0     -6.60732
      60960.0     -6.95677
      60980.0     -6.41191
      61000.0     -6.86188
      61020.0     -6.94593
      61040.0     -5.77444
      61060.0     -6.11194
      61080.0     -5.80262
      61100.0     -6.13326
      61120.0     -7.12455
      61140.0     -5.90977
      61160.0     -6.85089
      61180.0     -7.36454
      61200.0     -8.52209
      61220.0     -8.43533
      61240.0     -8.07282
      61260.0     -7.93685
      61280.0     -8.05969
      61300.0     -7.08758
      61320.0     -6.52068
      61340.0     -5.16822
      61360.0     -5.34164
      61380.0     -4.66369
      61400.0     -5.22337
      61420.0     -5.29752
      61440.0     -5.81111
      61460.0     -6.74658
      61480.0     -7.90081
      61500.0     -7.43664
      61520.0     -9.07727
      61540.0     -7.91954
      61560.0     -8.03538
      61580.0     -7.73583
      61600.0     -7.52084
      61620.0     -6.66553
      61640.0     -6.17039
      61660.0     -4.64309
      61680.0     -3.78474
      61700.0     -4.13166
      61720.0     -5.56558
      61740.0     -6.67728
      61760.0     -7.22555
      61780.0     -7.08070
      61800.0     -7.94422
      61820.0     -8.27981
      61840.0     -8.12177
      61860.0     -8.69114
      61880.0     -8.53667
      61900.0     -6.76053
      61920.0     -4.23778
      61940.0     -5.25935
      61960.0     -3.84908
      61980.0     -5.12978
      62000.0     -5.31824
      62020.0     -5.75530
      62040.0     -6.47419
      62060.0     -8.26457
      62080.0     -7.22478
      62100.0     -8.37883
      62120.0     -8.17245
      62140.0     -8.33147
      62160.0     -7.73401
      62180.0     -6.80651
      62200.0     -5.94342
      62220.0     -5.79411
      62240.0     -4.79378
      62260.0     -3.75623
      62280.0     -2.70764
      62300.0     -3.34533
      62320.0     -4.97761
      62340.0     -5.98169
      62360.0     -6.87009
      62380.0     -8.05697
      62400.0     -9.28505
      62420.0     -8.32531
      62440.0     -8.42260
      62460.0     -7.96476
      62480.0     -8.01643
      62500.0     -5.96455
      62520.0     -5.72621
      62540.0     -6.20081
      62560.0     -5.80924
      62580.0     -5.25400
      62600.0     -4.83412
      62620.0     -5.44655
      62640.0     -6.42734
      62660.0     -8.19618
      62680.0     -8.61572
      62700.0     -9.52754
      62720.0     -10.1808
      62740.0     -8.90871
      62760.0     -7.53513
      62780.0     -5.60957
      62800.0     -5.35655
      62820.0     -3.66644
      62840.0     -4.40145
      62860.0     -4.30440
      62880.0     -4.86819
      62900.0     -5.63935
      62920.0     -7.20517
      62940.0     -7.67904
      62960.0     -8.16692
      62980.0     -8.04222
      63000.0     -8.24942
      63020.0     -8.28434
      63040.0     -8.80423
      63060.0     -6.94726
      63080.0     -6.50638
      63100.0     -5.85841
      63120.0     -5.10341
      63140.0     -5.56436
      63160.0     -6.01261
      63180.0     -7.06518
      63200.0     -7.31973
      63220.0     -9.40499
      63240.0     -10.1997
      63260.0     -10.3819
      63280.0     -9.83005
      63300.0     -9.43447
      63320.0     -8.76769
      63340.0     -7.20181
      63360.0     -5.52071
      63380.0     -4.97044
      63400.0     -4.41577
      63420.0     -4.34355
      63440.0     -6.84956
      63460.0     -7.58611
      63480.0     -9.24547
      63500.0     -9.78957
      63520.0     -10.7463
      63540.0     -10.3573
      63560.0     -8.73560
      63580.0     -6.08155
      63600.0     -6.26044
      63620.0     -5.87091
      63640.0     -5.89992
      63660.0     -4.96508
      63680.0     -5.47623
      63700.0     -5.37378
      63720.0     -4.96674
      63740.0     -5.19097
      63760.0     -5.94334
      63780.0     -7.61810
      63800.0     -7.36195
      63820.0     -8.29604
      63840.0     -7.08602
      63860.0     -7.77755
      63880.0     -6.70113
      63900.0     -5.99102
      63920.0     -5.92464
      63940.0     -6.53075
      63960.0     -5.27502
      63980.0     -6.03847
      64000.0     -7.23524
      64020.0     -6.08654
      64040.0     -6.08431
      64060.0     -5.26314
      64080.0     -5.66742
      64100.0     -5.81841
      64120.0     -5.48200
      64140.0     -5.68074
      64160.0     -5.53004
      64180.0     -6.59593
      64200.0     -5.56187
      64220.0     -6.86263
      64240.0     -7.66076
      64260.0     -8.00588
      64280.0     -6.86931
      64300.0     -7.46245
      64320.0     -5.97742
      64340.0     -5.02820
      64360.0     -5.75504
      64380.0     -5.09182
      64400.0     -4.97788
      64420.0     -4.64069
      64440.0     -4.59231
      64460.0     -6.14141
      64480.0     -5.93212
      64500.0     -6.40895
      64520.0     -6.82245
      64540.0     -7.06046
      64560.0     -7.07538
      64580.0     -5.94388
      64600.0     -5.39903
      64620.0     -5.30604
      64640.0     -4.46949
      64660.0     -4.63895
      64680.0     -5.05217
      64700.0     -5.39079
      64720.0     -5.76699
      64740.0     -5.41318
      64760.0     -7.31746
      64780.0     -5.16619
      64800.0     -5.75679
      64820.0     -4.30894
      64840.0     -5.14213
      64860.0     -5.74564
      64880.0     -6.64988
      64900.0     -7.90241
      64920.0     -7.93635
      64940.0     -7.83120
      64960.0     -6.25041
      64980.0     -6.11529
      65000.0     -5.59035
      65020.0     -3.88985
      65040.0     -2.97294
      65060.0     -3.53357
      65080.0     -2.81172
      65100.0     -2.28279
      65120.0     -4.57491
      65140.0     -6.17682
      65160.0     -5.30610
      65180.0     -7.92275
      65200.0     -7.79116
      65220.0     -7.81225
      65240.0     -5.94799
      65260.0     -5.82507
      65280.0     -5.30037
      65300.0     -4.57020
      65320.0     -4.69776
      65340.0     -3.95359
      65360.0     -5.98085
      65380.0     -5.32378
      65400.0     -4.90686
      65420.0     -5.21418
      65440.0     -5.64370
      65460.0     -6.70614
      65480.0     -7.61365
      65500.0     -8.35175
      65520.0     -8.60193
      65540.0     -8.68123
      65560.0     -9.04928
      65580.0     -8.45938
      65600.0     -6.75278
      65620.0     -5.49828
      65640.0     -4.51670
      65660.0     -4.52424
      65680.0     -3.75470
      65700.0     -4.15477
      65720.0     -6.06839
      65740.0     -6.87864
      65760.0     -8.40930
      65780.0     -9.85090
      65800.0     -8.43312
      65820.0     -8.39747
      65840.0     -7.85236
      65860.0     -7.99188
      65880.0     -7.70978
      65900.0     -6.16767
      65920.0     -6.36815
      65940.0     -3.52985
      65960.0     -5.95489
      65980.0     -5.07095
      66000.0     -5.21083
      66020.0     -5.16533
      66040.0     -6.57832
      66060.0     -8.15578
      66080.0     -7.55552
      66100.0     -8.64589
      66120.0     -8.44722
      66140.0     -9.03373
      66160.0     -6.93733
      66180.0     -6.02809
      66200.0     -6.33338
      66220.0     -5.87054
      66240.0     -5.32192
      66260.0     -6.88885
      66280.0     -6.44728
      66300.0     -7.55881
      66320.0     -7.63050
      66340.0     -7.09502
      66360.0     -6.91503
      66380.0     -6.00080
      66400.0     -5.45590
      66420.0     -5.82098
      66440.0     -5.77257
      66460.0     -4.81997
      66480.0     -6.86788
      66500.0     -7.59888
      66520.0     -9.08603
      66540.0     -8.41712
      66560.0     -8.91294
      66580.0     -7.53611
      66600.0     -7.22194
      66620.0     -5.25935
      66640.0     -4.86061
      66660.0     -4.19605
      66680.0     -4.81671
      66700.0     -6.23024
      66720.0     -6.36988
      66740.0     -7.98002
      66760.0     -8.06948
      66780.0     -9.28503
      66800.0     -9.31325
      66820.0     -7.06125
      66840.0     -6.83794
      66860.0     -5.39287
      66880.0     -6.01627
      66900.0     -6.84819
      66920.0     -5.63088
      66940.0     -6.74767
      66960.0     -6.99584
      66980.0     -8.83356
      67000.0     -7.73468
      67020.0     -8.70473
      67040.0     -7.65630
      67060.0     -7.93441
      67080.0     -8.48694
      67100.0     -6.67216
      67120.0     -6.32006
      67140.0     -6.31399
      67160.0     -7.02238
      67180.0     -7.57652
      67200.0     -7.36907
      67220.0     -7.38120
      67240.0     -7.12853
      67260.0     -6.63934
      67280.0     -6.34576
      67300.0     -5.75444
      67320.0     -7.20516
      67340.0     -7.41445
      67360.0     -7.55950
      67380.0     -8.20658
      67400.0     -6.93685
      67420.0     -6.42742
      67440.0     -7.26824
      67460.0     -6.51828
      67480.0     -5.59982
      67500.0     -4.21730
      67520.0     -4.11683
      67540.0     -4.68111
      67560.0     -4.77743
      67580.0     -4.86378
      67600.0     -6.50936
      67620.0     -6.01321
      67640.0     -7.00202
      67660.0     -6.69650
      67680.0     -7.31825
      67700.0     -8.16924
      67720.0     -8.01898
      67740.0     -7.64408
      67760.0     -5.93220
      67780.0     -5.56426
      67800.0     -4.47130
      67820.0     -4.27392
      67840.0     -4.96066
      67860.0     -6.30600
      67880.0     -7.97255
      67900.0     -7.33690
      67920.0     -6.70457
      67940.0     -7.12263
      67960.0     -6.38820
      67980.0     -5.46700
      68000.0     -6.02723
      68020.0     -6.57394
      68040.0     -6.68600
      68060.0     -6.20444
      68080.0     -6.26404
      68100.0     -6.87652
      68120.0     -5.56169
      68140.0     -6.70990
      68160.0     -6.75472
      68180.0     -6.66164
      68200.0     -6.54465
      68220.0     -4.93984
      68240.0     -4.00633
      68260.0     -5.77012
      68280.0     -6.03701
      68300.0     -6.74995
      68320.0     -7.39227
      68340.0     -7.42564
      68360.0     -7.93030
      68380.0     -6.96225
      68400.0     -6.48455
      68420.0     -6.45655
      68440.0     -5.51218
      68460.0     -6.79334
      68480.0     -6.44211
      68500.0     -6.99835
      68520.0     -7.34541
      68540.0     -7.14593
      68560.0     -7.22464
      68580.0     -7.12934
      68600.0     -7.17979
      68620.0     -7.08594
      68640.0     -6.29556
      68660.0     -5.72940
      68680.0     -6.37603
      68700.0     -6.47835
      68720.0     -6.02788
      68740.0     -6.18284
      68760.0     -6.65731
      68780.0     -7.18079
      68800.0     -6.35634
      68820.0     -5.10313
      68840.0     -6.76668
      68860.0     -6.42941
      68880.0     -5.99984
      68900.0     -5.89509
      68920.0     -7.94477
      68940.0     -7.98144
      68960.0     -9.25166
      68980.0     -8.25503
      69000.0     -8.33262
      69020.0     -6.61606
      69040.0     -5.49874
      69060.0     -3.05973
      69080.0     -3.22789
      69100.0     -3.21511
      69120.0     -3.86655
      69140.0     -4.79716
      69160.0     -5.85355
      69180.0     -6.40923
      69200.0     -8.32407
      69220.0     -9.56267
      69240.0     -8.35284
      69260.0     -9.85194
      69280.0     -8.54566
      69300.0     -8.40744
      69320.0     -6.37869
      69340.0     -5.84525
      69360.0     -3.91667
      69380.0     -4.15876
      69400.0     -3.86287
      69420.0     -3.94744
      69440.0     -6.50412
      69460.0     -7.36934
      69480.0     -6.35460
      69500.0     -7.91855
      69520.0     -7.30145
      69540.0     -6.56537
      69560.0     -8.15099
      69580.0     -6.71448
      69600.0     -6.99147
      69620.0     -6.33646
      69640.0     -6.72657
      69660.0     -5.79037
      69680.0     -6.51043
      69700.0     -5.77855
      69720.0     -5.55115
      69740.0     -7.05309
      69760.0     -8.32955
      69780.0     -6.53513
      69800.0     -6.12326
      69820.0     -6.24273
      69840.0     -6.36929
      69860.0     -5.17547
      69880.0     -6.56001
      69900.0     -6.16152
      69920.0     -6.39775
      69940.0     -7.28883
      69960.0     -6.47844
      69980.0     -8.66223
      70000.0     -8.38351
      70020.0     -7.88549
      70040.0     -8.05337
      70060.0     -6.74661
      70080.0     -6.03489
      70100.0     -6.04088
      70120.0     -5.65940
      70140.0     -5.88643
      70160.0     -6.72711
      70180.0     -7.39683
      70200.0     -8.99129
      70220.0     -9.08454
      70240.0     -8.08412
      70260.0     -7.26873
      70280.0     -7.36019
      70300.0     -6.69800
      70320.0     -6.75463
      70340.0     -5.94161
      70360.0     -6.07220
      70380.0     -5.58770
      70400.0     -5.35818
      70420.0     -5.36945
      70440.0     -6.28456
      70460.0     -7.68353
      70480.0     -8.54045
      70500.0     -7.53284
      70520.0     -9.02218
      70540.0     -9.25253
      70560.0     -9.58402
      70580.0     -9.31851
      70600.0     -7.39052
      70620.0     -6.28374
      70640.0     -5.87222
      70660.0     -6.76881
      70680.0     -7.70837
      70700.0     -7.17474
      70720.0     -8.95101
      70740.0     -9.68992
      70760.0     -8.70150
      70780.0     -7.72873
      70800.0     -6.68091
      70820.0     -5.75047
      70840.0     -7.26876
      70860.0     -7.67381
      70880.0     -8.14145
      70900.0     -6.26928
      70920.0     -6.43980
      70940.0     -7.72585
      70960.0     -6.26010
      70980.0     -7.10606
      71000.0     -6.99445
      71020.0     -8.66580
      71040.0     -7.32134
      71060.0     -6.43865
      71080.0     -6.61006
      71100.0     -6.82188
      71120.0     -5.76038
      71140.0     -3.98699
      71160.0     -6.47714
      71180.0     -7.50732
      71200.0     -7.45858
      71220.0     -7.56087
      71240.0     -7.93871
      71260.0     -7.80870
      71280.0     -7.02371
      71300.0     -5.63061
      71320.0     -5.59642
      71340.0     -5.75710
      71360.0     -5.83706
      71380.0     -5.76527
      71400.0     -6.33336
      71420.0     -6.78845
      71440.0     -6.84080
      71460.0     -7.34480
      71480.0     -7.26184
      71500.0     -7.27580
      71520.0     -6.68365
      71540.0     -6.45416
      71560.0     -7.26451
      71580.0     -8.13202
      71600.0     -6.77813
      71620.0     -7.09453
      71640.0     -6.37775
      71660.0     -6.32774
      71680.0     -5.66621
      71700.0     -4.57265
      71720.0     -5.28861
      71740.0     -6.49809
      71760.0     -7.51145
      71780.0     -7.44515
      71800.0     -8.27290
      71820.0     -7.88444
      71840.0     -6.81648
      71860.0     -5.99970
      71880.0     -5.72136
      71900.0     -5.20231
      71920.0     -5.71771
      71940.0     -6.87654
      71960.0     -6.66434
      71980.0     -6.80147
      72000.0     -7.14605
      72020.0     -5.69083
      72040.0     -4.38142
      72060.0     -4.88695
      72080.0     -4.61073
      72100.0     -5.30250
      72120.0     -7.14469
      72140.0     -8.03240
      72160.0     -8.03054
      72180.0     -7.66908
      72200.0     -6.06295
      72220.0     -4.98074
      72240.0     -5.21714
      72260.0     -4.11795
      72280.0     -4.86668
      72300.0     -6.73388
      72320.0     -7.38610
      72340.0     -7.43860
      72360.0     -7.54246
      72380.0     -7.43678
      72400.0     -6.59271
      72420.0     -4.91267
      72440.0     -4.79261
      72460.0     -4.94925
      72480.0     -5.43255
      72500.0     -6.05699
      72520.0     -6.35792
      72540.0     -5.96459
      72560.0     -7.78155
      72580.0     -7.24547
      72600.0     -7.09361
      72620.0     -7.12024
      72640.0     -6.29151
      72660.0     -4.51838
      72680.0     -5.03094
      72700.0     -5.34493
      72720.0     -6.10514
      72740.0     -7.30865
      72760.0     -6.29495
      72780.0     -8.83964
      72800.0     -8.48478
      72820.0     -7.82192
      72840.0     -7.03961
      72860.0     -6.74299
      72880.0     -7.30944
      72900.0     -6.68782
      72920.0     -6.71620
      72940.0     -7.05640
      72960.0     -8.02053
      72980.0     -6.81584
      73000.0     -6.35004
      73020.0     -6.19920
      73040.0     -6.50105
      73060.0     -5.73525
      73080.0     -6.38985
      73100.0     -5.78331
      73120.0     -7.63448
      73140.0     -7.28480
      73160.0     -7.36480
      73180.0     -8.61068
      73200.0     -6.52772
      73220.0     -7.91814
      73240.0     -7.87100
      73260.0     -6.55001
      73280.0     -6.25085
      73300.0     -7.33388
      73320.0     -6.94978
      73340.0     -6.42612
      73360.0     -6.42586
      73380.0     -5.73039
      73400.0     -4.96252
      73420.0     -5.60731
      73440.0     -5.32456
      73460.0     -6.40058
      73480.0     -7.38236
      73500.0     -8.15908
      73520.0     -8.52339
      73540.0     -9.29825
      73560.0     -7.66801
      73580.0     -7.61295
      73600.0     -5.51813
      73620.0     -4.40481
      73640.0     -4.93674
      73660.0     -5.47594
      73680.0     -5.81273
      73700.0     -6.71361
      73720.0     -8.97677
      73740.0     -8.84088
      73760.0     -6.87128
      73780.0     -8.64766
      73800.0     -5.81314
      73820.0     -6.34233
      73840.0     -7.51339
      73860.0     -6.12882
      73880.0     -6.53008
      73900.0     -6.98538
      73920.0     -7.08669
      73940.0     -6.95400
      73960.0     -8.15332
      73980.0     -6.66463
      74000.0     -7.19229
      74020.0     -6.40951
      74040.0     -6.07296
      74060.0     -5.53589
      74080.0     -5.14084
      74100.0     -5.54850
      74120.0     -6.76401
      74140.0     -6.09084
      74160.0     -7.08817
      74180.0     -7.64565
      74200.0     -8.63367
      74220.0     -9.24343
      74240.0     -9.41645
      74260.0     -8.38165
      74280.0     -8.04635
      74300.0     -7.92499
      74320.0     -5.56540
      74340.0     -4.97484
      74360.0     -5.95657
      74380.0     -4.57486
      74400.0     -6.05450
      74420.0     -7.07924
      74440.0     -7.25913
      74460.0     -8.27178
      74480.0     -7.59883
      74500.0     -8.22128
      74520.0     -7.84659
      74540.0     -7.06928
      74560.0     -8.57235
      74580.0     -8.68726
      74600.0     -9.08432
      74620.0     -7.81044
      74640.0     -6.91453
      74660.0     -6.65844
      74680.0     -6.50162
      74700.0     -6.05252
      74720.0     -5.88476
      74740.0     -6.10875
      74760.0     -6.67026
      74780.0     -8.09352
      74800.0     -8.42650
      74820.0     -8.87311
      74840.0     -8.97756
      74860.0     -8.30290
      74880.0     -8.09272
      74900.0     -6.56697
      74920.0     -6.06001
      74940.0     -4.23973
      74960.0     -3.58748
      74980.0     -4.15388
      75000.0     -4.34176
      75020.0     -4.04236
      75040.0     -4.31052
      75060.0     -8.03394
      75080.0     -8.55667
      75100.0     -9.34723
      75120.0     -8.80295
      75140.0     -7.83083
      75160.0     -8.50352
      75180.0     -7.17571
      75200.0     -6.40998
      75220.0     -4.64153
      75240.0     -4.10991
      75260.0     -4.55486
      75280.0     -3.67757
      75300.0     -5.55016
      75320.0     -5.64748
      75340.0     -6.37294
      75360.0     -6.49529
      75380.0     -6.94023
      75400.0     -4.80344
      75420.0     -5.07932
      75440.0     -5.53704
      75460.0     -4.13551
      75480.0     -6.46899
      75500.0     -6.71019
      75520.0     -7.43047
      75540.0     -7.15974
      75560.0     -4.85550
      75580.0     -5.14769
      75600.0     -4.96425
      75620.0     -4.49927
      75640.0     -6.48068
      75660.0     -6.39987
      75680.0     -6.18967
      75700.0     -7.18802
      75720.0     -6.92746
      75740.0     -7.00734
      75760.0     -6.69674
      75780.0     -7.44936
      75800.0     -7.79422
      75820.0     -8.21933
      75840.0     -7.45873
      75860.0     -5.86955
      75880.0     -5.39748
      75900.0     -6.12156
      75920.0     -6.84421
      75940.0     -7.26762
      75960.0     -6.46111
      75980.0     -5.60591
      76000.0     -5.28476
      76020.0     -4.44201
      76040.0     -4.79471
      76060.0     -5.66899
      76080.0     -6.81473
      76100.0     -7.58469
      76120.0     -8.39524
      76140.0     -7.95970
      76160.0     -6.98080
      76180.0     -6.61748
      76200.0     -6.72508
      76220.0     -6.25027
      76240.0     -5.39399
      76260.0     -5.37316
      76280.0     -5.83390
      76300.0     -6.05140
      76320.0     -5.05765
      76340.0     -7.54741
      76360.0     -7.79486
      76380.0     -8.86947
      76400.0     -7.63605
      76420.0     -8.02784
      76440.0     -6.92291
      76460.0     -6.07810
      76480.0     -5.61470
      76500.0     -4.16322
      76520.0     -5.74273
      76540.0     -5.73251
      76560.0     -6.31580
      76580.0     -6.83066
      76600.0     -6.94621
      76620.0     -7.08036
      76640.0     -8.59807
      76660.0     -8.82884
      76680.0     -8.54374
      76700.0     -8.96388
      76720.0     -8.38698
      76740.0     -6.95847
      76760.0     -5.56700
      76780.0     -6.67626
      76800.0     -6.39387
      76820.0     -6.16022
      76840.0     -5.47438
      76860.0     -4.28614
      76880.0     -4.11848
      76900.0     -3.57740
      76920.0     -6.09559
      76940.0     -7.42804
      76960.0     -9.73079
      76980.0     -10.1979
      77000.0     -10.4010
      77020.0     -10.0036
      77040.0     -9.61995
      77060.0     -7.54316
      77080.0     -6.82953
      77100.0     -6.31819
      77120.0     -5.17655
      77140.0     -4.94902
      77160.0     -4.28413
      77180.0     -5.91298
      77200.0     -5.28680
      77220.0     -7.44632
      77240.0     -8.19937
      77260.0     -8.40581
      77280.0     -9.63884
      77300.0     -9.93902
      77320.0     -9.36973
      77340.0     -7.80240
      77360.0     -6.13785
      77380.0     -6.33124
      77400.0     -5.94770
      77420.0     -5.90854
      77440.0     -5.87682
      77460.0     -6.06567
      77480.0     -8.65806
      77500.0     -7.95893
      77520.0     -9.73382
      77540.0     -9.08785
      77560.0     -8.93969
      77580.0     -9.12184
      77600.0     -8.11595
      77620.0     -5.56162
      77640.0     -5.33221
      77660.0     -3.73751
      77680.0     -3.93010
      77700.0     -5.08877
      77720.0     -6.11687
      77740.0     -7.15409
      77760.0     -7.81337
      77780.0     -7.88812
      77800.0     -6.57739
      77820.0     -8.38004
      77840.0     -7.36462
      77860.0     -5.85274
      77880.0     -6.74430
      77900.0     -5.23463
      77920.0     -3.69462
      77940.0     -4.49805
      77960.0     -4.59722
      77980.0     -5.76501
      78000.0     -6.21951
      78020.0     -7.45887
      78040.0     -8.31417
      78060.0     -9.46549
      78080.0     -7.89116
      78100.0     -7.99919
      78120.0     -5.16302
      78140.0     -5.45815
      78160.0     -3.58932
      78180.0     -4.52058
      78200.0     -4.71821
      78220.0     -5.69206
      78240.0     -6.18694
      78260.0     -6.94141
      78280.0     -7.86656
      78300.0     -8.54290
      78320.0     -8.10471
      78340.0     -7.77104
      78360.0     -8.97135
      78380.0     -7.02638
      78400.0     -5.32973
      78420.0     -4.82089
      78440.0     -6.14911
      78460.0     -5.19441
      78480.0     -7.31945
      78500.0     -6.54812
      78520.0     -5.95682
      78540.0     -6.98972
      78560.0     -6.35160
      78580.0     -6.22017
      78600.0     -5.88980
      78620.0     -6.34478
      78640.0     -6.20690
      78660.0     -7.24545
      78680.0     -7.04990
      78700.0     -6.00805
      78720.0     -6.14125
      78740.0     -5.43288
      78760.0     -5.70781
      78780.0     -6.20552
      78800.0     -5.80252
      78820.0     -5.90924
      78840.0     -5.55050
      78860.0     -5.94814
      78880.0     -6.36401
      78900.0     -4.80950
      78920.0     -5.77352
      78940.0     -5.21132
      78960.0     -5.41284
      78980.0     -7.30636
      79000.0     -6.20965
      79020.0     -7.04460
      79040.0     -7.13895
      79060.0     -9.07176
      79080.0     -7.62274
      79100.0     -8.33205
      79120.0     -6.75512
      79140.0     -4.71640
      79160.0     -4.81369
      79180.0     -5.32369
      79200.0     -5.21612
      79220.0     -4.50507
      79240.0     -4.48177
      79260.0     -7.74987
      79280.0     -6.89989
      79300.0     -8.63939
      79320.0     -7.35120
      79340.0     -7.68392
      79360.0     -6.20888
      79380.0     -3.03260
      79400.0     -4.35928
      79420.0     -4.03488
      79440.0     -4.06028
      79460.0     -6.03377
      79480.0     -7.44608
      79500.0     -8.11973
      79520.0     -8.49638
      79540.0     -6.88118
      79560.0     -5.69794
      79580.0     -5.43653
      79600.0     -4.83594
      79620.0     -4.86366
      79640.0     -4.68190
      79660.0     -6.08705
      79680.0     -6.19619
      79700.0     -8.59460
      79720.0     -7.57492
      79740.0     -8.64858
      79760.0     -7.32355
      79780.0     -7.93741
      79800.0     -7.38778
      79820.0     -7.97586
      79840.0     -5.92144
      79860.0     -5.04073
      79880.0     -4.92703
      79900.0     -6.09054
      79920.0     -5.48627
      79940.0     -6.69726
      79960.0     -5.59063
      79980.0     -7.54753
      80000.0     -7.38596
      80020.0     -6.90013
      80040.0     -9.01829
      80060.0     -8.67099
      80080.0     -8.35095
      80100.0     -6.97314
      80120.0     -6.59865
      80140.0     -5.84052
      80160.0     -5.46249
      80180.0     -4.53559
      80200.0     -5.09730
      80220.0     -5.31566
      80240.0     -4.85513
      80260.0     -6.40055
      80280.0     -6.69762
      80300.0     -8.53832
      80320.0     -7.96118
      80340.0     -7.48170
      80360.0     -7.31906
      80380.0     -8.25561
      80400.0     -7.49728
      80420.0     -6.02616
      80440.0     -6.75446
      80460.0     -4.57050
      80480.0     -3.03733
      80500.0     -2.43448
      80520.0     -2.73621
      80540.0     -3.52032
      80560.0     -4.63244
      80580.0     -7.56808
      80600.0     -9.51254
      80620.0     -9.00765
      80640.0     -10.3446
      80660.0     -7.06146
      80680.0     -7.41503
      80700.0     -6.40797
      80720.0     -6.26896
      80740.0     -5.33864
      80760.0     -3.25647
      80780.0     -2.98139
      80800.0     -3.69618
      80820.0     -4.87969
      80840.0     -4.49915
      80860.0     -4.43366
      80880.0     -5.69633
      80900.0     -6.20252
      80920.0     -6.42247
      80940.0     -5.79113
      80960.0     -4.67899
      80980.0     -5.84186
      81000.0     -5.68552
      81020.0     -5.40866
      81040.0     -7.60337
      81060.0     -5.88675
      81080.0     -6.39287
      81100.0     -6.84834
      81120.0     -7.01517
      81140.0     -6.16197
      81160.0     -5.71114
      81180.0     -5.60481
      81200.0     -6.05349
      81220.0     -6.10205
      81240.0     -5.58112
      81260.0     -6.41608
      81280.0     -7.29653
      81300.0     -6.14922
      81320.0     -6.91662
      81340.0     -6.27141
      81360.0     -6.76928
      81380.0     -7.37089
      81400.0     -8.18125
      81420.0     -8.15943
      81440.0     -8.09843
      81460.0     -6.59893
      81480.0     -6.90919
      81500.0     -6.51607
      81520.0     -6.20857
      81540.0     -6.56229
      81560.0     -6.53277
      81580.0     -6.07944
      81600.0     -7.26508
      81620.0     -7.47644
      81640.0     -8.57409
      81660.0     -8.42082
      81680.0     -8.74520
      81700.0     -8.92253
      81720.0     -7.78861
      81740.0     -8.28217
      81760.0     -6.44183
      81780.0     -5.26000
      81800.0     -5.10458
      81820.0     -5.08344
      81840.0     -5.76497
      81860.0     -6.89798
      81880.0     -7.66982
      81900.0     -9.05345
      81920.0     -9.83399
      81940.0     -8.92957
      81960.0     -8.29142
      81980.0     -6.08727
      82000.0     -7.50636
      82020.0     -7.56021
      82040.0     -6.45001
      82060.0     -7.52252
      82080.0     -7.57574
      82100.0     -7.41020
      82120.0     -7.00902
      82140.0     -6.41744
      82160.0     -6.79785
      82180.0     -6.79290
      82200.0     -6.92713
      82220.0     -8.77249
      82240.0     -8.51237
      82260.0     -8.45378
      82280.0     -9.99796
      82300.0     -9.20636
      82320.0     -8.69275
      82340.0     -8.36503
      82360.0     -7.41171
      82380.0     -5.94740
      82400.0     -4.67947
      82420.0     -7.24770
      82440.0     -6.86118
      82460.0     -6.76471
      82480.0     -7.48656
      82500.0     -7.95022
      82520.0     -6.92420
      82540.0     -6.74931
      82560.0     -5.75121
      82580.0     -5.78179
      82600.0     -6.49593
      82620.0     -6.72924
      82640.0     -6.44210
      82660.0     -8.50419
      82680.0     -8.18622
      82700.0     -7.00196
      82720.0     -6.78140
      82740.0     -5.93797
      82760.0     -6.08897
      82780.0     -7.22297
      82800.0     -6.05928
      82820.0     -5.59593
      82840.0     -5.98560
      82860.0     -6.08758
      82880.0     -5.49002
      82900.0     -6.66234
      82920.0     -6.75242
      82940.0     -7.58849
      82960.0     -6.87894
      82980.0     -7.45143
      83000.0     -8.42344
      83020.0     -6.54457
      83040.0     -5.55588
      83060.0     -5.38857
      83080.0     -6.04251
      83100.0     -7.75322
      83120.0     -7.47649
      83140.0     -7.26639
      83160.0     -7.12118
      83180.0     -7.96506
      83200.0     -9.08560
      83220.0     -8.21969
      83240.0     -9.11554
      83260.0     -7.94429
      83280.0     -7.24716
      83300.0     -7.56619
      83320.0     -8.27002
      83340.0     -6.65644
      83360.0     -6.46801
      83380.0     -6.89160
      83400.0     -6.28207
      83420.0     -5.45826
      83440.0     -6.85196
      83460.0     -7.10105
      83480.0     -6.51005
      83500.0     -7.54559
      83520.0     -7.69545
      83540.0     -8.01823
      83560.0     -8.09641
      83580.0     -6.51785
      83600.0     -7.25717
      83620.0     -6.60477
      83640.0     -6.68917
      83660.0     -6.31288
      83680.0     -6.91018
      83700.0     -5.95708
      83720.0     -7.42177
      83740.0     -7.78040
      83760.0     -8.46000
      83780.0     -7.20832
      83800.0     -7.91777
      83820.0     -7.27717
      83840.0     -6.40442
      83860.0     -6.07819
      83880.0     -6.80580
      83900.0     -5.71797
      83920.0     -5.65234
      83940.0     -6.04746
      83960.0     -5.48876
      83980.0     -4.52398
      84000.0     -6.38433
      84020.0     -6.80152
      84040.0     -7.14219
      84060.0     -7.01430
      84080.0     -7.52387
      84100.0     -7.82182
      84120.0     -7.47795
      84140.0     -8.74756
      84160.0     -7.15000
      84180.0     -6.62375
      84200.0     -5.85225
      84220.0     -5.64481
      84240.0     -5.52597
      84260.0     -5.56032
      84280.0     -6.48441
      84300.0     -6.44074
      84320.0     -7.85032
      84340.0     -7.76521
      84360.0     -7.44527
      84380.0     -7.76433
      84400.0     -8.30263
      84420.0     -7.46175
      84440.0     -7.58634
      84460.0     -7.16234
      84480.0     -8.39077
      84500.0     -8.26155
      84520.0     -7.08661
      84540.0     -6.34056
      84560.0     -6.24059
      84580.0     -5.89903
      84600.0     -5.83405
      84620.0     -5.63314
      84640.0     -5.15141
      84660.0     -5.91353
      84680.0     -7.83867
      84700.0     -5.83069
      84720.0     -6.80090
      84740.0     -5.66829
      84760.0     -6.42866
      84780.0     -7.62971
      84800.0     -7.65443
      84820.0     -6.97066
      84840.0     -6.75592
      84860.0     -6.31159
      84880.0     -6.27073
      84900.0     -5.48873
      84920.0     -5.64371
      84940.0     -7.19554
      84960.0     -6.78784
      84980.0     -4.95434
      85000.0     -5.17795
      85020.0     -5.68052
      85040.0     -6.40820
      85060.0     -6.98952
      85080.0     -6.18054
      85100.0     -8.16187
      85120.0     -7.39496
      85140.0     -8.16058
      85160.0     -5.36056
      85180.0     -4.52860
      85200.0     -2.60198
      85220.0     -3.20233
      85240.0     -3.81059
      85260.0     -4.30663
      85280.0     -5.67715
      85300.0     -6.29407
      85320.0     -8.43427
      85340.0     -7.67086
      85360.0     -7.72638
      85380.0     -6.77567
      85400.0     -6.67390
      85420.0     -5.97760
      85440.0     -6.39897
      85460.0     -5.86163
      85480.0     -4.57225
      85500.0     -6.72134
      85520.0     -6.96339
      85540.0     -7.01476
      85560.0     -7.26904
      85580.0     -6.84174
      85600.0     -5.82064
      85620.0     -5.40547
      85640.0     -5.78110
      85660.0     -5.49717
      85680.0     -6.39319
      85700.0     -5.76048
      85720.0     -5.87953
      85740.0     -6.44801
      85760.0     -7.62804
      85780.0     -8.28765
      85800.0     -7.13712
      85820.0     -7.84916
      85840.0     -7.72518
      85860.0     -6.67760
      85880.0     -7.00960
      85900.0     -6.55040
      85920.0     -6.04617
      85940.0     -5.56502
      85960.0     -5.11810
      85980.0     -4.82315
      86000.0     -4.34420
      86020.0     -4.96322
      86040.0     -6.30933
      86060.0     -7.93596
      86080.0     -8.42681
      86100.0     -8.59973
      86120.0     -10.2344
      86140.0     -8.35567
      86160.0     -6.14688
      86180.0     -5.60179
      86200.0     -4.34365
      86220.0     -4.09657
      86240.0     -3.94853
      86260.0     -5.11534
      86280.0     -6.16530
      86300.0     -6.36995
      86320.0     -7.73938
      86340.0     -8.15569
      86360.0     -8.01023
      86380.0     -8.24460
      86400.0     -9.65268
      86420.0     -8.04912
      86440.0     -7.53310
      86460.0     -5.41761
      86480.0     -4.84119
      86500.0     -4.07399
      86520.0     -3.66460
      86540.0     -4.03462
      86560.0     -6.36322
      86580.0     -4.97317
      86600.0     -5.88980
      86620.0     -6.46051
      86640.0     -6.50370
      86660.0     -6.69683
      86680.0     -6.44947
      86700.0     -6.42976
      86720.0     -4.71748
      86740.0     -5.92817
      86760.0     -6.61997
      86780.0     -5.29371
      86800.0     -5.35488
      86820.0     -5.08716
      86840.0     -6.58425
      86860.0     -4.89466
      86880.0     -4.76087
      86900.0     -4.24743
      86920.0     -4.08037
      86940.0     -4.46004
      86960.0     -4.80077
      86980.0     -3.85466
      87000.0     -5.35058
      87020.0     -5.01103
      87040.0     -6.19374
      87060.0     -5.20087
      87080.0     -5.26630
      87100.0     -5.53962
      87120.0     -5.89363
      87140.0     -5.77426
      87160.0     -5.41388
      87180.0     -5.49803
      87200.0     -6.30817
      87220.0     -6.96748
      87240.0     -6.76281
      87260.0     -6.19164
      87280.0     -6.61247
      87300.0     -6.87901
      87320.0     -6.89670
      87340.0     -6.05345
      87360.0     -5.11442
      87380.0     -5.94173
      87400.0     -5.37558
      87420.0     -5.99607
      87440.0     -6.69576
      87460.0     -6.65479
      87480.0     -6.84601
      87500.0     -7.53359
      87520.0     -6.47055
      87540.0     -7.43822
      87560.0     -7.93299
      87580.0     -6.23569
      87600.0     -6.21766
      87620.0     -6.28629
      87640.0     -7.73545
      87660.0     -6.51096
      87680.0     -7.17634
      87700.0     -7.65820
      87720.0     -8.14695
      87740.0     -7.78767
      87760.0     -8.73955
      87780.0     -7.60561
      87800.0     -7.36048
      87820.0     -6.73409
      87840.0     -7.71327
      87860.0     -7.01962
      87880.0     -6.58774
      87900.0     -5.08397
      87920.0     -5.85019
      87940.0     -6.68215
      87960.0     -6.10092
      87980.0     -6.87724
      88000.0     -7.94522
      88020.0     -6.69118
      88040.0     -6.60828
      88060.0     -7.26328
      88080.0     -7.03743
      88100.0     -7.00685
      88120.0     -5.98967
      88140.0     -5.22679
      88160.0     -4.74717
      88180.0     -6.01767
      88200.0     -7.16784
      88220.0     -7.79168
      88240.0     -8.08187
      88260.0     -9.27874
      88280.0     -8.88048
      88300.0     -6.88025
      88320.0     -5.49045
      88340.0     -5.14454
      88360.0     -3.85944
      88380.0     -5.24098
      88400.0     -5.84070
      88420.0     -6.30259
      88440.0     -6.03513
      88460.0     -6.08632
      88480.0     -6.13264
      88500.0     -7.09276
      88520.0     -6.70451
      88540.0     -6.25318
      88560.0     -5.62017
      88580.0     -6.97743
      88600.0     -5.68699
      88620.0     -5.33873
      88640.0     -5.58426
      88660.0     -5.81047
      88680.0     -5.08640
      88700.0     -5.47239
      88720.0     -5.67080
      88740.0     -6.37374
      88760.0     -7.36810
      88780.0     -6.40893
      88800.0     -7.21461
      88820.0     -7.05008
      88840.0     -7.21678
      88860.0     -6.76982
      88880.0     -7.06234
      88900.0     -6.58984
      88920.0     -6.09293
      88940.0     -5.86366
      88960.0     -4.53562
      88980.0     -4.97096
      89000.0     -4.59456
      89020.0     -5.56707
      89040.0     -6.19444
      89060.0     -7.68335
      89080.0     -8.81798
      89100.0     -9.93935
      89120.0     -8.32265
      89140.0     -8.98623
      89160.0     -9.98578
      89180.0     -8.04939
      89200.0     -7.08837
      89220.0     -5.74918
      89240.0     -5.22456
      89260.0     -4.76544
      89280.0     -4.03957
      89300.0     -5.33329
      89320.0     -5.37159
      89340.0     -6.60298
      89360.0     -8.11916
      89380.0     -8.53511
      89400.0     -7.97427
      89420.0     -7.74190
      89440.0     -9.12876
      89460.0     -8.34548
      89480.0     -8.18190
      89500.0     -6.63488
      89520.0     -6.45710
      89540.0     -5.49094
      89560.0     -4.88619
      89580.0     -6.27607
      89600.0     -7.20198
      89620.0     -8.73853
      89640.0     -9.90551
      89660.0     -10.1747
      89680.0     -8.30293
      89700.0     -7.20362
      89720.0     -6.23469
      89740.0     -5.74878
      89760.0     -6.26504
      89780.0     -6.39928
      89800.0     -5.76398
      89820.0     -5.66840
      89840.0     -7.69945
      89860.0     -7.58664
      89880.0     -8.66786
      89900.0     -7.65795
      89920.0     -7.31294
      89940.0     -7.06559
      89960.0     -7.91434
      89980.0     -7.39924
      90000.0     -7.01146
      90020.0     -7.57307
      90040.0     -6.94179
      90060.0     -7.11890
      90080.0     -6.96005
      90100.0     -7.02933
      90120.0     -8.03036
      90140.0     -6.59295
      90160.0     -6.70273
      90180.0     -5.81155
      90200.0     -6.30299
      90220.0     -4.75787
      90240.0     -6.14399
      90260.0     -6.02848
      90280.0     -6.81430
      90300.0     -5.98355
      90320.0     -6.83046
      90340.0     -7.33087
      90360.0     -5.87408
      90380.0     -7.37771
      90400.0     -6.95431
      90420.0     -5.59364
      90440.0     -6.50235
      90460.0     -5.90589
      90480.0     -4.05761
      90500.0     -6.00372
      90520.0     -5.43555
      90540.0     -6.62640
      90560.0     -7.52537
      90580.0     -7.13815
      90600.0     -6.89525
      90620.0     -7.70042
      90640.0     -6.80015
      90660.0     -6.58353
      90680.0     -6.60801
      90700.0     -6.34195
      90720.0     -5.98337
      90740.0     -6.87041
      90760.0     -7.02184
      90780.0     -7.37371
      90800.0     -6.49796
      90820.0     -7.09045
      90840.0     -7.56607
      90860.0     -6.54032
      90880.0     -7.05413
      90900.0     -5.95890
      90920.0     -6.87991
      90940.0     -5.04591
      90960.0     -6.84725
      90980.0     -6.10105
      91000.0     -6.40161
      91020.0     -6.53303
      91040.0     -7.51262
      91060.0     -7.44835
      91080.0     -6.69648
      91100.0     -6.44183
      91120.0     -6.14574
      91140.0     -5.89110
      91160.0     -5.76169
      91180.0     -6.30357
      91200.0     -7.32165
      91220.0     -7.94676
      91240.0     -7.86600
      91260.0     -8.45670
      91280.0     -7.07829
      91300.0     -6.55701
      91320.0     -6.31672
      91340.0     -5.87966
      91360.0     -4.62694
      91380.0     -4.06866
      91400.0     -4.84222
      91420.0     -3.56255
      91440.0     -4.44231
      91460.0     -5.43728
      91480.0     -6.75323
      91500.0     -5.72745
      91520.0     -6.52822
      91540.0     -7.16980
      91560.0     -6.32441
      91580.0     -7.55960
      91600.0     -7.19873
      91620.0     -6.23463
      91640.0     -5.28786
      91660.0     -4.48271
      91680.0     -5.43315
      91700.0     -4.15256
      91720.0     -4.21110
      91740.0     -4.79326
      91760.0     -6.12920
      91780.0     -6.19617
      91800.0     -7.51556
      91820.0     -8.37822
      91840.0     -9.77513
      91860.0     -8.31130
      91880.0     -7.99829
      91900.0     -7.78456
      91920.0     -7.42295
      91940.0     -5.25046
      91960.0     -4.32255
      91980.0     -3.21274
      92000.0     -3.84503
      92020.0     -5.70157
      92040.0     -5.50092
      92060.0     -6.27401
      92080.0     -6.79894
      92100.0     -7.34544
      92120.0     -8.93858
      92140.0     -9.53046
      92160.0     -8.86298
      92180.0     -7.98400
      92200.0     -6.52087
      92220.0     -8.06295
      92240.0     -6.22522
      92260.0     -5.74840
      92280.0     -6.29909
      92300.0     -5.37594
      92320.0     -6.06984
      92340.0     -7.62340
      92360.0     -7.41122
      92380.0     -8.42118
      92400.0     -7.42050
      92420.0     -7.06808
      92440.0     -6.70516
      92460.0     -4.07575
      92480.0     -4.43411
      92500.0     -2.75761
      92520.0     -2.94505
      92540.0     -4.12434
      92560.0     -5.46810
      92580.0     -7.14354
      92600.0     -7.69284
      92620.0     -8.81975
      92640.0     -7.88098
      92660.0     -7.96698
      92680.0     -6.34566
      92700.0     -5.73504
      92720.0     -4.22056
      92740.0     -4.02212
      92760.0     -3.79878
      92780.0     -3.89609
      92800.0     -5.57777
      92820.0     -5.38083
      92840.0     -6.38852
      92860.0     -6.67485
      92880.0     -5.89578
      92900.0     -6.39595
      92920.0     -5.48545
      92940.0     -4.85221
      92960.0     -4.90356
      92980.0     -4.39538
      93000.0     -5.14658
      93020.0     -5.72229
      93040.0     -5.28785
      93060.0     -6.01204
      93080.0     -5.93968
      93100.0     -5.67701
      93120.0     -8.11858
      93140.0     -6.86725
      93160.0     -7.00617
      93180.0     -6.75536
      93200.0     -5.65655
      93220.0     -7.01964
      93240.0     -6.64109
      93260.0     -5.80585
      93280.0     -6.04653
      93300.0     -5.99867
      93320.0     -6.88087
      93340.0     -5.89439
      93360.0     -6.29029
      93380.0     -4.84988
      93400.0     -5.50862
      93420.0     -4.74719
      93440.0     -6.42280
      93460.0     -6.02500
      93480.0     -6.63604
      93500.0     -6.86702
      93520.0     -7.16072
      93540.0     -6.50439
      93560.0     -7.64441
      93580.0     -8.04988
      93600.0     -8.07421
      93620.0     -8.30690
      93640.0     -7.06664
      93660.0     -6.76351
      93680.0     -6.85923
      93700.0     -5.62673
      93720.0     -5.84050
      93740.0     -5.81793
      93760.0     -5.77344
      93780.0     -6.60215
      93800.0     -6.59871
      93820.0     -7.25756
      93840.0     -7.47910
      93860.0     -9.04611
      93880.0     -8.32343
      93900.0     -7.83041
      93920.0     -8.01122
      93940.0     -7.43118
      93960.0     -6.45628
      93980.0     -5.97538
      94000.0     -6.08767
      94020.0     -5.43914
      94040.0     -6.63518
      94060.0     -7.43929
      94080.0     -8.19278
      94100.0     -8.13249
      94120.0     -6.80521
      94140.0     -8.03117
      94160.0     -6.33213
      94180.0     -5.34380
      94200.0     -5.87211
      94220.0     -6.79169
      94240.0     -6.44899
      94260.0     -7.30995
      94280.0     -8.26337
      94300.0     -7.30211
      94320.0     -7.55769
      94340.0     -7.18882
      94360.0     -6.97186
      94380.0     -5.44258
      94400.0     -5.38532
      94420.0     -4.48266
      94440.0     -4.36412
      94460.0     -4.71627
      94480.0     -5.77508
      94500.0     -6.21202
      94520.0     -6.69371
      94540.0     -7.29502
      94560.0     -8.33074
      94580.0     -9.52153
      94600.0     -8.10650
      94620.0     -7.28306
      94640.0     -7.18159
      94660.0     -6.12865
      94680.0     -5.40029
      94700.0     -4.70755
      94720.0     -4.13130
      94740.0     -5.33316
      94760.0     -4.27391
      94780.0     -5.15315
      94800.0     -5.20498
      94820.0     -6.35607
      94840.0     -7.09539
      94860.0     -6.79208
      94880.0     -8.47013
      94900.0     -6.88632
      94920.0     -7.89012
      94940.0     -5.55868
      94960.0     -5.57974
      94980.0     -5.34268
      95000.0     -5.09663
      95020.0     -4.17110
      95040.0     -4.75153
      95060.0     -4.92489
      95080.0     -5.27730
      95100.0     -6.63096
      95120.0     -7.15655
      95140.0     -8.07876
      95160.0     -8.25381
      95180.0     -9.62290
      95200.0     -8.97078
      95220.0     -7.51374
      95240.0     -7.37497
      95260.0     -5.74322
      95280.0     -5.57668
      95300.0     -2.98851
      95320.0     -3.40253
      95340.0     -2.86196
      95360.0     -4.02458
      95380.0     -3.53659
      95400.0     -6.67904
      95420.0     -5.77452
      95440.0     -7.16800
      95460.0     -8.10590
      95480.0     -9.11870
      95500.0     -7.48925
      95520.0     -8.16215
      95540.0     -6.45696
      95560.0     -5.37937
      95580.0     -6.16102
      95600.0     -5.55156
      95620.0     -4.79662
      95640.0     -5.01345
      95660.0     -5.42105
      95680.0     -5.24539
      95700.0     -6.88096
      95720.0     -6.03141
      95740.0     -6.27975
      95760.0     -5.50750
      95780.0     -5.01412
      95800.0     -6.86267
      95820.0     -6.33170
      95840.0     -6.98191
      95860.0     -5.68527
      95880.0     -6.98127
      95900.0     -6.94117
      95920.0     -7.13403
      95940.0     -7.06972
      95960.0     -6.28605
      95980.0     -6.87122
      96000.0     -7.13835
      96020.0     -8.31722
      96040.0     -8.23237
      96060.0     -7.70568
      96080.0     -6.98664
      96100.0     -5.17675
      96120.0     -4.41551
      96140.0     -3.91470
      96160.0     -5.31248
      96180.0     -7.07165
      96200.0     -7.83954
      96220.0     -8.51136
      96240.0     -8.39914
      96260.0     -9.06730
      96280.0     -8.91136
      96300.0     -8.30834
      96320.0     -6.42183
      96340.0     -5.75585
      96360.0     -5.79369
      96380.0     -6.88214
      96400.0     -7.22796
      96420.0     -8.62146
      96440.0     -7.52005
      96460.0     -6.48133
      96480.0     -6.52128
      96500.0     -5.15311
      96520.0     -5.03782
      96540.0     -4.86230
      96560.0     -5.41784
      96580.0     -6.38686
      96600.0     -7.36121
      96620.0     -7.84822
      96640.0     -7.45824
      96660.0     -7.82108
      96680.0     -5.83137
      96700.0     -6.67796
      96720.0     -7.33991
      96740.0     -4.87007
      96760.0     -6.35884
      96780.0     -5.30336
      96800.0     -4.52444
      96820.0     -6.13580
      96840.0     -5.78406
      96860.0     -7.01530
      96880.0     -6.89988
      96900.0     -7.19793
      96920.0     -7.54968
      96940.0     -6.12191
      96960.0     -6.23254
      96980.0     -5.85381
      97000.0     -4.10752
      97020.0     -3.29034
      97040.0     -3.09969
      97060.0     -3.78567
      97080.0     -5.34466
      97100.0     -6.21107
      97120.0     -7.67483
      97140.0     -5.43782
      97160.0     -6.71310
      97180.0     -5.22631
      97200.0     -5.83075
      97220.0     -6.15196
      97240.0     -6.65104
      97260.0     -7.84804
      97280.0     -7.02696
      97300.0     -7.11168
      97320.0     -6.50422
      97340.0     -6.77442
      97360.0     -6.20527
      97380.0     -6.46892
      97400.0     -5.92773
      97420.0     -6.02080
      97440.0     -4.82920
      97460.0     -5.51040
      97480.0     -5.94982
      97500.0     -6.56721
      97520.0     -5.97951
      97540.0     -6.37277
      97560.0     -7.31392
      97580.0     -6.22525
      97600.0     -7.49051
      97620.0     -7.99979
      97640.0     -6.59270
      97660.0     -7.71180
      97680.0     -8.10284
      97700.0     -6.85301
      97720.0     -8.26508
      97740.0     -7.44337
      97760.0     -7.13794
      97780.0     -6.55796
      97800.0     -6.87185
      97820.0     -7.42859
      97840.0     -5.96168
      97860.0     -7.29507
      97880.0     -7.46306
      97900.0     -5.81756
      97920.0     -4.38420
      97940.0     -4.96834
      97960.0     -4.04928
      97980.0     -5.48926
      98000.0     -5.86119
      98020.0     -6.05655
      98040.0     -6.44130
      98060.0     -6.08196
      98080.0     -7.86820
      98100.0     -6.18092
      98120.0     -6.51250
      98140.0     -6.74619
      98160.0     -5.91134
      98180.0     -4.96420
      98200.0     -5.81766
      98220.0     -6.64419
      98240.0     -6.59832
      98260.0     -7.02840
      98280.0     -8.25202
      98300.0     -7.39967
      98320.0     -7.84438
      98340.0     -7.95541
      98360.0     -8.41567
      98380.0     -7.30650
      98400.0     -5.42612
      98420.0     -5.80638
      98440.0     -5.72649
      98460.0     -6.14163
      98480.0     -5.06397
      98500.0     -6.70169
      98520.0     -6.34458
      98540.0     -7.29533
      98560.0     -7.64490
      98580.0     -9.23682
      98600.0     -7.30018
      98620.0     -8.41969
      98640.0     -7.30417
      98660.0     -8.76850
      98680.0     -7.26852
      98700.0     -7.90451
      98720.0     -6.72892
      98740.0     -5.90530
      98760.0     -6.60285
      98780.0     -5.38922
      98800.0     -5.39230
      98820.0     -5.29129
      98840.0     -7.99035
      98860.0     -7.49707
      98880.0     -7.84879
      98900.0     -9.19283
      98920.0     -8.60494
      98940.0     -8.23420
      98960.0     -5.03314
      98980.0     -5.25112
      99000.0     -6.22552
      99020.0     -6.04863
      99040.0     -6.16957
      99060.0     -7.18800
      99080.0     -7.02360
      99100.0     -6.91468
      99120.0     -6.66294
      99140.0     -6.87516
      99160.0     -6.55071
      99180.0     -6.13657
      99200.0     -6.06304
      99220.0     -5.79872
      99240.0     -7.24703
      99260.0     -6.62102
      99280.0     -7.82034
      99300.0     -7.18718
      99320.0     -6.97899
      99340.0     -7.52485
      99360.0     -7.35905
      99380.0     -7.29014
      99400.0     -7.07439
      99420.0     -6.49166
      99440.0     -6.87752
      99460.0     -5.93307
      99480.0     -5.02725
      99500.0     -5.70164
      99520.0     -6.24537
      99540.0     -6.18902
      99560.0     -6.14222
      99580.0     -7.26641
      99600.0     -7.37167
      99620.0     -8.01460
      99640.0     -9.25993
      99660.0     -8.45478
      99680.0     -8.28289
      99700.0     -7.22714
      99720.0     -6.02310
      99740.0     -5.17449
      99760.0     -6.53100
      99780.0     -6.07531
      99800.0     -7.15328
      99820.0     -7.00670
      99840.0     -7.87038
      99860.0     -8.31326
      99880.0     -7.37675
      99900.0     -8.48921
      99920.0     -9.19171
      99940.0     -8.12057
      99960.0     -8.30144
      99980.0     -5.55569
      100000.     -6.28842
      100020.     -5.58806
      100040.     -5.29048
      100060.     -6.11333
      100080.     -7.14879
      100100.     -8.44585
      100120.     -8.29865
      100140.     -8.75348
      100160.     -7.94488
      100180.     -7.65657
      100200.     -7.31174
      100220.     -6.19885
      100240.     -6.34989
      100260.     -6.57388
      100280.     -7.03808
      100300.     -8.50304
      100320.     -7.65945
      100340.     -7.36759
      100360.     -8.01575
      100380.     -8.11250
      100400.     -5.52100
      100420.     -6.15704
      100440.     -4.87916
      100460.     -5.93498
      100480.     -6.10277
      100500.     -7.26973
      100520.     -7.33864
      100540.     -8.47688
      100560.     -8.12048
      100580.     -8.56674
      100600.     -8.22676
      100620.     -7.50381
      100640.     -7.03767
      100660.     -8.23771
      100680.     -8.01842
      100700.     -7.67228
      100720.     -8.48055
      100740.     -6.96242
      100760.     -6.06589
      100780.     -6.22167
      100800.     -5.10141
      100820.     -6.62846
      100840.     -5.72084
      100860.     -6.26846
      100880.     -7.87967
      100900.     -8.10523
      100920.     -8.76334
      100940.     -8.73642
      100960.     -8.88981
      100980.     -7.88496
      101000.     -6.87414
      101020.     -5.49838
      101040.     -6.46193
      101060.     -5.79322
      101080.     -3.95693
      101100.     -5.32707
      101120.     -5.91910
      101140.     -5.35466
      101160.     -6.72425
      101180.     -8.09263
      101200.     -8.27326
      101220.     -8.52781
      101240.     -8.71599
      101260.     -9.02955
      101280.     -7.22982
      101300.     -7.48273
      101320.     -8.13490
      101340.     -5.97460
      101360.     -5.32708
      101380.     -5.72563
      101400.     -4.92318
      101420.     -5.02723
      101440.     -6.57770
      101460.     -6.91532
      101480.     -5.31057
      101500.     -6.06272
      101520.     -6.20575
      101540.     -5.12617
      101560.     -8.37463
      101580.     -7.75628
      101600.     -8.36011
      101620.     -8.25823
      101640.     -8.78335
      101660.     -9.20260
      101680.     -7.88638
      101700.     -7.57868
      101720.     -6.38397
      101740.     -6.01834
      101760.     -6.84243
      101780.     -7.03378
      101800.     -7.26412
      101820.     -7.45569
      101840.     -6.14018
      101860.     -6.60219
      101880.     -7.33385
      101900.     -7.88151
      101920.     -7.00838
      101940.     -8.44701
      101960.     -8.07044
      101980.     -8.91049
      102000.     -8.76333
      102020.     -8.25842
      102040.     -7.65245
      102060.     -7.58038
      102080.     -6.23479
      102100.     -6.63858
      102120.     -6.43697
      102140.     -6.08139
      102160.     -6.22899
      102180.     -5.01082
      102200.     -5.83427
      102220.     -5.63289
      102240.     -7.14989
      102260.     -7.02525
      102280.     -7.57263
      102300.     -8.15859
      102320.     -8.97569
      102340.     -7.98440
      102360.     -7.99155
      102380.     -7.89629
      102400.     -6.46848
      102420.     -6.47717
      102440.     -6.04401
      102460.     -4.64742
      102480.     -6.79992
      102500.     -7.26422
      102520.     -7.22890
      102540.     -8.26077
      102560.     -8.60608
      102580.     -7.23558
      102600.     -6.78078
      102620.     -6.38694
      102640.     -7.35158
      102660.     -6.63945
      102680.     -5.33691
      102700.     -6.31549
      102720.     -6.49893
      102740.     -6.72443
      102760.     -6.15527
      102780.     -6.77649
      102800.     -6.82431
      102820.     -8.21152
      102840.     -7.27331
      102860.     -7.74733
      102880.     -8.31096
      102900.     -8.02206
      102920.     -6.54704
      102940.     -6.15974
      102960.     -6.09960
      102980.     -5.62754
      103000.     -5.85309
      103020.     -6.30942
      103040.     -6.90856
      103060.     -8.30925
      103080.     -7.89706
      103100.     -7.64539
      103120.     -7.34938
      103140.     -8.00504
      103160.     -6.71356
      103180.     -6.02118
      103200.     -6.68149
      103220.     -5.41832
      103240.     -4.85867
      103260.     -5.69970
      103280.     -6.64038
      103300.     -7.91555
      103320.     -7.69666
      103340.     -7.84085
      103360.     -8.15093
      103380.     -7.29516
      103400.     -6.55966
      103420.     -6.22888
      103440.     -6.17813
      103460.     -6.01921
      103480.     -6.43299
      103500.     -7.37936
      103520.     -7.39368
      103540.     -6.76225
      103560.     -6.33505
      103580.     -4.50973
      103600.     -5.90860
      103620.     -6.16032
      103640.     -6.61748
      103660.     -7.87553
      103680.     -8.14114
      103700.     -8.18464
      103720.     -8.27922
      103740.     -8.41580
      103760.     -7.71779
      103780.     -6.29293
      103800.     -7.24539
      103820.     -6.53486
      103840.     -6.88749
      103860.     -7.11265
      103880.     -7.39604
      103900.     -6.90756
      103920.     -7.59907
      103940.     -8.57843
      103960.     -7.55652
      103980.     -7.61937
      104000.     -9.00919
      104020.     -8.06475
      104040.     -9.45059
      104060.     -9.34344
      104080.     -7.45626
      104100.     -5.90558
      104120.     -6.47488
      104140.     -5.10155
      104160.     -4.72410
      104180.     -8.43143
      104200.     -8.30397
      104220.     -8.87324
      104240.     -9.44841
      104260.     -7.68680
      104280.     -7.06536
      104300.     -5.98774
      104320.     -5.93172
      104340.     -4.31030
      104360.     -6.10025
      104380.     -7.17215
      104400.     -7.75820
      104420.     -8.19827
      104440.     -9.62233
      104460.     -8.89376
      104480.     -9.19625
      104500.     -8.48838
      104520.     -8.26085
      104540.     -7.83520
      104560.     -6.54849
      104580.     -5.56698
      104600.     -5.89903
      104620.     -4.12986
      104640.     -5.81695
      104660.     -6.55523
      104680.     -6.91012
      104700.     -7.35381
      104720.     -7.55880
      104740.     -7.67217
      104760.     -5.98160
      104780.     -6.89250
      104800.     -6.32118
      104820.     -6.09343
      104840.     -7.47431
      104860.     -7.30190
      104880.     -7.56304
      104900.     -7.30512
      104920.     -8.55941
      104940.     -8.11304
      104960.     -7.99717
      104980.     -6.15204
      105000.     -5.44165
      105020.     -5.06574
      105040.     -3.71842
      105060.     -4.93209
      105080.     -6.36308
      105100.     -7.76022
      105120.     -7.73464
      105140.     -7.36662
      105160.     -6.72754
      105180.     -6.53110
      105200.     -4.98427
      105220.     -5.11049
      105240.     -4.74472
      105260.     -5.59372
      105280.     -6.84733
      105300.     -7.18571
      105320.     -7.53371
      105340.     -7.90396
      105360.     -7.19723
      105380.     -6.83417
      105400.     -6.33305
      105420.     -5.76575
      105440.     -6.26611
      105460.     -5.90685
      105480.     -4.55733
      105500.     -4.64372
      105520.     -4.86133
      105540.     -5.33546
      105560.     -6.22195
      105580.     -8.43311
      105600.     -8.40352
      105620.     -7.86114
      105640.     -7.37285
      105660.     -6.17430
      105680.     -6.28835
      105700.     -4.45019
      105720.     -6.65323
      105740.     -7.22638
      105760.     -6.93554
      105780.     -6.22531
      105800.     -7.42703
      105820.     -7.03547
      105840.     -6.59329
      105860.     -7.29748
      105880.     -6.49246
      105900.     -5.13980
      105920.     -5.88371
      105940.     -4.50631
      105960.     -5.53249
      105980.     -6.16774
      106000.     -5.90094
      106020.     -6.47370
      106040.     -7.54846
      106060.     -8.08792
      106080.     -8.00737
      106100.     -8.01803
      106120.     -7.54323
      106140.     -7.19574
      106160.     -6.29641
      106180.     -5.61330
      106200.     -5.81570
      106220.     -5.34243
      106240.     -4.43855
      106260.     -2.79174
      106280.     -4.22043
      106300.     -5.71454
      106320.     -6.69886
      106340.     -8.39856
      106360.     -8.18370
      106380.     -9.18568
      106400.     -9.03148
      106420.     -8.31294
      106440.     -7.26753
      106460.     -6.04596
      106480.     -5.51777
      106500.     -4.95517
      106520.     -3.68196
      106540.     -4.34775
      106560.     -5.09393
      106580.     -4.38986
      106600.     -5.46188
      106620.     -4.94309
      106640.     -6.24485
      106660.     -6.90636
      106680.     -7.81382
      106700.     -9.07045
      106720.     -8.01313
      106740.     -6.91744
      106760.     -6.72865
      106780.     -4.83674
      106800.     -4.08148
      106820.     -3.69938
      106840.     -4.93400
      106860.     -6.20871
      106880.     -7.15980
      106900.     -7.53414
      106920.     -6.34286
      106940.     -7.27457
      106960.     -7.17974
      106980.     -6.64896
      107000.     -5.78657
      107020.     -6.67728
      107040.     -6.18600
      107060.     -5.37824
      107080.     -4.72859
      107100.     -5.67076
      107120.     -6.91830
      107140.     -8.11419
      107160.     -10.0415
      107180.     -9.63880
      107200.     -10.0236
      107220.     -8.22491
      107240.     -6.03694
      107260.     -6.97954
      107280.     -6.02788
      107300.     -5.39905
      107320.     -6.00981
      107340.     -7.11939
      107360.     -6.63702
      107380.     -6.35133
      107400.     -8.21129
      107420.     -7.30797
      107440.     -7.80319
      107460.     -7.65628
      107480.     -7.74552
      107500.     -7.35320
      107520.     -6.93157
      107540.     -6.45887
      107560.     -6.18425
      107580.     -5.51367
      107600.     -5.71361
      107620.     -7.27829
      107640.     -8.06196
      107660.     -8.63946
      107680.     -7.80572
      107700.     -8.14292
      107720.     -7.55088
      107740.     -7.70305
      107760.     -6.46629
      107780.     -5.47499
      107800.     -6.09114
      107820.     -6.71405
      107840.     -6.63304
      107860.     -4.91330
      107880.     -7.33949
      107900.     -7.71194
      107920.     -7.33947
      107940.     -6.90864
      107960.     -7.89035
      107980.     -7.02455
      108000.     -7.34222
      108020.     -6.32091
      108040.     -7.68120
      108060.     -7.29128
      108080.     -8.15507
      108100.     -7.85549
      108120.     -8.09696
      108140.     -6.71916
      108160.     -6.47574
      108180.     -5.61014
      108200.     -5.97055
      108220.     -4.92050
      108240.     -5.83168
      108260.     -6.86689
      108280.     -6.90063
      108300.     -7.63475
      108320.     -7.41745
      108340.     -6.58413
      108360.     -7.44136
      108380.     -5.46270
      108400.     -5.24097
      108420.     -5.76156
      108440.     -5.62148
      108460.     -8.44166
      108480.     -6.90042
      108500.     -8.59409
      108520.     -7.58345
      108540.     -7.67309
      108560.     -7.16143
      108580.     -6.37448
      108600.     -4.44935
      108620.     -5.44770
      108640.     -6.83722
      108660.     -7.30353
      108680.     -8.39091
      108700.     -6.35094
      108720.     -6.52731
      108740.     -6.22168
      108760.     -5.72710
      108780.     -5.06649
      108800.     -6.83885
      108820.     -6.54882
      108840.     -8.06506
      108860.     -7.97431
      108880.     -8.21865
      108900.     -7.75781
      108920.     -5.72360
      108940.     -5.87520
      108960.     -5.47254
      108980.     -5.36948
      109000.     -4.80378
      109020.     -4.67459
      109040.     -6.09626
      109060.     -7.20546
      109080.     -8.44422
      109100.     -10.0698
      109120.     -10.1863
      109140.     -9.76421
      109160.     -8.16619
      109180.     -6.13829
      109200.     -5.66016
      109220.     -5.87202
      109240.     -6.78540
      109260.     -6.39779
      109280.     -6.99354
      109300.     -5.94233
      109320.     -5.43158
      109340.     -5.80606
      109360.     -5.40966
      109380.     -6.44434
      109400.     -7.41191
      109420.     -8.05031
      109440.     -8.55627
      109460.     -10.0533
      109480.     -8.85180
      109500.     -9.31905
      109520.     -7.78939
      109540.     -5.50572
      109560.     -4.68244
      109580.     -4.36819
      109600.     -5.06343
      109620.     -5.79584
      109640.     -7.47665
      109660.     -7.58838
      109680.     -9.25162
      109700.     -7.92724
      109720.     -7.84289
      109740.     -8.52038
      109760.     -7.83863
      109780.     -7.82801
      109800.     -5.97628
      109820.     -5.87643
      109840.     -4.98624
      109860.     -3.44215
      109880.     -2.92510
      109900.     -4.81711
      109920.     -4.35609
      109940.     -6.35792
      109960.     -7.93722
      109980.     -8.66948
      110000.     -10.1138
      110020.     -9.06244
      110040.     -8.70559
      110060.     -7.86515
      110080.     -7.50997
      110100.     -7.16272
      110120.     -6.56318
      110140.     -5.99282
      110160.     -4.55709
      110180.     -5.90506
      110200.     -4.07775
      110220.     -3.97320
      110240.     -5.23757
      110260.     -6.17624
      110280.     -5.96932
      110300.     -7.45633
      110320.     -8.47286
      110340.     -8.72433
      110360.     -9.04949
      110380.     -8.85047
      110400.     -8.12918
      110420.     -8.09539
      110440.     -7.33205
      110460.     -5.69954
      110480.     -5.28128
      110500.     -4.77401
      110520.     -4.55705
      110540.     -5.32147
      110560.     -4.62492
      110580.     -5.50506
      110600.     -5.78023
      110620.     -5.89248
      110640.     -6.58904
      110660.     -6.86044
      110680.     -7.53997
      110700.     -5.71345
      110720.     -4.24069
      110740.     -4.70214
      110760.     -6.23784
      110780.     -6.06592
      110800.     -7.28517
      110820.     -7.23741
      110840.     -7.46902
      110860.     -6.91066
      110880.     -5.94789
      110900.     -6.10105
      110920.     -5.13426
      110940.     -5.99133
      110960.     -5.50392
      110980.     -4.74832
      111000.     -4.86219
      111020.     -6.51539
      111040.     -5.54646
      111060.     -4.50540
      111080.     -5.30464
      111100.     -5.88195
      111120.     -4.83250
      111140.     -5.52475
      111160.     -7.57067
      111180.     -8.12126
      111200.     -6.51239
      111220.     -7.33538
      111240.     -6.46067
      111260.     -6.19972
      111280.     -5.61272
      111300.     -4.81976
      111320.     -4.43274
      111340.     -3.42623
      111360.     -3.90670
      111380.     -4.06870
      111400.     -4.16170
      111420.     -5.75796
      111440.     -7.04762
      111460.     -7.33237
      111480.     -8.30397
      111500.     -7.97766
      111520.     -7.66126
      111540.     -5.74296
      111560.     -6.32573
      111580.     -4.48309
      111600.     -5.32577
      111620.     -5.69910
      111640.     -4.37932
      111660.     -4.23308
      111680.     -5.67816
      111700.     -5.31983
      111720.     -4.27744
      111740.     -5.39851
      111760.     -6.13664
      111780.     -7.17714
      111800.     -7.53895
      111820.     -7.75586
      111840.     -7.25590
      111860.     -7.51568
      111880.     -6.73126
      111900.     -6.46028
      111920.     -5.64263
      111940.     -4.97655
      111960.     -4.31093
      111980.     -5.14645
      112000.     -5.22842
      112020.     -5.09756
      112040.     -5.28073
      112060.     -5.97438
      112080.     -7.24389
      112100.     -6.87295
      112120.     -8.05028
      112140.     -9.07431
      112160.     -7.79250
      112180.     -8.05756
      112200.     -6.48817
      112220.     -5.63781
      112240.     -5.17124
      112260.     -4.45609
      112280.     -5.14163
      112300.     -5.67338
      112320.     -6.64547
      112340.     -6.52803
      112360.     -7.03106
      112380.     -7.28448
      112400.     -8.90200
      112420.     -8.34832
      112440.     -9.13602
      112460.     -7.86202
      112480.     -7.80702
      112500.     -6.49477
      112520.     -6.11738
      112540.     -6.76716
      112560.     -6.94011
      112580.     -7.34592
      112600.     -8.58288
      112620.     -8.14125
      112640.     -8.35389
      112660.     -6.59781
      112680.     -7.12635
      112700.     -5.82558
      112720.     -6.15251
      112740.     -4.70564
      112760.     -4.02569
      112780.     -6.54712
      112800.     -5.61017
      112820.     -6.71036
      112840.     -8.17236
      112860.     -8.60093
      112880.     -8.54644
      112900.     -6.91473
      112920.     -6.53521
      112940.     -6.05773
      112960.     -5.56369
      112980.     -5.33806
      113000.     -3.99199
      113020.     -5.39187
      113040.     -5.71973
      113060.     -6.69858
      113080.     -6.06619
      113100.     -6.74363
      113120.     -6.78639
      113140.     -6.96233
      113160.     -6.85019
      113180.     -7.18770
      113200.     -6.14143
      113220.     -5.63297
      113240.     -4.31971
      113260.     -3.56819
      113280.     -4.26028
      113300.     -4.50153
      113320.     -6.96225
      113340.     -7.18468
      113360.     -6.34547
      113380.     -7.62123
      113400.     -7.51475
      113420.     -7.33923
      113440.     -7.24383
      113460.     -6.30880
      113480.     -6.04567
      113500.     -6.46757
      113520.     -5.88277
      113540.     -5.60025
      113560.     -5.50339
      113580.     -5.69687
      113600.     -5.66074
      113620.     -5.38159
      113640.     -5.58476
      113660.     -6.23649
      113680.     -7.32304
      113700.     -6.60376
      113720.     -7.51405
      113740.     -7.38355
      113760.     -8.82114
      113780.     -8.33635
      113800.     -8.12204
      113820.     -7.63070
      113840.     -6.56625
      113860.     -5.82481
      113880.     -5.05980
      113900.     -5.79027
      113920.     -4.93742
      113940.     -4.97881
      113960.     -4.28925
      113980.     -5.28434
      114000.     -7.77015
      114020.     -7.29244
      114040.     -8.78520
      114060.     -8.57975
      114080.     -7.51898
      114100.     -7.04425
      114120.     -5.87582
      114140.     -4.13384
      114160.     -3.88274
      114180.     -5.29337
      114200.     -5.85943
      114220.     -6.28029
      114240.     -6.30612
      114260.     -6.58951
      114280.     -7.78254
      114300.     -6.89748
      114320.     -6.89652
      114340.     -6.30571
      114360.     -6.10570
      114380.     -6.04807
      114400.     -5.88270
      114420.     -5.08751
      114440.     -3.97655
      114460.     -6.47500
      114480.     -6.88577
      114500.     -7.59347
      114520.     -7.62320
      114540.     -7.08001
      114560.     -6.45830
      114580.     -5.64056
      114600.     -5.15738
      114620.     -5.23406
      114640.     -6.01443
      114660.     -8.20618
      114680.     -7.05188
      114700.     -8.51360
      114720.     -9.74752
      114740.     -9.28444
      114760.     -7.00097
      114780.     -5.71830
      114800.     -5.12676
      114820.     -4.09517
      114840.     -5.22920
      114860.     -5.40867
      114880.     -5.56497
      114900.     -6.56446
      114920.     -7.42916
      114940.     -7.09734
      114960.     -8.06190
      114980.     -8.54234
      115000.     -8.37393
      115020.     -7.89434
      115040.     -7.56199
      115060.     -7.69492
      115080.     -7.52105
      115100.     -6.15308
      115120.     -6.09934
      115140.     -5.18349
      115160.     -4.82541
      115180.     -6.35446
      115200.     -7.48443
      115220.     -7.59712
      115240.     -8.10706
      115260.     -8.08498
      115280.     -7.82448
      115300.     -7.04895
      115320.     -6.06218
      115340.     -4.59028
      115360.     -4.92035
      115380.     -4.97509
      115400.     -4.59243
      115420.     -5.67469
      115440.     -5.68789
      115460.     -7.40751
      115480.     -8.48566
      115500.     -8.08753
      115520.     -7.39931
      115540.     -7.53134
      115560.     -5.68855
      115580.     -4.37706
      115600.     -4.34964
      115620.     -5.61892
      115640.     -4.43593
      115660.     -4.67796
      115680.     -4.40653
      115700.     -4.12221
      115720.     -5.15652
      115740.     -5.65171
      115760.     -7.84787
      115780.     -9.25366
      115800.     -8.21424
      115820.     -8.29037
      115840.     -7.85986
      115860.     -7.51520
      115880.     -6.96459
      115900.     -5.51869
      115920.     -4.90135
      115940.     -5.12809
      115960.     -5.01559
      115980.     -5.01524
      116000.     -5.57011
      116020.     -5.06944
      116040.     -5.83907
      116060.     -5.79076
      116080.     -5.33958
      116100.     -6.69135
      116120.     -7.03018
      116140.     -6.70161
      116160.     -6.63009
      116180.     -6.22407
      116200.     -5.80923
      116220.     -4.51668
      116240.     -4.84020
      116260.     -4.90013
      116280.     -4.82035
      116300.     -5.30207
      116320.     -6.07122
      116340.     -6.14124
      116360.     -7.29582
      116380.     -7.55110
      116400.     -8.37953
      116420.     -6.49333
      116440.     -5.91237
      116460.     -6.16542
      116480.     -5.41557
      116500.     -4.25276
      116520.     -4.78000
      116540.     -6.05759
      116560.     -5.10894
      116580.     -7.16318
      116600.     -5.91887
      116620.     -7.96946
      116640.     -7.08208
      116660.     -7.32215
      116680.     -5.85076
      116700.     -4.96018
      116720.     -3.70408
      116740.     -2.43690
      116760.     -4.00123
      116780.     -4.92516
      116800.     -6.68836
      116820.     -6.87190
      116840.     -8.40300
      116860.     -8.17049
      116880.     -9.81457
      116900.     -7.26391
      116920.     -6.28076
      116940.     -4.98043
      116960.     -5.77176
      116980.     -5.25139
      117000.     -5.65048
      117020.     -4.86432
      117040.     -5.76746
      117060.     -5.98860
      117080.     -5.28304
      117100.     -6.12518
      117120.     -6.98831
      117140.     -6.65593
      117160.     -6.31882
      117180.     -7.09336
      117200.     -5.79989
      117220.     -6.31932
      117240.     -5.52435
      117260.     -5.52453
      117280.     -5.64238
      117300.     -5.05653
      117320.     -5.27758
      117340.     -7.55554
      117360.     -7.61845
      117380.     -7.86523
      117400.     -7.93852
      117420.     -6.18762
      117440.     -6.34277
      117460.     -6.57216
      117480.     -5.04369
      117500.     -4.45037
      117520.     -5.82575
      117540.     -5.93658
      117560.     -5.72521
      117580.     -5.91030
      117600.     -7.34083
      117620.     -8.38670
      117640.     -8.70309
      117660.     -7.37449
      117680.     -7.70366
      117700.     -8.89821
      117720.     -7.65670
      117740.     -6.18184
      117760.     -4.91297
      117780.     -5.26664
      117800.     -6.31673
      117820.     -5.41369
      117840.     -5.20478
      117860.     -3.33107
      117880.     -4.57566
      117900.     -6.05703
      117920.     -5.20770
      117940.     -5.77992
      117960.     -6.26007
      117980.     -7.40294
      118000.     -7.52894
      118020.     -5.65744
      118040.     -5.62007
      118060.     -5.75433
      118080.     -5.67215
      118100.     -5.70033
      118120.     -4.36618
      118140.     -6.50451
      118160.     -6.59118
      118180.     -5.40791
      118200.     -5.46430
      118220.     -4.95201
      118240.     -5.44844
      118260.     -6.07873
      118280.     -5.18486
      118300.     -7.38124
      118320.     -6.31551
      118340.     -6.82684
      118360.     -7.72703
      118380.     -6.79522
      118400.     -7.39361
      118420.     -5.77415
      118440.     -6.03791
      118460.     -5.37590
      118480.     -5.35930
      118500.     -6.17062
      118520.     -5.54920
      118540.     -6.69846
      118560.     -7.85935
      118580.     -7.83568
      118600.     -8.54454
      118620.     -7.30091
      118640.     -8.76067
      118660.     -6.10302
      118680.     -6.14712
      118700.     -7.11522
      118720.     -6.16256
      118740.     -6.72376
      118760.     -7.12428
      118780.     -7.26788
      118800.     -6.06473
      118820.     -8.16362
      118840.     -6.14557
      118860.     -5.81071
      118880.     -5.31973
      118900.     -6.23203
      118920.     -5.80768
      118940.     -7.23451
      118960.     -7.64142
      118980.     -7.30488
      119000.     -6.76476
      119020.     -6.13085
      119040.     -7.43097
      119060.     -5.82191
      119080.     -6.60399
      119100.     -6.15613
      119120.     -6.19561
      119140.     -6.29067
      119160.     -6.56311
      119180.     -5.93281
      119200.     -6.68622
      119220.     -6.93114
      119240.     -6.50458
      119260.     -8.34814
      119280.     -7.53810
      119300.     -7.43610
      119320.     -7.82719
      119340.     -8.41602
      119360.     -8.06886
      119380.     -7.39801
      119400.     -6.81788
      119420.     -5.64450
      119440.     -5.40405
      119460.     -5.71310
      119480.     -5.13877
      119500.     -5.61571
      119520.     -7.04617
      119540.     -7.89402
      119560.     -8.54615
      119580.     -7.75922
      119600.     -7.38245
      119620.     -7.05533
      119640.     -6.79696
      119660.     -7.34972
      119680.     -6.69321
      119700.     -6.91867
      119720.     -7.46021
      119740.     -5.32305
      119760.     -6.15543
      119780.     -5.55554
      119800.     -4.72401
      119820.     -4.45077
      119840.     -5.13164
      119860.     -6.22694
      119880.     -6.34648
      119900.     -6.65714
      119920.     -5.60247
      119940.     -6.18248
      119960.     -5.73488
      119980.     -6.53566
      120000.     -7.30715
      120020.     -7.32014
      120040.     -6.54426
      120060.     -7.33678
      120080.     -6.80378
      120100.     -6.34696
      120120.     -6.12519
      120140.     -4.96694
      120160.     -6.26542
      120180.     -4.53055
      120200.     -5.99581
      120220.     -6.99688
      120240.     -7.31560
      120260.     -5.73315
      120280.     -4.96858
      120300.     -5.34270
      120320.     -5.56232
      120340.     -5.21604
      120360.     -6.23917
      120380.     -6.88149
      120400.     -7.67479
      120420.     -6.79377
      120440.     -6.54713
      120460.     -5.25774
      120480.     -5.59142
      120500.     -5.34722
      120520.     -6.50004
      120540.     -5.57929
      120560.     -8.02334
      120580.     -5.55167
      120600.     -6.49586
      120620.     -6.29448
      120640.     -6.13815
      120660.     -5.40639
      120680.     -6.31014
      120700.     -4.70447
      120720.     -4.68279
      120740.     -5.17875
      120760.     -6.10521
      120780.     -6.60600
      120800.     -6.15013
      120820.     -4.90118
      120840.     -5.83901
      120860.     -5.36748
      120880.     -5.41446
      120900.     -6.70553
      120920.     -6.45778
      120940.     -8.05340
      120960.     -8.13741
      120980.     -7.39721
      121000.     -7.11490
      121020.     -5.88591
      121040.     -6.73878
      121060.     -5.69457
      121080.     -4.97935
      121100.     -4.84490
      121120.     -5.65730
      121140.     -5.94027
      121160.     -6.52414
      121180.     -8.11942
      121200.     -7.85824
      121220.     -8.57756
      121240.     -7.36735
      121260.     -8.12253
      121280.     -6.14264
      121300.     -6.19343
      121320.     -5.71490
      121340.     -5.53921
      121360.     -6.19096
      121380.     -6.28051
      121400.     -5.61770
      121420.     -6.89079
      121440.     -7.32292
      121460.     -8.15766
      121480.     -7.44610
      121500.     -7.09902
      121520.     -7.14252
      121540.     -5.42054
      121560.     -4.69807
      121580.     -4.90108
      121600.     -4.62589
      121620.     -5.84009
      121640.     -5.98973
      121660.     -7.75114
      121680.     -6.96559
      121700.     -8.13661
      121720.     -7.06289
      121740.     -7.73251
      121760.     -8.01690
      121780.     -7.53495
      121800.     -7.69953
      121820.     -6.65150
      121840.     -5.38075
      121860.     -4.87983
      121880.     -3.61626
      121900.     -4.67926
      121920.     -4.82465
      121940.     -5.62387
      121960.     -6.62021
      121980.     -6.57442
      122000.     -7.70381
      122020.     -6.79631
      122040.     -7.62391
      122060.     -7.51891
      122080.     -6.63400
      122100.     -8.16794
      122120.     -7.13710
      122140.     -6.06784
      122160.     -7.36567
      122180.     -4.94384
      122200.     -4.39644
      122220.     -4.09807
      122240.     -5.37673
      122260.     -5.95488
      122280.     -6.77808
      122300.     -7.44682
      122320.     -7.13896
      122340.     -6.38482
      122360.     -6.71718
      122380.     -7.01974
      122400.     -6.45666
      122420.     -6.41184
      122440.     -7.32633
      122460.     -7.39990
      122480.     -7.12965
      122500.     -5.21164
      122520.     -6.17962
      122540.     -5.71273
      122560.     -5.77253
      122580.     -7.25386
      122600.     -6.60365
      122620.     -6.76515
      122640.     -5.69952
      122660.     -6.50125
      122680.     -5.76836
      122700.     -6.88840
      122720.     -6.21053
      122740.     -7.27227
      122760.     -6.72980
      122780.     -7.28064
      122800.     -8.06536
      122820.     -7.81618
      122840.     -7.70817
      122860.     -6.85204
      122880.     -8.09944
      122900.     -7.80543
      122920.     -7.59424
      122940.     -6.87725
      122960.     -5.63417
      122980.     -6.37019
      123000.     -5.22040
      123020.     -5.56495
      123040.     -6.58946
      123060.     -7.06269
      123080.     -8.78330
      123100.     -7.99928
      123120.     -8.16489
      123140.     -6.21054
      123160.     -6.30427
      123180.     -5.51437
      123200.     -5.53800
      123220.     -4.65976
      123240.     -5.38892
      123260.     -5.47968
      123280.     -6.58443
      123300.     -8.36366
      123320.     -8.11782
      123340.     -8.87632
      123360.     -8.42444
      123380.     -7.51180
      123400.     -6.80905
      123420.     -7.07453
      123440.     -5.47891
      123460.     -6.62945
      123480.     -5.98026
      123500.     -6.24679
      123520.     -6.67653
      123540.     -5.40788
      123560.     -7.13124
      123580.     -6.86377
      123600.     -7.14672
      123620.     -7.59217
      123640.     -8.49161
      123660.     -9.25046
      123680.     -10.0632
      123700.     -9.14921
      123720.     -7.34121
      123740.     -8.34329
      123760.     -6.48941
      123780.     -5.40502
      123800.     -4.39706
      123820.     -4.57265
      123840.     -4.50606
      123860.     -4.10000
      123880.     -5.29242
      123900.     -5.29540
      123920.     -6.59235
      123940.     -8.04879
      123960.     -9.31882
      123980.     -8.77748
      124000.     -8.29667
      124020.     -7.30861
      124040.     -7.80058
      124060.     -6.88110
      124080.     -5.89564
      124100.     -5.84257
      124120.     -5.44481
      124140.     -5.84745
      124160.     -5.66049
      124180.     -6.87246
      124200.     -6.91404
      124220.     -6.83958
      124240.     -7.61531
      124260.     -8.40952
      124280.     -7.43242
      124300.     -7.70264
      124320.     -6.68972
      124340.     -7.20378
      124360.     -5.55576
      124380.     -5.82740
      124400.     -6.53878
      124420.     -5.86124
      124440.     -4.82907
      124460.     -4.63357
      124480.     -5.61452
      124500.     -5.90774
      124520.     -6.88640
      124540.     -6.55547
      124560.     -7.66290
      124580.     -7.43678
      124600.     -8.15285
      124620.     -7.31526
      124640.     -8.02717
      124660.     -6.64112
      124680.     -4.36117
      124700.     -4.51320
      124720.     -2.45663
      124740.     -4.31997
      124760.     -4.21734
      124780.     -6.09430
      124800.     -7.51964
      124820.     -8.96374
      124840.     -9.04353
      124860.     -9.14314
      124880.     -8.18487
      124900.     -6.93448
      124920.     -7.44734
      124940.     -7.60928
      124960.     -5.63347
      124980.     -4.40850
      125000.     -3.57286
      125020.     -3.44435
      125040.     -4.42801
      125060.     -4.31584
      125080.     -6.87156
      125100.     -5.77029
      125120.     -8.23023
      125140.     -9.03828
      125160.     -8.09423
      125180.     -8.48944
      125200.     -7.34430
      125220.     -7.03540
      125240.     -6.79708
      125260.     -5.79091
      125280.     -6.42064
      125300.     -4.77365
      125320.     -7.06491
      125340.     -5.52084
      125360.     -5.07532
      125380.     -4.37717
      125400.     -5.18326
      125420.     -6.53051
      125440.     -5.68885
      125460.     -7.43783
      125480.     -6.68174
      125500.     -8.09568
      125520.     -6.21468
      125540.     -7.63940
      125560.     -6.29123
      125580.     -6.34343
      125600.     -5.97365
      125620.     -6.66697
      125640.     -6.30879
      125660.     -6.36742
      125680.     -5.43464
      125700.     -6.55692
      125720.     -6.16717
      125740.     -5.86952
      125760.     -6.33961
      125780.     -7.77785
      125800.     -7.37950
      125820.     -8.32791
      125840.     -6.14012
      125860.     -6.83660
      125880.     -5.72366
      125900.     -5.35553
      125920.     -4.55277
      125940.     -4.94934
      125960.     -4.88525
      125980.     -5.79795
      126000.     -6.99927
      126020.     -7.29154
      126040.     -9.27229
      126060.     -9.54387
      126080.     -8.87016
      126100.     -8.50336
      126120.     -5.57342
      126140.     -5.46702
      126160.     -3.67166
      126180.     -4.16232
      126200.     -3.41772
      126220.     -4.24661
      126240.     -5.67925
      126260.     -5.98283
      126280.     -5.82026
      126300.     -6.95567
      126320.     -6.60663
      126340.     -7.74823
      126360.     -8.29042
      126380.     -8.44078
      126400.     -7.78263
      126420.     -6.17694
      126440.     -5.57433
      126460.     -5.34210
      126480.     -4.90918
      126500.     -4.59936
      126520.     -5.41148
      126540.     -5.97226
      126560.     -5.33259
      126580.     -5.79133
      126600.     -4.96605
      126620.     -4.97287
      126640.     -4.20924
      126660.     -5.96912
      126680.     -5.74114
      126700.     -6.39874
      126720.     -6.37610
      126740.     -6.28419
      126760.     -6.05596
      126780.     -6.16827
      126800.     -5.58379
      126820.     -4.62009
      126840.     -5.09402
      126860.     -7.02889
      126880.     -5.41746
      126900.     -6.51897
      126920.     -5.36617
      126940.     -5.82113
      126960.     -6.82377
      126980.     -5.93161
      127000.     -6.59705
      127020.     -5.39875
      127040.     -6.24804
      127060.     -5.23715
      127080.     -6.04862
      127100.     -6.91955
      127120.     -7.87645
      127140.     -6.28949
      127160.     -6.80701
      127180.     -6.38299
      127200.     -4.75545
      127220.     -5.73181
      127240.     -5.97614
      127260.     -5.02564
      127280.     -7.52906
      127300.     -6.97535
      127320.     -7.62008
      127340.     -6.52577
      127360.     -6.36478
      127380.     -7.50736
      127400.     -6.85522
      127420.     -6.50974
      127440.     -6.22239
      127460.     -6.22101
      127480.     -5.06719
      127500.     -5.93785
      127520.     -6.63855
      127540.     -7.08246
      127560.     -7.35510
      127580.     -6.95074
      127600.     -7.61854
      127620.     -8.19590
      127640.     -8.10695
      127660.     -8.38708
      127680.     -7.54614
      127700.     -5.88252
      127720.     -5.82318
      127740.     -4.79316
      127760.     -4.47600
      127780.     -5.35630
      127800.     -6.50740
      127820.     -6.45214
      127840.     -7.16027
      127860.     -6.78460
      127880.     -7.75877
      127900.     -6.06563
      127920.     -7.65177
      127940.     -6.55004
      127960.     -7.00503
      127980.     -6.60416
      128000.     -6.82318
      128020.     -4.58689
      128040.     -5.07167
      128060.     -4.49921
      128080.     -4.81536
      128100.     -5.41247
      128120.     -6.41174
      128140.     -7.04898
      128160.     -7.83437
      128180.     -6.94952
      128200.     -7.54570
      128220.     -6.17442
      128240.     -6.14910
      128260.     -6.07869
      128280.     -7.18655
      128300.     -7.91658
      128320.     -8.01408
      128340.     -7.79230
      128360.     -6.97004
      128380.     -7.94971
      128400.     -6.79232
      128420.     -5.12925
      128440.     -4.74334
      128460.     -5.09771
      128480.     -4.33301
      128500.     -4.49844
      128520.     -5.66669
      128540.     -5.70750
      128560.     -7.08238
      128580.     -7.15068
      128600.     -8.69969
      128620.     -8.76812
      128640.     -8.98604
      128660.     -8.78512
      128680.     -7.55624
      128700.     -6.75406
      128720.     -5.12777
      128740.     -4.61147
      128760.     -3.36469
      128780.     -4.07992
      128800.     -5.45373
      128820.     -4.68874
      128840.     -4.95493
      128860.     -7.52587
      128880.     -7.23215
      128900.     -7.27677
      128920.     -7.22081
      128940.     -5.96794
      128960.     -4.92828
      128980.     -6.31246
      129000.     -4.45662
      129020.     -5.26098
      129040.     -5.55708
      129060.     -6.04504
      129080.     -5.79905
      129100.     -6.13044
      129120.     -5.98836
      129140.     -6.39677
      129160.     -5.86543
      129180.     -6.00777
      129200.     -6.65131
      129220.     -6.96109
      129240.     -6.10886
      129260.     -6.10605
      129280.     -7.91357
      129300.     -6.80276
      129320.     -6.50747
      129340.     -6.94398
      129360.     -6.13456
      129380.     -5.77408
      129400.     -4.41849
      129420.     -4.91043
      129440.     -4.88841
      129460.     -4.68655
      129480.     -5.44399
      129500.     -5.88947
      129520.     -8.15962
      129540.     -8.64659
      129560.     -7.33096
      129580.     -8.63314
      129600.     -7.94849
      129620.     -7.86172
      129640.     -7.51559
      129660.     -4.78637
      129680.     -3.22082
      129700.     -5.11848
      129720.     -3.94125
      129740.     -5.26336
      129760.     -6.27087
      129780.     -7.67872
      129800.     -8.54291
      129820.     -8.44500
      129840.     -10.0212
      129860.     -9.79807
      129880.     -8.62837
      129900.     -8.16165
      129920.     -6.96734
      129940.     -6.21223
      129960.     -5.75152
      129980.     -6.14174
      130000.     -5.45674
      130020.     -7.31635
      130040.     -7.24568
      130060.     -6.81167
      130080.     -8.17381
      130100.     -7.92661
      130120.     -7.53939
      130140.     -6.65744
      130160.     -7.89246
      130180.     -6.09769
      130200.     -4.35120
      130220.     -4.97196
      130240.     -5.89605
      130260.     -6.15438
      130280.     -7.35543
      130300.     -7.75972
      130320.     -7.28423
      130340.     -8.28898
      130360.     -8.01225
      130380.     -6.44374
      130400.     -5.96973
      130420.     -4.64779
      130440.     -3.86473
      130460.     -3.00206
      130480.     -3.39261
      130500.     -5.32065
      130520.     -5.93738
      130540.     -5.81922
      130560.     -6.87990
      130580.     -6.74589
      130600.     -5.83469
      130620.     -6.68533
      130640.     -7.10678
      130660.     -6.71391
      130680.     -5.88346
      130700.     -7.16407
      130720.     -7.01203
      130740.     -6.79326
      130760.     -5.88880
      130780.     -5.80432
      130800.     -5.39706
      130820.     -4.95999
      130840.     -5.64603
      130860.     -5.49388
      130880.     -7.68791
      130900.     -8.19502
      130920.     -9.77007
      130940.     -9.52672
      130960.     -8.76215
      130980.     -8.62267
      131000.     -7.03960
      131020.     -6.06656
      131040.     -5.98178
      131060.     -4.31742
      131080.     -3.88323
      131100.     -5.07067
      131120.     -7.16782
      131140.     -7.66485
      131160.     -9.23628
      131180.     -8.49263
      131200.     -9.08995
      131220.     -8.46852
      131240.     -8.20768
      131260.     -7.19419
      131280.     -7.26272
      131300.     -7.09201
      131320.     -6.82903
      131340.     -6.80180
      131360.     -7.60204
      131380.     -6.29949
      131400.     -6.34012
      131420.     -6.10413
      131440.     -7.15124
      131460.     -7.64650
      131480.     -7.87767
      131500.     -7.43839
      131520.     -6.92728
      131540.     -6.92897
      131560.     -6.07872
      131580.     -5.62222
      131600.     -6.36621
      131620.     -5.36371
      131640.     -6.22464
      131660.     -6.08626
      131680.     -7.00770
      131700.     -8.36843
      131720.     -9.39763
      131740.     -8.20948
      131760.     -7.72647
      131780.     -7.10645
      131800.     -7.31295
      131820.     -6.64309
      131840.     -5.60532
      131860.     -5.84800
      131880.     -6.84426
      131900.     -7.39923
      131920.     -7.50088
      131940.     -7.52208
      131960.     -7.60473
      131980.     -6.99004
      132000.     -8.15902
      132020.     -6.54465
      132040.     -5.80935
      132060.     -6.52805
      132080.     -5.21168
      132100.     -6.31075
      132120.     -5.59045
      132140.     -7.05809
      132160.     -7.30033
      132180.     -9.53355
      132200.     -9.48393
      132220.     -8.03472
      132240.     -8.88495
      132260.     -7.21144
      132280.     -7.38019
      132300.     -4.92481
      132320.     -5.40784
      132340.     -4.56788
      132360.     -3.80263
      132380.     -3.31379
      132400.     -4.84578
      132420.     -5.08894
      132440.     -6.65233
      132460.     -7.71470
      132480.     -8.26799
      132500.     -7.71860
      132520.     -7.65569
      132540.     -7.54464
      132560.     -7.10033
      132580.     -6.60982
      132600.     -5.92067
      132620.     -5.11326
      132640.     -5.71980
      132660.     -5.74558
      132680.     -4.59714
      132700.     -4.69858
      132720.     -6.62322
      132740.     -7.80414
      132760.     -6.67595
      132780.     -7.12438
      132800.     -6.98991
      132820.     -5.22781
      132840.     -5.79759
      132860.     -4.88143
      132880.     -6.46722
      132900.     -7.44344
      132920.     -8.70740
      132940.     -7.46491
      132960.     -6.86362
      132980.     -7.14677
      133000.     -5.81601
      133020.     -5.04991
      133040.     -5.96912
      133060.     -5.78747
      133080.     -6.86836
      133100.     -6.37551
      133120.     -6.85808
      133140.     -6.59941
      133160.     -6.73506
      133180.     -6.97507
      133200.     -6.69689
      133220.     -8.01991
      133240.     -8.35692
      133260.     -8.41287
      133280.     -6.34708
      133300.     -7.60373
      133320.     -6.37208
      133340.     -5.85078
      133360.     -7.54432
      133380.     -6.08070
      133400.     -5.89203
      133420.     -5.62300
      133440.     -6.56760
      133460.     -5.72645
      133480.     -8.08357
      133500.     -6.99029
      133520.     -7.37355
      133540.     -7.92247
      133560.     -7.21479
      133580.     -7.01679
      133600.     -6.99720
      133620.     -7.04772
      133640.     -7.23457
      133660.     -6.40273
      133680.     -6.91207
      133700.     -5.76080
      133720.     -5.59291
      133740.     -5.62820
      133760.     -6.18391
      133780.     -4.30975
      133800.     -5.71476
      133820.     -7.02082
      133840.     -8.53915
      133860.     -9.08992
      133880.     -8.60908
      133900.     -7.27828
      133920.     -6.49991
      133940.     -5.10819
      133960.     -5.21162
      133980.     -5.69989
      134000.     -6.49971
      134020.     -4.54208
      134040.     -5.93086
      134060.     -6.29894
      134080.     -8.40752
      134100.     -7.99935
      134120.     -8.11100
      134140.     -10.8264
      134160.     -9.56162
      134180.     -8.16072
      134200.     -7.06798
      134220.     -5.93653
      134240.     -5.35975
      134260.     -6.00612
      134280.     -5.63373
      134300.     -7.42665
      134320.     -8.11635
      134340.     -7.42636
      134360.     -7.41807
      134380.     -8.08552
      134400.     -7.11152
      134420.     -7.03883
      134440.     -7.60480
      134460.     -8.07422
      134480.     -9.37877
      134500.     -7.35696
      134520.     -6.15511
      134540.     -7.23153
      134560.     -7.71387
      134580.     -6.96905
      134600.     -6.43098
      134620.     -7.64568
      134640.     -7.72018
      134660.     -7.97764
      134680.     -7.65312
      134700.     -8.08386
      134720.     -7.90888
      134740.     -7.51979
      134760.     -7.84908
      134780.     -7.16479
      134800.     -5.97227
      134820.     -6.46531
      134840.     -5.48858
      134860.     -6.67131
      134880.     -7.71291
      134900.     -8.19944
      134920.     -6.31230
      134940.     -7.18512
      134960.     -6.00942
      134980.     -7.03835
      135000.     -7.19723
      135020.     -7.52937
      135040.     -7.24839
      135060.     -7.10883
      135080.     -7.42442
      135100.     -7.01664
      135120.     -6.11347
      135140.     -5.63211
      135160.     -5.98856
      135180.     -5.07983
      135200.     -7.30822
      135220.     -8.12205
      135240.     -8.06849
      135260.     -7.67329
      135280.     -7.38050
      135300.     -7.69637
      135320.     -5.81249
      135340.     -6.76353
      135360.     -6.91633
      135380.     -6.84559
      135400.     -6.88450
      135420.     -7.21702
      135440.     -6.30435
      135460.     -6.90716
      135480.     -5.24035
      135500.     -4.95955
      135520.     -4.97409
      135540.     -6.50823
      135560.     -6.45621
      135580.     -7.75700
      135600.     -8.61453
      135620.     -6.67750
      135640.     -6.53398
      135660.     -5.71614
      135680.     -5.85857
      135700.     -6.79529
      135720.     -7.38445
      135740.     -8.69006
      135760.     -7.94465
      135780.     -8.63502
      135800.     -7.52849
      135820.     -6.61833
      135840.     -6.24567
      135860.     -5.71462
      135880.     -4.68052
      135900.     -5.70327
      135920.     -6.06372
      135940.     -6.12885
      135960.     -7.70909
      135980.     -7.79762
      136000.     -7.99912
      136020.     -9.04837
      136040.     -7.13375
      136060.     -6.78195
      136080.     -7.38404
      136100.     -6.45753
      136120.     -7.01060
      136140.     -5.75876
      136160.     -4.71986
      136180.     -3.61583
      136200.     -4.52522
      136220.     -3.93756
      136240.     -4.84198
      136260.     -6.48264
      136280.     -7.58526
      136300.     -7.56551
      136320.     -7.45606
      136340.     -7.41894
      136360.     -7.76867
      136380.     -5.79360
      136400.     -5.25789
      136420.     -6.65401
      136440.     -6.92879
      136460.     -5.68410
      136480.     -5.57807
      136500.     -5.96225
      136520.     -6.06139
      136540.     -7.35900
      136560.     -8.21840
      136580.     -8.22820
      136600.     -9.08255
      136620.     -8.22726
      136640.     -7.26298
      136660.     -7.25572
      136680.     -5.95962
      136700.     -5.48014
      136720.     -4.73352
      136740.     -5.14254
      136760.     -6.27822
      136780.     -6.80611
      136800.     -6.82234
      136820.     -6.65537
      136840.     -7.28748
      136860.     -7.96205
      136880.     -8.37341
      136900.     -8.04537
      136920.     -8.68427
      136940.     -8.43371
      136960.     -7.90800
      136980.     -6.40937
      137000.     -4.76278
      137020.     -5.79713
      137040.     -5.70580
      137060.     -5.95413
      137080.     -5.92793
      137100.     -6.83996
      137120.     -7.32681
      137140.     -6.56479
      137160.     -5.52873
      137180.     -6.58936
      137200.     -7.06797
      137220.     -6.36049
      137240.     -5.49378
      137260.     -6.30854
      137280.     -5.11234
      137300.     -6.29777
      137320.     -6.60043
      137340.     -8.33721
      137360.     -7.46846
      137380.     -8.82918
      137400.     -9.00746
      137420.     -7.83045
      137440.     -7.36979
      137460.     -5.14168
      137480.     -5.87766
      137500.     -4.83652
      137520.     -4.84844
      137540.     -4.79820
      137560.     -5.55203
      137580.     -5.46102
      137600.     -5.90647
      137620.     -6.91933
      137640.     -6.13320
      137660.     -5.42883
      137680.     -5.98356
      137700.     -6.54102
      137720.     -7.62431
      137740.     -7.72314
      137760.     -7.28184
      137780.     -7.65665
      137800.     -7.77106
      137820.     -7.36065
      137840.     -6.14255
      137860.     -7.29728
      137880.     -6.91855
      137900.     -6.57104
      137920.     -6.02804
      137940.     -6.79846
      137960.     -4.83611
      137980.     -5.38907
      138000.     -5.27268
      138020.     -4.82965
      138040.     -4.80966
      138060.     -5.28032
      138080.     -5.02657
      138100.     -6.22319
      138120.     -5.31340
      138140.     -6.44273
      138160.     -6.96515
      138180.     -7.14874
      138200.     -8.14879
      138220.     -8.64826
      138240.     -7.93832
      138260.     -7.48616
      138280.     -8.27809
      138300.     -7.01127
      138320.     -5.79883
      138340.     -5.21607
      138360.     -4.07667
      138380.     -2.91815
      138400.     -5.32190
      138420.     -5.46081
      138440.     -7.05687
      138460.     -6.45604
      138480.     -7.19055
      138500.     -7.67282
      138520.     -8.39306
      138540.     -7.43815
      138560.     -7.52196
      138580.     -6.97211
      138600.     -6.58219
      138620.     -5.99002
      138640.     -4.22493
      138660.     -3.68123
      138680.     -3.81408
      138700.     -4.80806
      138720.     -6.10157
      138740.     -6.14789
      138760.     -6.81246
      138780.     -6.44433
      138800.     -7.20318
      138820.     -8.28483
      138840.     -7.00256
      138860.     -6.23154
      138880.     -6.72871
      138900.     -5.15278
      138920.     -7.02364
      138940.     -5.53869
      138960.     -7.41733
      138980.     -5.23956
      139000.     -5.80172
      139020.     -6.04009
      139040.     -5.99116
      139060.     -7.55302
      139080.     -7.33807
      139100.     -9.23093
      139120.     -9.91325
      139140.     -10.2742
      139160.     -8.99631
      139180.     -9.20700
      139200.     -6.53003
      139220.     -5.58188
      139240.     -4.99956
      139260.     -3.92026
      139280.     -3.45681
      139300.     -4.82753
      139320.     -5.92674
      139340.     -6.73467
      139360.     -7.07301
      139380.     -6.91258
      139400.     -6.70862
      139420.     -7.77356
      139440.     -6.97102
      139460.     -7.42218
      139480.     -6.91962
      139500.     -5.29124
      139520.     -4.22847
      139540.     -2.89457
      139560.     -2.59929
      139580.     -2.95474
      139600.     -3.86019
      139620.     -4.38080
      139640.     -6.18317
      139660.     -6.98178
      139680.     -9.39607
      139700.     -9.26695
      139720.     -9.82266
      139740.     -9.50622
      139760.     -7.24110
      139780.     -7.01746
      139800.     -5.06832
      139820.     -3.93065
      139840.     -2.40352
      139860.     -3.19477
      139880.     -2.68294
      139900.     -4.74791
      139920.     -4.45928
      139940.     -5.49148
      139960.     -5.39213
      139980.     -4.80947
      140000.     -5.02765
      140020.     -7.14658
      140040.     -6.99403
      140060.     -8.23817
      140080.     -7.54838
      140100.     -8.69561
      140120.     -6.10508
      140140.     -5.83624
      140160.     -5.23971
      140180.     -3.54096
      140200.     -3.39974
      140220.     -5.23100
      140240.     -5.40715
      140260.     -5.51236
      140280.     -5.13725
      140300.     -6.10453
      140320.     -6.30065
      140340.     -7.94536
      140360.     -7.51004
      140380.     -8.25136
      140400.     -8.18719
      140420.     -6.79335
      140440.     -6.63782
      140460.     -6.40652
      140480.     -4.83761
      140500.     -5.40746
      140520.     -4.56149
      140540.     -5.64699
      140560.     -6.11951
      140580.     -6.84925
      140600.     -6.76664
      140620.     -8.02565
      140640.     -6.83199
      140660.     -6.64597
      140680.     -6.64351
      140700.     -5.80704
      140720.     -5.85607
      140740.     -5.45390
      140760.     -4.15035
      140780.     -5.26708
      140800.     -5.65501
      140820.     -5.69479
      140840.     -5.58924
      140860.     -6.34408
      140880.     -7.01880
      140900.     -7.21282
      140920.     -7.55693
      140940.     -7.83863
      140960.     -6.03365
      140980.     -6.05852
      141000.     -3.95190
      141020.     -2.69459
      141040.     -2.95316
      141060.     -2.96738
      141080.     -5.12620
      141100.     -5.37621
      141120.     -6.13024
      141140.     -6.18349
      141160.     -5.89140
      141180.     -6.93929
      141200.     -6.47857
      141220.     -4.75936
      141240.     -4.39790
      141260.     -4.60135
      141280.     -5.49869
      141300.     -5.42207
      141320.     -6.69468
      141340.     -6.32030
      141360.     -6.83967
      141380.     -5.60063
      141400.     -5.41495
      141420.     -5.19505
      141440.     -5.02894
      141460.     -4.26260
      141480.     -4.26000
      141500.     -3.77454
      141520.     -3.68967
      141540.     -5.83614
      141560.     -6.75221
      141580.     -6.38515
      141600.     -5.99221
      141620.     -7.05418
      141640.     -5.55112
      141660.     -6.77201
      141680.     -4.57468
      141700.     -5.26385
      141720.     -5.26042
      141740.     -4.89553
      141760.     -5.69632
      141780.     -5.75367
      141800.     -4.27891
      141820.     -3.74752
      141840.     -4.05779
      141860.     -4.85036
      141880.     -4.58004
      141900.     -5.54086
      141920.     -6.07867
      141940.     -6.95743
      141960.     -7.46749
      141980.     -6.29848
      142000.     -4.57085
      142020.     -4.77737
      142040.     -4.36377
      142060.     -4.62984
      142080.     -5.30034
      142100.     -3.89523
      142120.     -5.17190
      142140.     -5.33153
      142160.     -5.26791
      142180.     -4.90535
      142200.     -6.15409
      142220.     -6.80107
      142240.     -6.38116
      142260.     -5.47231
      142280.     -5.95771
      142300.     -5.31446
      142320.     -6.27567
      142340.     -4.99702
      142360.     -4.86805
      142380.     -4.93137
      142400.     -5.69597
      142420.     -5.78956
      142440.     -6.62843
      142460.     -5.93096
      142480.     -5.60846
      142500.     -5.97824
      142520.     -5.34764
      142540.     -4.62648
      142560.     -4.80301
      142580.     -4.44712
      142600.     -4.22815
      142620.     -4.71433
      142640.     -5.46189
      142660.     -6.65378
      142680.     -6.98331
      142700.     -7.17892
      142720.     -6.78739
      142740.     -5.90971
      142760.     -6.30813
      142780.     -6.51330
      142800.     -6.71994
      142820.     -6.08678
      142840.     -4.75585
      142860.     -5.68372
      142880.     -4.90774
      142900.     -6.62205
      142920.     -6.39439
      142940.     -7.50143
      142960.     -6.47253
      142980.     -5.94984
      143000.     -6.63339
      143020.     -6.89319
      143040.     -6.26781
      143060.     -5.08637
      143080.     -5.71826
      143100.     -5.34584
      143120.     -6.42909
      143140.     -5.62955
      143160.     -7.36933
      143180.     -7.04293
      143200.     -7.15524
      143220.     -6.25657
      143240.     -5.07657
      143260.     -3.68904
      143280.     -3.63236
      143300.     -3.55349
      143320.     -2.35044
      143340.     -3.41302
      143360.     -4.09011
      143380.     -5.06710
      143400.     -4.71783
      143420.     -6.37090
      143440.     -7.45916
      143460.     -7.44732
      143480.     -7.82451
      143500.     -7.03819
      143520.     -7.22166
      143540.     -5.49476
      143560.     -4.51634
      143580.     -4.58463
      143600.     -4.57524
      143620.     -4.47843
      143640.     -5.76578
      143660.     -5.71209
      143680.     -5.67195
      143700.     -6.36291
      143720.     -5.58179
      143740.     -4.66972
      143760.     -6.00234
      143780.     -7.08742
      143800.     -6.30144
      143820.     -7.74940
      143840.     -8.53584
      143860.     -7.42345
      143880.     -7.85028
      143900.     -6.80939
      143920.     -5.41494
      143940.     -4.25550
      143960.     -4.52051
      143980.     -3.94922
      144000.     -3.42695
      144020.     -3.70141
      144040.     -7.03581
      144060.     -8.29190
      144080.     -7.47360
      144100.     -8.48990
      144120.     -8.11325
      144140.     -8.32790
      144160.     -6.84212
      144180.     -7.18501
      144200.     -6.26519
      144220.     -5.36150
      144240.     -4.68965
      144260.     -4.23516
      144280.     -4.64795
      144300.     -4.24416
      144320.     -5.45172
      144340.     -6.98723
      144360.     -8.48516
      144380.     -9.09261
      144400.     -7.60095
      144420.     -8.35035
      144440.     -7.75898
      144460.     -6.06731
      144480.     -5.20787
      144500.     -4.83384
      144520.     -4.19755
      144540.     -4.29886
      144560.     -4.95543
      144580.     -5.31479
      144600.     -6.35545
      144620.     -7.75730
      144640.     -7.44448
      144660.     -7.97587
      144680.     -7.60191
      144700.     -6.39400
      144720.     -5.99232
      144740.     -4.98980
      144760.     -3.72470
      144780.     -5.88731
      144800.     -5.70384
      144820.     -5.61995
      144840.     -7.13764
      144860.     -7.99082
      144880.     -7.44086
      144900.     -7.77484
      144920.     -6.01711
      144940.     -4.91634
      144960.     -3.41978
      144980.     -3.60751
      145000.     -3.59880
      145020.     -4.59940
      145040.     -5.17726
      145060.     -5.88836
      145080.     -6.89378
      145100.     -7.04012
      145120.     -7.04201
      145140.     -6.49079
      145160.     -6.38750
      145180.     -6.34686
      145200.     -6.99537
      145220.     -6.63486
      145240.     -6.28806
      145260.     -7.12791
      145280.     -4.40934
      145300.     -5.21839
      145320.     -3.55572
      145340.     -3.30512
      145360.     -3.81285
      145380.     -5.11285
      145400.     -5.21793
      145420.     -5.17110
      145440.     -7.01729
      145460.     -7.07361
      145480.     -7.60384
      145500.     -8.00535
      145520.     -9.53758
      145540.     -8.37750
      145560.     -7.49390
      145580.     -6.91576
      145600.     -5.82419
      145620.     -5.02188
      145640.     -4.18914
      145660.     -4.56419
      145680.     -3.77751
      145700.     -4.65049
      145720.     -4.76437
      145740.     -5.50338
      145760.     -5.90678
      145780.     -6.72194
      145800.     -7.77121
      145820.     -7.76769
      145840.     -6.96481
      145860.     -5.69875
      145880.     -7.33947
      145900.     -5.37224
      145920.     -4.96648
      145940.     -3.89699
      145960.     -5.31296
      145980.     -5.52714
      146000.     -7.03305
      146020.     -7.15031
      146040.     -6.03577
      146060.     -7.16791
      146080.     -6.24965
      146100.     -6.25271
      146120.     -4.88562
      146140.     -5.29258
      146160.     -6.27530
      146180.     -5.31794
      146200.     -5.55507
      146220.     -6.44779
      146240.     -6.60460
      146260.     -7.36555
      146280.     -6.23752
      146300.     -6.97252
      146320.     -5.38195
      146340.     -4.90597
      146360.     -4.65125
      146380.     -5.02617
      146400.     -5.54611
      146420.     -6.33313
      146440.     -5.88558
      146460.     -6.11775
      146480.     -6.89409
      146500.     -7.80686
      146520.     -6.76323
      146540.     -6.94368
      146560.     -6.33074
      146580.     -5.12286
      146600.     -5.22632
      146620.     -4.79413
      146640.     -4.57746
      146660.     -6.00230
      146680.     -4.88764
      146700.     -6.39013
      146720.     -5.76960
      146740.     -6.45385
      146760.     -7.74989
      146780.     -8.20820
      146800.     -8.58556
      146820.     -8.31464
      146840.     -8.08791
      146860.     -6.94327
      146880.     -5.54966
      146900.     -4.61324
      146920.     -5.23754
      146940.     -5.73779
      146960.     -5.41379
      146980.     -7.83268
      147000.     -7.88405
      147020.     -8.61142
      147040.     -9.52470
      147060.     -9.72782
      147080.     -8.89093
      147100.     -7.14089
      147120.     -6.18990
      147140.     -4.06660
      147160.     -4.44922
      147180.     -4.04716
      147200.     -4.58564
      147220.     -5.97567
      147240.     -6.03088
      147260.     -7.31846
      147280.     -7.68670
      147300.     -7.80510
      147320.     -6.43248
      147340.     -7.19926
      147360.     -6.37734
      147380.     -6.29629
      147400.     -5.99275
      147420.     -5.84705
      147440.     -6.63217
      147460.     -5.00353
      147480.     -6.22829
      147500.     -5.64098
      147520.     -5.94136
      147540.     -6.03118
      147560.     -5.16588
      147580.     -6.18942
      147600.     -6.35627
      147620.     -6.48594
      147640.     -5.76943
      147660.     -6.51498
      147680.     -5.02946
      147700.     -4.98730
      147720.     -3.66846
      147740.     -5.43529
      147760.     -4.39705
      147780.     -7.44244
      147800.     -6.91510
      147820.     -7.57325
      147840.     -8.56915
      147860.     -6.30990
      147880.     -6.40280
      147900.     -6.58816
      147920.     -5.72772
      147940.     -6.59453
      147960.     -6.24299
      147980.     -5.63856
      148000.     -5.05384
      148020.     -5.01699
      148040.     -5.39049
      148060.     -6.94640
      148080.     -6.15007
      148100.     -5.78917
      148120.     -6.36972
      148140.     -6.72130
      148160.     -6.95937
      148180.     -6.23703
      148200.     -5.77014
      148220.     -5.73022
      148240.     -5.39133
      148260.     -5.62069
      148280.     -5.87314
      148300.     -6.39622
      148320.     -5.54966
      148340.     -4.85038
      148360.     -5.76353
      148380.     -5.97711
      148400.     -5.27079
      148420.     -6.32412
      148440.     -6.28326
      148460.     -6.53331
      148480.     -6.21473
      148500.     -6.05516
      148520.     -4.01536
      148540.     -5.70525
      148560.     -6.39921
      148580.     -6.32094
      148600.     -6.92286
      148620.     -7.23240
      148640.     -7.23983
      148660.     -8.28517
      148680.     -7.93459
      148700.     -8.25114
      148720.     -6.72253
      148740.     -7.06969
      148760.     -6.43811
      148780.     -5.37092
      148800.     -5.53932
      148820.     -5.10585
      148840.     -6.04789
      148860.     -6.18915
      148880.     -5.82944
      148900.     -7.93210
      148920.     -8.84909
      148940.     -8.91910
      148960.     -7.51969
      148980.     -7.00346
      149000.     -4.62953
      149020.     -4.66535
      149040.     -4.95278
      149060.     -5.25184
      149080.     -5.44024
      149100.     -5.50184
      149120.     -4.96349
      149140.     -6.47507
      149160.     -7.56402
      149180.     -8.11741
      149200.     -8.18822
      149220.     -8.14030
      149240.     -6.94295
      149260.     -7.56206
      149280.     -5.85650
      149300.     -5.83367
      149320.     -2.96244
      149340.     -4.92439
      149360.     -3.95845
      149380.     -6.20439
      149400.     -5.79889
      149420.     -5.19739
      149440.     -6.95559
      149460.     -7.05840
      149480.     -7.01686
      149500.     -5.89816
      149520.     -4.58135
      149540.     -6.44069
      149560.     -6.40101
      149580.     -7.21769
      149600.     -7.74718
      149620.     -6.66828
      149640.     -5.81077
      149660.     -6.99669
      149680.     -5.57786
      149700.     -7.17971
      149720.     -6.17676
      149740.     -6.31662
      149760.     -5.74201
      149780.     -5.00869
      149800.     -5.12358
      149820.     -5.69588
      149840.     -5.81647
      149860.     -6.39235
      149880.     -7.05004
      149900.     -7.67286
      149920.     -7.83946
      149940.     -7.07163
      149960.     -7.89521
      149980.     -7.09154
      150000.     -6.86317
      150020.     -5.23425
      150040.     -6.51533
      150060.     -5.46983
      150080.     -6.60387
      150100.     -6.38644
      150120.     -6.60203
      150140.     -7.97380
      150160.     -7.57424
      150180.     -7.58777
      150200.     -7.72206
      150220.     -6.99128
      150240.     -7.88616
      150260.     -6.43617
      150280.     -7.31664
      150300.     -7.70198
      150320.     -6.81490
      150340.     -6.81580
      150360.     -6.05527
      150380.     -6.09551
      150400.     -5.49507
      150420.     -5.22951
      150440.     -6.55059
      150460.     -7.39418
      150480.     -7.86174
      150500.     -8.10361
      150520.     -8.17212
      150540.     -8.49770
      150560.     -9.19148
      150580.     -7.71610
      150600.     -5.94779
      150620.     -7.15237
      150640.     -6.60759
      150660.     -5.57130
      150680.     -6.64538
      150700.     -4.80750
      150720.     -6.84808
      150740.     -6.32658
      150760.     -5.56092
      150780.     -5.89963
      150800.     -4.94873
      150820.     -5.84463
      150840.     -6.31645
      150860.     -7.44940
      150880.     -8.59995
      150900.     -8.51969
      150920.     -8.25514
      150940.     -6.96497
      150960.     -5.73339
      150980.     -5.52566
      151000.     -5.41152
      151020.     -5.51338
      151040.     -4.82651
      151060.     -6.39251
      151080.     -6.55532
      151100.     -6.08668
      151120.     -6.95858
      151140.     -6.21143
      151160.     -6.53292
      151180.     -7.32630
      151200.     -6.32903
      151220.     -5.10976
      151240.     -6.44048
      151260.     -6.16986
      151280.     -6.24965
      151300.     -5.45999
      151320.     -6.30646
      151340.     -5.08661
      151360.     -5.90338
      151380.     -6.06483
      151400.     -7.11431
      151420.     -8.23270
      151440.     -6.00148
      151460.     -4.94010
      151480.     -5.51136
      151500.     -5.78383
      151520.     -5.77006
      151540.     -6.15714
      151560.     -6.81822
      151580.     -6.55339
      151600.     -5.68849
      151620.     -6.24588
      151640.     -6.20063
      151660.     -5.94814
      151680.     -6.62342
      151700.     -5.57515
      151720.     -5.38606
      151740.     -4.98258
      151760.     -6.01073
      151780.     -4.93308
      151800.     -5.36477
      151820.     -5.38677
      151840.     -6.09946
      151860.     -6.57602
      151880.     -6.53038
      151900.     -7.00661
      151920.     -6.43394
      151940.     -5.90223
      151960.     -5.88042
      151980.     -4.62490
      152000.     -5.04033
      152020.     -4.76139
      152040.     -5.58648
      152060.     -6.23538
      152080.     -6.25293
      152100.     -6.21323
      152120.     -6.38266
      152140.     -6.82575
      152160.     -7.25137
      152180.     -5.68970
      152200.     -6.25380
      152220.     -5.80551
      152240.     -6.18839
      152260.     -4.95887
      152280.     -5.91264
      152300.     -5.42165
      152320.     -6.02198
      152340.     -5.71247
      152360.     -5.51410
      152380.     -5.78792
      152400.     -5.75122
      152420.     -4.46524
      152440.     -4.22158
      152460.     -4.81253
      152480.     -5.52455
      152500.     -5.16942
      152520.     -6.15226
      152540.     -5.00230
      152560.     -7.72083
      152580.     -7.01595
      152600.     -6.43153
      152620.     -4.98478
      152640.     -6.50766
      152660.     -7.22654
      152680.     -6.51093
      152700.     -6.89555
      152720.     -7.25726
      152740.     -7.27155
      152760.     -6.67234
      152780.     -6.71312
      152800.     -5.29918
      152820.     -6.39192
      152840.     -6.73696
      152860.     -5.39682
      152880.     -6.56815
      152900.     -7.66439
      152920.     -6.22775
      152940.     -6.74442
      152960.     -7.69485
      152980.     -6.50906
      153000.     -7.22077
      153020.     -6.69924
      153040.     -7.64669
      153060.     -6.35661
      153080.     -6.85551
      153100.     -6.33348
      153120.     -5.84777
      153140.     -5.21089
      153160.     -6.33688
      153180.     -6.70819
      153200.     -6.68394
      153220.     -6.95490
      153240.     -7.56443
      153260.     -6.93153
      153280.     -5.97298
      153300.     -5.32366
      153320.     -6.07747
      153340.     -7.56592
      153360.     -7.55075
      153380.     -7.64060
      153400.     -8.22148
      153420.     -8.95814
      153440.     -8.41854
      153460.     -7.57625
      153480.     -6.04745
      153500.     -4.90333
      153520.     -5.00337
      153540.     -3.64456
      153560.     -3.55807
      153580.     -4.59025
      153600.     -6.61646
      153620.     -7.28755
      153640.     -7.27242
      153660.     -7.22889
      153680.     -7.80464
      153700.     -7.32806
      153720.     -6.42962
      153740.     -6.67739
      153760.     -6.46173
      153780.     -4.54002
      153800.     -3.70918
      153820.     -4.38114
      153840.     -5.39953
      153860.     -4.41147
      153880.     -5.57094
      153900.     -6.05809
      153920.     -6.20263
      153940.     -7.24694
      153960.     -6.92307
      153980.     -7.73478
      154000.     -6.74378
      154020.     -6.43841
      154040.     -6.30143
      154060.     -3.90665
      154080.     -3.67513
      154100.     -3.91738
      154120.     -1.97479
      154140.     -3.21712
      154160.     -3.38775
      154180.     -3.42570
      154200.     -3.31216
      154220.     -3.58990
      154240.     -4.96205
      154260.     -6.58237
      154280.     -6.11916
      154300.     -6.06511
      154320.     -5.61292
      154340.     -4.49194
      154360.     -3.13688
      154380.     -4.27138
      154400.     -2.67416
      154420.     -3.64186
      154440.     -3.46469
      154460.     -4.27089
      154480.     -5.16700
      154500.     -5.88051
      154520.     -6.10520
      154540.     -7.50225
      154560.     -7.74956
      154580.     -8.56910
      154600.     -8.20068
      154620.     -7.57635
      154640.     -7.33855
      154660.     -5.29272
      154680.     -3.97648
      154700.     -2.43944
      154720.     -2.54463
      154740.     -1.72136
      154760.     -4.03861
      154780.     -5.39112
      154800.     -5.97164
      154820.     -6.31870
      154840.     -6.96293
      154860.     -7.47154
      154880.     -7.24851
      154900.     -6.76798
      154920.     -6.74677
      154940.     -6.36125
      154960.     -6.55628
      154980.     -7.18719
      155000.     -4.91411
      155020.     -5.59731
      155040.     -5.67880
      155060.     -6.18900
      155080.     -6.91796
      155100.     -4.76291
      155120.     -5.24850
      155140.     -5.10680
      155160.     -7.20287
      155180.     -6.13135
      155200.     -7.48635
      155220.     -6.51510
      155240.     -8.17297
      155260.     -6.34196
      155280.     -7.74332
      155300.     -8.52174
      155320.     -8.00288
      155340.     -8.25000
      155360.     -7.33636
      155380.     -6.83526
      155400.     -5.42172
      155420.     -5.75882
      155440.     -4.13980
      155460.     -6.16424
      155480.     -6.01389
      155500.     -6.63678
      155520.     -6.77197
      155540.     -6.96956
      155560.     -6.36227
      155580.     -4.61552
      155600.     -5.46129
      155620.     -5.74620
      155640.     -5.66688
      155660.     -6.15703
      155680.     -6.00066
      155700.     -7.12526
      155720.     -5.20192
      155740.     -5.88682
      155760.     -5.47067
      155780.     -5.98953
      155800.     -6.68740
      155820.     -5.83449
      155840.     -6.10923
      155860.     -6.05685
      155880.     -5.14265
      155900.     -5.80837
      155920.     -5.23965
      155940.     -6.97549
      155960.     -6.18305
      155980.     -6.63649
      156000.     -4.83517
      156020.     -6.48871
      156040.     -6.20287
      156060.     -5.03215
      156080.     -5.04857
      156100.     -4.17103
      156120.     -5.42622
      156140.     -5.66348
      156160.     -5.03251
      156180.     -5.58383
      156200.     -6.25218
      156220.     -6.25334
      156240.     -5.69492
      156260.     -6.17042
      156280.     -7.23585
      156300.     -5.55030
      156320.     -5.44986
      156340.     -4.99662
      156360.     -4.00212
      156380.     -4.58424
      156400.     -3.99395
      156420.     -4.86695
      156440.     -4.90043
      156460.     -5.89019
      156480.     -6.34794
      156500.     -6.00465
      156520.     -7.26594
      156540.     -6.25810
      156560.     -5.76748
      156580.     -4.66128
      156600.     -3.69942
      156620.     -4.94583
      156640.     -4.83998
      156660.     -5.76931
      156680.     -5.82606
      156700.     -5.62353
      156720.     -6.16065
      156740.     -4.61667
      156760.     -6.07568
      156780.     -6.45670
      156800.     -6.34768
      156820.     -6.69195
      156840.     -6.06692
      156860.     -7.05462
      156880.     -4.87043
      156900.     -6.08299
      156920.     -6.20644
      156940.     -6.62368
      156960.     -7.21182
      156980.     -7.08750
      157000.     -7.45640
      157020.     -6.03468
      157040.     -5.10700
      157060.     -6.42925
      157080.     -6.36230
      157100.     -5.12465
      157120.     -4.96976
      157140.     -5.49987
      157160.     -6.07852
      157180.     -5.22851
      157200.     -5.86157
      157220.     -6.70480
      157240.     -7.94381
      157260.     -6.89664
      157280.     -7.03702
      157300.     -7.71325
      157320.     -7.24384
      157340.     -6.41800
      157360.     -5.00890
      157380.     -5.24026
      157400.     -3.65981
      157420.     -3.38326
      157440.     -4.74605
      157460.     -6.51948
      157480.     -6.81634
      157500.     -8.29690
      157520.     -8.99099
      157540.     -8.86201
      157560.     -8.48605
      157580.     -7.36355
      157600.     -5.91504
      157620.     -5.10227
      157640.     -4.19922
      157660.     -4.26738
      157680.     -3.54037
      157700.     -4.92871
      157720.     -6.10101
      157740.     -8.06450
      157760.     -9.14010
      157780.     -8.20453
      157800.     -8.31449
      157820.     -6.74207
      157840.     -6.12950
      157860.     -5.40370
      157880.     -6.20224
      157900.     -5.44184
      157920.     -6.40213
      157940.     -7.31053
      157960.     -7.12875
      157980.     -8.36434
      158000.     -8.29433
      158020.     -7.81274
      158040.     -8.68426
      158060.     -7.53089
      158080.     -7.54346
      158100.     -7.48428
      158120.     -7.01504
      158140.     -6.91928
      158160.     -6.55224
      158180.     -6.50555
      158200.     -7.43666
      158220.     -6.85659
      158240.     -7.54697
      158260.     -5.55549
      158280.     -5.66933
      158300.     -6.22325
      158320.     -5.95287
      158340.     -6.54629
      158360.     -6.48421
      158380.     -8.17957
      158400.     -7.20822
      158420.     -8.81957
      158440.     -8.07934
      158460.     -7.33021
      158480.     -4.41123
      158500.     -4.43670
      158520.     -3.95839
      158540.     -3.49397
      158560.     -3.84724
      158580.     -3.87634
      158600.     -6.53610
      158620.     -6.74101
      158640.     -6.15369
      158660.     -5.92323
      158680.     -7.01672
      158700.     -7.06409
      158720.     -6.50000
      158740.     -4.85425
      158760.     -4.68508
      158780.     -5.45839
      158800.     -5.67028
      158820.     -5.69187
      158840.     -5.94204
      158860.     -5.36671
      158880.     -6.04344
      158900.     -6.40430
      158920.     -6.62107
      158940.     -6.82064
      158960.     -5.99112
      158980.     -6.51682
      159000.     -6.77901
      159020.     -5.80183
      159040.     -5.29595
      159060.     -4.57235
      159080.     -4.72307
      159100.     -5.84490
      159120.     -6.51502
      159140.     -7.91345
      159160.     -7.20445
      159180.     -8.92948
      159200.     -8.71300
      159220.     -8.26141
      159240.     -7.36772
      159260.     -6.20128
      159280.     -6.08940
      159300.     -5.51742
      159320.     -5.09668
      159340.     -5.20524
      159360.     -5.41286
      159380.     -5.68521
      159400.     -7.43262
      159420.     -8.40869
      159440.     -8.90538
      159460.     -8.00296
      159480.     -7.26186
      159500.     -6.05889
      159520.     -4.56275
      159540.     -5.20989
      159560.     -4.61489
      159580.     -3.67363
      159600.     -4.36534
      159620.     -6.85140
      159640.     -7.38184
      159660.     -7.36177
      159680.     -8.92981
      159700.     -8.86485
      159720.     -8.30774
      159740.     -7.22615
      159760.     -6.04362
      159780.     -4.66254
      159800.     -4.09527
      159820.     -3.19320
      159840.     -4.35015
      159860.     -4.04559
      159880.     -4.68400
      159900.     -5.47437
      159920.     -5.87845
      159940.     -4.76371
      159960.     -4.90568
      159980.     -6.34532
      160000.     -6.28183
      160020.     -6.98617
      160040.     -7.98098
      160060.     -8.85186
      160080.     -7.88059
      160100.     -7.54147
      160120.     -4.58286
      160140.     -2.92960
      160160.     -3.46937
      160180.     -2.75023
      160200.     -2.72652
      160220.     -3.36543
      160240.     -4.37313
      160260.     -6.82927
      160280.     -6.66593
      160300.     -7.83730
      160320.     -8.86833
      160340.     -8.49892
      160360.     -7.83365
      160380.     -6.99244
      160400.     -6.15593
      160420.     -5.37365
      160440.     -4.32833
      160460.     -4.44435
      160480.     -4.96976
      160500.     -4.50153
      160520.     -3.64366
      160540.     -3.75071
      160560.     -6.01798
      160580.     -4.88971
      160600.     -4.83774
      160620.     -4.88788
      160640.     -4.69159
      160660.     -5.42798
      160680.     -4.89752
      160700.     -5.47682
      160720.     -6.67539
      160740.     -6.45048
      160760.     -6.49759
      160780.     -5.12131
      160800.     -6.94665
      160820.     -5.67309
      160840.     -5.81992
      160860.     -5.43276
      160880.     -4.85223
      160900.     -3.18975
      160920.     -3.96965
      160940.     -4.34929
      160960.     -3.14229
      160980.     -5.15967
      161000.     -5.01755
      161020.     -6.37337
      161040.     -7.37422
      161060.     -8.23913
      161080.     -7.39348
      161100.     -6.68138
      161120.     -6.44385
      161140.     -5.24396
      161160.     -3.89848
      161180.     -3.25654
      161200.     -3.01059
      161220.     -3.45964
      161240.     -6.06203
      161260.     -5.48771
      161280.     -6.66224
      161300.     -7.04173
      161320.     -7.63786
      161340.     -7.48248
      161360.     -7.65360
      161380.     -6.41096
      161400.     -5.17411
      161420.     -4.75868
      161440.     -5.31094
      161460.     -6.66410
      161480.     -6.72866
      161500.     -6.51396
      161520.     -6.36634
      161540.     -6.22619
      161560.     -6.63569
      161580.     -6.76082
      161600.     -6.77311
      161620.     -7.61790
      161640.     -6.26832
      161660.     -6.49184
      161680.     -6.31527
      161700.     -5.35309
      161720.     -6.25983
      161740.     -5.26566
      161760.     -6.60894
      161780.     -7.62128
      161800.     -7.53363
      161820.     -6.76407
      161840.     -6.69029
      161860.     -7.37028
      161880.     -5.43448
      161900.     -5.45924
      161920.     -5.39514
      161940.     -5.35193
      161960.     -5.01464
      161980.     -6.37359
      162000.     -6.26693
      162020.     -6.23798
      162040.     -5.98706
      162060.     -5.29937
      162080.     -4.72999
      162100.     -6.43848
      162120.     -5.26762
      162140.     -5.83198
      162160.     -6.79700
      162180.     -6.11412
      162200.     -5.72215
      162220.     -6.77807
      162240.     -5.89444
      162260.     -6.40229
      162280.     -6.59465
      162300.     -5.56396
      162320.     -6.32546
      162340.     -5.96370
      162360.     -4.93035
      162380.     -5.23510
      162400.     -5.51609
      162420.     -4.17397
      162440.     -5.12782
      162460.     -4.32622
      162480.     -5.01164
      162500.     -5.05797
      162520.     -4.83533
      162540.     -6.20391
      162560.     -5.30428
      162580.     -6.37184
      162600.     -5.81457
      162620.     -6.89431
      162640.     -6.29080
      162660.     -7.06279
      162680.     -6.36653
      162700.     -6.73652
      162720.     -6.70256
      162740.     -7.12872
      162760.     -8.56726
      162780.     -6.43144
      162800.     -5.86666
      162820.     -5.62367
      162840.     -5.75891
      162860.     -6.01227
      162880.     -5.58875
      162900.     -5.15690
      162920.     -5.69682
      162940.     -6.30964
      162960.     -7.64161
      162980.     -7.90884
      163000.     -7.23750
      163020.     -6.70924
      163040.     -5.00513
      163060.     -5.70347
      163080.     -4.97122
      163100.     -4.96807
      163120.     -6.54573
      163140.     -6.56935
      163160.     -6.47124
      163180.     -6.52533
      163200.     -7.54450
      163220.     -6.09666
      163240.     -5.50657
      163260.     -5.63444
      163280.     -4.77039
      163300.     -4.88930
      163320.     -4.57187
      163340.     -3.65694
      163360.     -5.07915
      163380.     -5.43704
      163400.     -5.32012
      163420.     -5.70960
      163440.     -7.30499
      163460.     -6.99083
      163480.     -6.80837
      163500.     -7.35384
      163520.     -5.81764
      163540.     -5.86580
      163560.     -4.33119
      163580.     -3.58635
      163600.     -3.03837
      163620.     -3.15594
      163640.     -3.48666
      163660.     -4.43516
      163680.     -5.24501
      163700.     -6.75852
      163720.     -8.01993
      163740.     -8.43645
      163760.     -8.36684
      163780.     -7.77332
      163800.     -5.19043
      163820.     -5.53672
      163840.     -4.23432
      163860.     -3.88264
      163880.     -2.83562
      163900.     -3.55389
      163920.     -5.09774
      163940.     -5.49250
      163960.     -5.31710
      163980.     -8.01538
      164000.     -6.44082
      164020.     -6.23772
      164040.     -5.16837
      164060.     -4.49570
      164080.     -5.37206
      164100.     -4.76016
      164120.     -4.52091
      164140.     -6.02400
      164160.     -6.61055
      164180.     -6.01703
      164200.     -6.42073
      164220.     -5.09703
      164240.     -5.16728
      164260.     -6.27589
      164280.     -5.13168
      164300.     -4.14822
      164320.     -3.80129
      164340.     -3.83473
      164360.     -4.20849
      164380.     -6.29349
      164400.     -5.10506
      164420.     -7.06470
      164440.     -8.69866
      164460.     -8.52121
      164480.     -8.75316
      164500.     -7.32096
      164520.     -7.15882
      164540.     -6.07609
      164560.     -5.19589
      164580.     -5.53809
      164600.     -5.34372
      164620.     -5.08418
      164640.     -5.17367
      164660.     -6.09314
      164680.     -5.68923
      164700.     -7.31793
      164720.     -7.03011
      164740.     -8.93844
      164760.     -9.09770
      164780.     -8.54557
      164800.     -8.58270
      164820.     -6.82334
      164840.     -6.61280
      164860.     -5.85265
      164880.     -5.92252
      164900.     -4.31500
      164920.     -3.90375
      164940.     -5.88931
      164960.     -6.24772
      164980.     -6.19680
      165000.     -6.59842
      165020.     -6.79343
      165040.     -6.88003
      165060.     -7.62997
      165080.     -8.33339
      165100.     -6.79634
      165120.     -7.37241
      165140.     -7.37397
      165160.     -6.04923
      165180.     -5.68287
      165200.     -4.86663
      165220.     -4.35696
      165240.     -6.27666
      165260.     -6.19714
      165280.     -7.08293
      165300.     -8.44795
      165320.     -9.49320
      165340.     -8.47381
      165360.     -8.17229
      165380.     -7.99954
      165400.     -6.94100
      165420.     -5.85700
      165440.     -5.74008
      165460.     -6.35310
      165480.     -5.47344
      165500.     -4.23493
      165520.     -5.75380
      165540.     -5.98135
      165560.     -6.83807
      165580.     -6.00970
      165600.     -6.74517
      165620.     -7.00103
      165640.     -7.85371
      165660.     -7.10423
      165680.     -7.28612
      165700.     -7.61901
      165720.     -3.80654
      165740.     -4.20704
      165760.     -3.84780
      165780.     -4.80545
      165800.     -5.76774
      165820.     -6.12162
      165840.     -6.97956
      165860.     -7.42070
      165880.     -6.97269
      165900.     -6.39804
      165920.     -4.65339
      165940.     -3.77114
      165960.     -4.34405
      165980.     -4.49617
      166000.     -4.36252
      166020.     -5.28608
      166040.     -5.26576
      166060.     -5.60371
      166080.     -5.79986
      166100.     -6.01590
      166120.     -6.14329
      166140.     -5.98390
      166160.     -7.03231
      166180.     -7.04902
      166200.     -6.16894
      166220.     -7.29579
      166240.     -6.63315
      166260.     -6.63959
      166280.     -5.62892
      166300.     -5.52823
      166320.     -6.39713
      166340.     -6.40401
      166360.     -4.72014
      166380.     -5.85701
      166400.     -6.27999
      166420.     -7.56309
      166440.     -5.56520
      166460.     -5.53161
      166480.     -4.39880
      166500.     -4.21734
      166520.     -3.42697
      166540.     -4.64978
      166560.     -5.50800
      166580.     -6.56835
      166600.     -5.92288
      166620.     -6.83393
      166640.     -6.02060
      166660.     -5.29766
      166680.     -5.45225
      166700.     -4.84613
      166720.     -4.81884
      166740.     -4.46568
      166760.     -3.64642
      166780.     -3.30894
      166800.     -4.72773
      166820.     -5.48892
      166840.     -6.18288
      166860.     -6.83184
      166880.     -5.94495
      166900.     -7.09571
      166920.     -6.63958
      166940.     -5.93338
      166960.     -6.48064
      166980.     -5.13709
      167000.     -4.48189
      167020.     -6.10818
      167040.     -5.96748
      167060.     -5.34924
      167080.     -5.82465
      167100.     -6.69132
      167120.     -7.57020
      167140.     -7.19469
      167160.     -7.74624
      167180.     -7.66692
      167200.     -6.46689
      167220.     -4.76996
      167240.     -4.69776
      167260.     -4.95210
      167280.     -3.96514
      167300.     -4.74679
      167320.     -5.57310
      167340.     -7.36112
      167360.     -6.22997
      167380.     -6.02569
      167400.     -6.80434
      167420.     -5.91679
      167440.     -6.79937
      167460.     -6.31491
      167480.     -6.61097
      167500.     -5.94894
      167520.     -5.45928
      167540.     -6.46021
      167560.     -5.87986
      167580.     -5.59960
      167600.     -4.72399
      167620.     -4.35169
      167640.     -4.26023
      167660.     -3.80459
      167680.     -3.92335
      167700.     -4.08482
      167720.     -5.41214
      167740.     -6.34256
      167760.     -7.65831
      167780.     -5.94727
      167800.     -5.35091
      167820.     -4.86103
      167840.     -5.47499
      167860.     -5.82709
      167880.     -6.35990
      167900.     -6.80112
      167920.     -7.26238
      167940.     -6.92466
      167960.     -6.53309
      167980.     -6.90520
      168000.     -6.37859
      168020.     -6.47430
      168040.     -5.36361
      168060.     -5.96400
      168080.     -4.51299
      168100.     -4.66694
      168120.     -5.15358
      168140.     -6.13656
      168160.     -5.02821
      168180.     -5.76057
      168200.     -4.45626
      168220.     -5.56999
      168240.     -6.55765
      168260.     -7.02403
      168280.     -6.76736
      168300.     -6.13169
      168320.     -6.76576
      168340.     -5.79794
      168360.     -4.37687
      168380.     -3.97038
      168400.     -3.33878
      168420.     -4.52478
      168440.     -4.35232
      168460.     -5.36229
      168480.     -6.57121
      168500.     -5.55213
      168520.     -7.59745
      168540.     -7.07948
      168560.     -6.58091
      168580.     -5.64111
      168600.     -6.73993
      168620.     -5.23155
      168640.     -4.41182
      168660.     -4.24192
      168680.     -5.29487
      168700.     -5.77009
      168720.     -5.06685
      168740.     -6.58394
      168760.     -6.42538
      168780.     -6.07075
      168800.     -7.50798
      168820.     -7.61573
      168840.     -7.10209
      168860.     -7.02515
      168880.     -6.42674
      168900.     -5.61865
      168920.     -4.25901
      168940.     -3.62358
      168960.     -3.30616
      168980.     -4.97990
      169000.     -6.27029
      169020.     -5.13909
      169040.     -5.69117
      169060.     -6.96296
      169080.     -6.85724
      169100.     -5.67635
      169120.     -5.87020
      169140.     -7.10718
      169160.     -4.11242
      169180.     -4.05257
      169200.     -4.05585
      169220.     -3.30993
      169240.     -3.55447
      169260.     -4.70140
      169280.     -5.21216
      169300.     -6.49024
      169320.     -5.53766
      169340.     -6.94271
      169360.     -6.92242
      169380.     -6.06916
      169400.     -6.56134
      169420.     -5.81982
      169440.     -5.95016
      169460.     -5.69244
      169480.     -5.33079
      169500.     -5.56180
      169520.     -4.40553
      169540.     -4.25718
      169560.     -4.61281
      169580.     -4.94702
      169600.     -5.47256
      169620.     -6.54828
      169640.     -5.76502
      169660.     -7.14542
      169680.     -7.11007
      169700.     -7.03457
      169720.     -7.43708
      169740.     -8.27193
      169760.     -6.26229
      169780.     -5.72823
      169800.     -5.84303
      169820.     -4.64684
      169840.     -5.56737
      169860.     -4.77872
      169880.     -5.13125
      169900.     -4.17983
      169920.     -4.46833
      169940.     -4.66550
      169960.     -5.48831
      169980.     -4.98694
      170000.     -5.48278
      170020.     -5.36960
      170040.     -4.58138
      170060.     -6.00628
      170080.     -5.98337
      170100.     -5.73172
      170120.     -5.82950
      170140.     -6.09068
      170160.     -7.02116
      170180.     -6.49114
      170200.     -6.23162
      170220.     -5.82986
      170240.     -5.00548
      170260.     -5.87942
      170280.     -6.21497
      170300.     -6.18724
      170320.     -6.28572
      170340.     -5.16326
      170360.     -4.30937
      170380.     -3.66885
      170400.     -3.25402
      170420.     -3.37481
      170440.     -3.92113
      170460.     -5.30617
      170480.     -5.21341
      170500.     -7.46203
      170520.     -6.50756
      170540.     -6.63379
      170560.     -7.16914
      170580.     -5.96998
      170600.     -5.79195
      170620.     -5.81381
      170640.     -4.75596
      170660.     -4.27695
      170680.     -4.44879
      170700.     -5.37827
      170720.     -5.86853
      170740.     -6.20026
      170760.     -5.60357
      170780.     -6.32267
      170800.     -6.27144
      170820.     -5.77935
      170840.     -6.21224
      170860.     -5.61030
      170880.     -5.32947
      170900.     -5.21720
      170920.     -4.65015
      170940.     -4.11953
      170960.     -5.08721
      170980.     -5.59750
      171000.     -6.25727
      171020.     -5.72963
      171040.     -5.89258
      171060.     -4.94618
      171080.     -4.42140
      171100.     -3.55453
      171120.     -4.98171
      171140.     -6.10258
      171160.     -5.31597
      171180.     -4.73495
      171200.     -5.28825
      171220.     -4.09304
      171240.     -5.78286
      171260.     -4.29135
      171280.     -5.77607
      171300.     -5.87805
      171320.     -7.30287
      171340.     -6.24990
      171360.     -7.15004
      171380.     -6.53714
      171400.     -5.87133
      171420.     -6.28465
      171440.     -7.07344
      171460.     -3.88939
      171480.     -5.05057
      171500.     -5.25534
      171520.     -4.83106
      171540.     -5.13818
      171560.     -5.96359
      171580.     -6.00816
      171600.     -5.14780
      171620.     -4.83470
      171640.     -5.23248
      171660.     -4.95625
      171680.     -6.23771
      171700.     -6.39353
      171720.     -6.72600
      171740.     -4.59401
      171760.     -5.51935
      171780.     -5.64603
      171800.     -4.86870
      171820.     -5.83694
      171840.     -5.85858
      171860.     -6.32569
      171880.     -5.98834
      171900.     -4.96114
      171920.     -5.40589
      171940.     -5.14169
      171960.     -6.31653
      171980.     -6.22363
      172000.     -6.45045
      172020.     -5.99117
      172040.     -5.37824
      172060.     -5.12383
      172080.     -6.08371
      172100.     -7.25612
      172120.     -7.26640
      172140.     -7.46957
      172160.     -5.69874
      172180.     -4.50701
      172200.     -4.33444
      172220.     -3.14784
      172240.     -3.81193
      172260.     -4.62823
      172280.     -4.89110
      172300.     -7.39597
      172320.     -8.35709
      172340.     -8.52068
      172360.     -8.87547
      172380.     -7.32951
      172400.     -5.87873
      172420.     -4.70384
      172440.     -4.60329
      172460.     -4.98358
      172480.     -5.42133
      172500.     -7.16338
      172520.     -7.06357
      172540.     -6.55611
      172560.     -7.71855
      172580.     -6.92459
      172600.     -6.56965
      172620.     -6.81359
      172640.     -6.33387
      172660.     -7.11662
      172680.     -6.91303
      172700.     -6.30589
      172720.     -7.35082
      172740.     -7.37808
      172760.     -6.27040
      172780.     -4.76411
      172800.     -6.42615
      172820.     -6.75904
      172840.     -5.51122
      172860.     -6.69873
      172880.     -6.60829
      172900.     -5.37920
      172920.     -6.76527
      172940.     -5.81091
      172960.     -6.87141
      172980.     -5.43618
      173000.     -6.33772
      173020.     -6.38365
      173040.     -7.10005
      173060.     -6.13568
      173080.     -7.13090
      173100.     -6.62969
      173120.     -5.47449
      173140.     -5.78143
      173160.     -5.90394
      173180.     -6.50145
      173200.     -8.69995
      173220.     -8.32554
      173240.     -8.05015
      173260.     -7.65529
      173280.     -6.04752
      173300.     -6.16393
      173320.     -4.97521
      173340.     -4.86749
      173360.     -5.73382
      173380.     -5.50931
      173400.     -5.63993
      173420.     -5.99080
      173440.     -6.62507
      173460.     -5.83733
      173480.     -7.48861
      173500.     -5.38334
      173520.     -5.78074
      173540.     -5.15643
      173560.     -4.35892
      173580.     -5.25667
      173600.     -5.07635
      173620.     -4.38430
      173640.     -5.03114
      173660.     -4.89380
      173680.     -6.36016
      173700.     -6.43651
      173720.     -6.51281
      173740.     -6.74841
      173760.     -6.30803
      173780.     -6.82134
      173800.     -5.82500
      173820.     -5.69901
      173840.     -6.68466
      173860.     -5.87521
      173880.     -5.54064
      173900.     -6.28187
      173920.     -6.62003
      173940.     -6.59425
      173960.     -6.50893
      173980.     -7.51427
      174000.     -7.82535
      174020.     -7.69970
      174040.     -7.10067
      174060.     -8.70630
      174080.     -9.09756
      174100.     -7.63840
      174120.     -6.96855
      174140.     -5.37097
      174160.     -6.25884
      174180.     -5.07244
      174200.     -5.49020
      174220.     -3.84736
      174240.     -5.57209
      174260.     -6.29871
      174280.     -5.91977
      174300.     -6.99387
      174320.     -6.04335
      174340.     -6.47536
      174360.     -7.13318
      174380.     -6.81680
      174400.     -6.74841
      174420.     -7.78395
      174440.     -7.32539
      174460.     -7.79965
      174480.     -6.95369
      174500.     -5.88332
      174520.     -6.89828
      174540.     -5.37899
      174560.     -5.77497
      174580.     -5.53817
      174600.     -5.55964
      174620.     -6.80158
      174640.     -6.99157
      174660.     -6.87826
      174680.     -8.54808
      174700.     -7.58196
      174720.     -5.82888
      174740.     -6.85846
      174760.     -6.18571
      174780.     -5.83013
      174800.     -6.27840
      174820.     -7.39848
      174840.     -7.92266
      174860.     -8.51579
      174880.     -7.15177
      174900.     -6.81233
      174920.     -7.88233
      174940.     -6.34689
      174960.     -6.72814
      174980.     -6.46023
      175000.     -6.63244
      175020.     -6.46057
      175040.     -4.80874
      175060.     -4.64011
      175080.     -4.43132
      175100.     -5.53738
      175120.     -5.42685
      175140.     -5.22430
      175160.     -6.16936
      175180.     -8.01271
      175200.     -8.21644
      175220.     -7.89655
      175240.     -8.09614
      175260.     -7.00580
      175280.     -6.88812
      175300.     -6.12051
      175320.     -5.21172
      175340.     -5.41848
      175360.     -5.54614
      175380.     -4.60813
      175400.     -3.76038
      175420.     -5.28259
      175440.     -4.18420
      175460.     -4.27385
      175480.     -3.26047
      175500.     -4.74315
      175520.     -4.68838
      175540.     -5.52930
      175560.     -6.84589
      175580.     -6.26137
      175600.     -6.79677
      175620.     -7.14819
      175640.     -7.56078
      175660.     -6.69133
      175680.     -5.71678
      175700.     -5.39853
      175720.     -4.68245
      175740.     -2.23697
      175760.     -3.71741
      175780.     -3.78607
      175800.     -4.38287
      175820.     -6.04488
      175840.     -5.45040
      175860.     -6.25546
      175880.     -8.05703
      175900.     -8.70354
      175920.     -8.95433
      175940.     -7.90469
      175960.     -7.65962
      175980.     -4.47018
      176000.     -4.32764
      176020.     -3.41945
      176040.     -3.55128
      176060.     -4.49246
      176080.     -3.92714
      176100.     -5.63796
      176120.     -6.81349
      176140.     -8.21832
      176160.     -8.50686
      176180.     -6.63723
      176200.     -7.29327
      176220.     -5.80674
      176240.     -6.55799
      176260.     -5.78032
      176280.     -5.13850
      176300.     -5.09349
      176320.     -6.43120
      176340.     -6.04761
      176360.     -6.31749
      176380.     -6.67250
      176400.     -5.40640
      176420.     -6.52684
      176440.     -4.93599
      176460.     -6.02357
      176480.     -5.78225
      176500.     -5.90734
      176520.     -6.33074
      176540.     -6.45774
      176560.     -8.12549
      176580.     -8.03712
      176600.     -8.15877
      176620.     -7.16161
      176640.     -7.21411
      176660.     -5.30921
      176680.     -5.27020
      176700.     -3.19478
      176720.     -3.53893
      176740.     -2.95848
      176760.     -3.91364
      176780.     -6.76691
      176800.     -7.53912
      176820.     -8.98460
      176840.     -8.57527
      176860.     -8.09521
      176880.     -6.82110
      176900.     -6.35717
      176920.     -4.39537
      176940.     -5.06720
      176960.     -4.12055
      176980.     -5.00327
      177000.     -6.74663
      177020.     -6.49483
      177040.     -8.20373
      177060.     -6.21272
      177080.     -5.84411
      177100.     -5.97026
      177120.     -5.46725
      177140.     -5.64530
      177160.     -5.70322
      177180.     -6.44074
      177200.     -5.43100
      177220.     -6.47875
      177240.     -5.13867
      177260.     -6.09658
      177280.     -5.16044
      177300.     -4.98335
      177320.     -3.96655
      177340.     -3.73562
      177360.     -3.39340
      177380.     -4.15423
      177400.     -5.64891
      177420.     -6.44287
      177440.     -6.21036
      177460.     -7.38013
      177480.     -7.90661
      177500.     -8.37408
      177520.     -7.30132
      177540.     -6.67581
      177560.     -7.92609
      177580.     -4.73345
      177600.     -5.53468
      177620.     -4.79384
      177640.     -3.47459
      177660.     -5.12771
      177680.     -5.75069
      177700.     -6.31988
      177720.     -8.73788
      177740.     -8.84144
      177760.     -8.64622
      177780.     -8.27229
      177800.     -6.98057
      177820.     -5.47700
      177840.     -3.49076
      177860.     -3.73926
      177880.     -3.90591
      177900.     -3.43746
      177920.     -4.59996
      177940.     -7.11420
      177960.     -8.02498
      177980.     -7.49228
      178000.     -7.87182
      178020.     -6.73509
      178040.     -7.30472
      178060.     -6.99707
      178080.     -4.90719
      178100.     -6.93775
      178120.     -6.31900
      178140.     -5.40091
      178160.     -4.86846
      178180.     -6.31133
      178200.     -4.97724
      178220.     -6.08452
      178240.     -5.90827
      178260.     -6.43864
      178280.     -7.55191
      178300.     -8.70112
      178320.     -8.28226
      178340.     -8.40905
      178360.     -8.00840
      178380.     -5.65208
      178400.     -5.05937
      178420.     -3.92836
      178440.     -2.91737
      178460.     -3.59822
      178480.     -5.18946
      178500.     -5.55678
      178520.     -7.16900
      178540.     -8.88424
      178560.     -7.97062
      178580.     -8.23872
      178600.     -9.54010
      178620.     -7.28529
      178640.     -7.39748
      178660.     -6.83033
      178680.     -6.87145
      178700.     -6.25250
      178720.     -7.08130
      178740.     -7.91586
      178760.     -6.90710
      178780.     -7.11151
      178800.     -6.13247
      178820.     -6.78005
      178840.     -6.61069
      178860.     -6.71007
      178880.     -7.36855
      178900.     -6.87047
      178920.     -7.82724
      178940.     -6.50656
      178960.     -6.49311
      178980.     -8.02148
      179000.     -7.24792
      179020.     -9.41047
      179040.     -9.22885
      179060.     -7.87599
      179080.     -6.59558
      179100.     -4.99841
      179120.     -3.86287
      179140.     -3.28376
      179160.     -3.49426
      179180.     -4.30354
      179200.     -5.38615
      179220.     -6.32275
      179240.     -7.02083
      179260.     -7.80715
      179280.     -8.95002
      179300.     -8.37690
      179320.     -8.01074
      179340.     -7.20898
      179360.     -5.79272
      179380.     -5.73364
      179400.     -4.28856
      179420.     -4.27308
      179440.     -5.04571
      179460.     -4.51579
      179480.     -5.56092
      179500.     -4.40395
      179520.     -5.80826
      179540.     -5.73863
      179560.     -6.47469
      179580.     -5.57130
      179600.     -5.63332
      179620.     -6.31457
      179640.     -6.92150
      179660.     -5.82105
      179680.     -7.41212
      179700.     -5.83992
      179720.     -5.82573
      179740.     -5.49775
      179760.     -5.08270
      179780.     -3.97777
      179800.     -4.29887
      179820.     -4.44826
      179840.     -3.78561
      179860.     -5.96061
      179880.     -6.78524
      179900.     -8.53059
      179920.     -7.89075
      179940.     -8.22814
      179960.     -7.08426
      179980.     -6.52099
      180000.     -5.66940
      180020.     -3.24662
      180040.     -2.18742
      180060.     -3.47260
      180080.     -3.33709
      180100.     -4.87465
      180120.     -6.80305
      180140.     -6.83491
      180160.     -7.75133
      180180.     -8.86153
      180200.     -7.84823
      180220.     -8.59997
      180240.     -8.32309
      180260.     -7.43336
      180280.     -6.90267
      180300.     -5.07975
      180320.     -4.60257
      180340.     -3.44149
      180360.     -4.21244
      180380.     -6.07398
      180400.     -6.70762
      180420.     -8.69903
      180440.     -8.29684
      180460.     -8.98304
      180480.     -8.87417
      180500.     -8.06153
      180520.     -7.32180
      180540.     -7.11953
      180560.     -7.24099
      180580.     -5.72725
      180600.     -5.30570
      180620.     -5.67985
      180640.     -5.09900
      180660.     -4.90634
      180680.     -6.24757
      180700.     -5.88972
      180720.     -7.02700
      180740.     -7.86130
      180760.     -7.82361
      180780.     -8.02864
      180800.     -7.20417
      180820.     -6.33162
      180840.     -5.93772
      180860.     -5.38697
      180880.     -5.74343
      180900.     -6.85093
      180920.     -5.01676
      180940.     -6.33636
      180960.     -8.10387
      180980.     -6.24314
      181000.     -5.70940
      181020.     -7.23160
      181040.     -5.46585
      181060.     -6.42270
      181080.     -5.81002
      181100.     -6.30811
      181120.     -7.42668
      181140.     -7.40472
      181160.     -7.29709
      181180.     -8.22855
      181200.     -7.75324
      181220.     -6.88027
      181240.     -6.13417
      181260.     -5.95997
      181280.     -4.79470
      181300.     -4.43368
      181320.     -4.48039
      181340.     -3.91226
      181360.     -6.35018
      181380.     -6.65768
      181400.     -5.93214
      181420.     -7.59827
      181440.     -6.66597
      181460.     -6.43600
      181480.     -5.75711
      181500.     -5.39175
      181520.     -4.89881
      181540.     -4.83742
      181560.     -3.94870
      181580.     -3.88540
      181600.     -4.68093
      181620.     -4.83867
      181640.     -6.28244
      181660.     -6.77456
      181680.     -8.35820
      181700.     -8.15171
      181720.     -7.53601
      181740.     -5.36287
      181760.     -6.42984
      181780.     -5.76888
      181800.     -4.99470
      181820.     -5.01916
      181840.     -5.33418
      181860.     -5.88027
      181880.     -6.14794
      181900.     -7.11338
      181920.     -6.02653
      181940.     -6.32932
      181960.     -6.53888
      181980.     -7.28166
      182000.     -7.24568
      182020.     -5.96492
      182040.     -7.40498
      182060.     -5.83736
      182080.     -6.23829
      182100.     -5.42055
      182120.     -6.07513
      182140.     -4.50420
      182160.     -4.40513
      182180.     -3.73367
      182200.     -5.68562
      182220.     -5.53001
      182240.     -7.82186
      182260.     -8.77538
      182280.     -8.44987
      182300.     -8.15054
      182320.     -7.93521
      182340.     -6.02188
      182360.     -4.40628
      182380.     -3.66986
      182400.     -4.08310
      182420.     -4.16483
      182440.     -4.63213
      182460.     -5.42363
      182480.     -6.33347
      182500.     -7.49392
      182520.     -7.88309
      182540.     -6.77554
      182560.     -8.23341
      182580.     -5.77793
      182600.     -6.27116
      182620.     -5.70206
      182640.     -6.46609
      182660.     -5.67451
      182680.     -5.96502
      182700.     -7.61496
      182720.     -7.82967
      182740.     -6.71458
      182760.     -7.12063
      182780.     -8.25263
      182800.     -7.03306
      182820.     -6.78057
      182840.     -7.40528
      182860.     -6.71107
      182880.     -7.08856
      182900.     -6.30567
      182920.     -5.86666
      182940.     -7.02394
      182960.     -6.88450
      182980.     -6.45295
      183000.     -7.35463
      183020.     -8.08403
      183040.     -7.22877
      183060.     -8.01002
      183080.     -8.40989
      183100.     -8.25429
      183120.     -7.10766
      183140.     -7.88232
      183160.     -7.67170
      183180.     -7.93332
      183200.     -6.88210
      183220.     -6.82758
      183240.     -5.92663
      183260.     -5.98552
      183280.     -6.53271
      183300.     -6.47948
      183320.     -8.48977
      183340.     -9.42094
      183360.     -8.68878
      183380.     -9.00186
      183400.     -8.50197
      183420.     -7.77642
      183440.     -7.51804
      183460.     -6.68947
      183480.     -5.73285
      183500.     -5.88622
      183520.     -4.95870
      183540.     -6.13588
      183560.     -5.43785
      183580.     -7.13916
      183600.     -7.91611
      183620.     -7.73570
      183640.     -7.66268
      183660.     -7.72700
      183680.     -6.62547
      183700.     -6.77995
      183720.     -6.70406
      183740.     -6.23218
      183760.     -5.89102
      183780.     -5.31295
      183800.     -6.36401
      183820.     -4.54459
      183840.     -4.71007
      183860.     -6.55230
      183880.     -5.03678
      183900.     -6.76472
      183920.     -6.81159
      183940.     -7.08448
      183960.     -6.96026
      183980.     -7.26532
      184000.     -4.39187
      184020.     -4.84597
      184040.     -4.69129
      184060.     -4.05074
      184080.     -4.48290
      184100.     -5.01385
      184120.     -6.37849
      184140.     -7.98187
      184160.     -9.26274
      184180.     -9.02211
      184200.     -9.00302
      184220.     -7.48247
      184240.     -6.66498
      184260.     -4.73401
      184280.     -5.91211
      184300.     -4.50776
      184320.     -4.86290
      184340.     -5.53932
      184360.     -5.18306
      184380.     -6.04578
      184400.     -6.75053
      184420.     -6.85543
      184440.     -5.94031
      184460.     -6.22298
      184480.     -6.50246
      184500.     -7.24759
      184520.     -7.49677
      184540.     -7.31942
      184560.     -7.25590
      184580.     -7.48078
      184600.     -7.83081
      184620.     -7.49986
      184640.     -7.51366
      184660.     -6.28969
      184680.     -5.93083
      184700.     -4.63244
      184720.     -3.86113
      184740.     -4.09454
      184760.     -2.88871
      184780.     -5.35857
      184800.     -5.91273
      184820.     -6.89440
      184840.     -7.24242
      184860.     -6.02723
      184880.     -7.00670
      184900.     -6.95986
      184920.     -6.82455
      184940.     -6.47385
      184960.     -6.33927
      184980.     -5.22434
      185000.     -6.49045
      185020.     -6.11121
      185040.     -6.65243
      185060.     -7.74241
      185080.     -7.93961
      185100.     -8.75731
      185120.     -8.11173
      185140.     -7.20255
      185160.     -6.12137
      185180.     -6.31768
      185200.     -5.79743
      185220.     -6.28122
      185240.     -6.06669
      185260.     -6.63340
      185280.     -5.59988
      185300.     -6.23678
      185320.     -6.45115
      185340.     -6.61790
      185360.     -6.41162
      185380.     -6.12807
      185400.     -5.29343
      185420.     -6.09782
      185440.     -5.70956
      185460.     -4.84159
      185480.     -4.26536
      185500.     -4.74490
      185520.     -4.75148
      185540.     -3.87103
      185560.     -5.46851
      185580.     -4.90055
      185600.     -6.03658
      185620.     -5.20025
      185640.     -4.81276
      185660.     -4.78042
      185680.     -4.68890
      185700.     -6.15666
      185720.     -5.12997
      185740.     -6.15651
      185760.     -7.72582
      185780.     -7.32931
      185800.     -6.47997
      185820.     -5.87024
      185840.     -5.14604
      185860.     -4.48336
      185880.     -5.21305
      185900.     -5.55203
      185920.     -5.86600
      185940.     -5.08602
      185960.     -5.60347
      185980.     -6.39030
      186000.     -5.57811
      186020.     -4.80239
      186040.     -5.86312
      186060.     -5.16132
      186080.     -6.99194
      186100.     -5.14922
      186120.     -7.52637
      186140.     -7.79919
      186160.     -7.76716
      186180.     -7.63847
      186200.     -6.46743
      186220.     -4.75275
      186240.     -5.14033
      186260.     -5.74958
      186280.     -3.31961
      186300.     -4.40115
      186320.     -4.61712
      186340.     -3.84282
      186360.     -4.88630
      186380.     -5.18011
      186400.     -7.38423
      186420.     -7.62133
      186440.     -7.67699
      186460.     -7.93951
      186480.     -7.45183
      186500.     -7.14758
      186520.     -6.19372
      186540.     -5.74322
      186560.     -5.60584
      186580.     -6.17841
      186600.     -7.31325
      186620.     -6.02530
      186640.     -6.48905
      186660.     -7.11702
      186680.     -6.25798
      186700.     -5.50340
      186720.     -4.98943
      186740.     -4.95837
      186760.     -4.70393
      186780.     -4.60107
      186800.     -5.68484
      186820.     -6.72397
      186840.     -7.59053
      186860.     -7.99527
      186880.     -8.39438
      186900.     -8.11351
      186920.     -7.73749
      186940.     -5.10141
      186960.     -5.26295
      186980.     -3.98081
      187000.     -5.30218
      187020.     -3.92620
      187040.     -4.61543
      187060.     -5.44098
      187080.     -6.76962
      187100.     -6.29267
      187120.     -5.96372
      187140.     -5.71278
      187160.     -6.84956
      187180.     -5.55394
      187200.     -4.85236
      187220.     -6.08642
      187240.     -6.14868
      187260.     -5.71452
      187280.     -5.81292
      187300.     -6.14555
      187320.     -6.92624
      187340.     -8.06893
      187360.     -8.06111
      187380.     -6.59877
      187400.     -4.94178
      187420.     -5.58797
      187440.     -4.68040
      187460.     -5.37888
      187480.     -5.97561
      187500.     -5.92719
      187520.     -5.70254
      187540.     -6.55220
      187560.     -5.00069
      187580.     -6.50477
      187600.     -5.95710
      187620.     -5.74538
      187640.     -6.18625
      187660.     -5.55141
      187680.     -6.89633
      187700.     -6.01652
      187720.     -5.23284
      187740.     -4.61835
      187760.     -5.10309
      187780.     -4.71080
      187800.     -5.51562
      187820.     -5.66420
      187840.     -5.51914
      187860.     -5.98581
      187880.     -5.61093
      187900.     -5.57629
      187920.     -4.20796
      187940.     -5.26052
      187960.     -4.29683
      187980.     -5.75482
      188000.     -5.74252
      188020.     -5.86737
      188040.     -5.33561
      188060.     -4.84020
      188080.     -3.92286
      188100.     -4.16551
      188120.     -3.67202
      188140.     -4.38097
      188160.     -4.38936
      188180.     -4.95037
      188200.     -5.66358
      188220.     -6.41813
      188240.     -5.83902
      188260.     -6.96753
      188280.     -7.32796
      188300.     -7.23503
      188320.     -7.23884
      188340.     -6.43217
      188360.     -5.50931
      188380.     -4.62754
      188400.     -5.03194
      188420.     -5.08889
      188440.     -4.44081
      188460.     -6.16462
      188480.     -5.58914
      188500.     -5.82842
      188520.     -6.63300
      188540.     -6.83555
      188560.     -7.82646
      188580.     -8.01883
      188600.     -6.85805
      188620.     -5.82920
      188640.     -5.82244
      188660.     -4.85637
      188680.     -4.85847
      188700.     -3.82457
      188720.     -3.84016
      188740.     -4.19834
      188760.     -5.35177
      188780.     -5.62667
      188800.     -6.86314
      188820.     -6.90963
      188840.     -6.35577
      188860.     -6.30135
      188880.     -5.78818
      188900.     -6.50993
      188920.     -7.22035
      188940.     -7.26539
      188960.     -8.66705
      188980.     -7.49687
      189000.     -5.66744
      189020.     -6.33564
      189040.     -5.54957
      189060.     -3.66459
      189080.     -4.11977
      189100.     -3.29441
      189120.     -4.02974
      189140.     -5.36349
      189160.     -6.74526
      189180.     -7.08950
      189200.     -6.60429
      189220.     -5.74680
      189240.     -6.11687
      189260.     -5.25633
      189280.     -4.24672
      189300.     -5.20177
      189320.     -5.77113
      189340.     -6.59631
      189360.     -7.04486
      189380.     -6.90747
      189400.     -6.14992
      189420.     -5.16194
      189440.     -4.35369
      189460.     -3.86929
      189480.     -5.08440
      189500.     -4.14119
      189520.     -5.80448
      189540.     -5.31944
      189560.     -7.35212
      189580.     -7.25914
      189600.     -6.42888
      189620.     -6.97940
      189640.     -4.92466
      189660.     -4.92854
      189680.     -4.82481
      189700.     -4.56326
      189720.     -4.44901
      189740.     -4.95063
      189760.     -4.45366
      189780.     -4.80271
      189800.     -5.28112
      189820.     -5.43291
      189840.     -4.80419
      189860.     -4.88280
      189880.     -5.40740
      189900.     -3.98448
      189920.     -3.71409
      189940.     -4.13097
      189960.     -3.51018
      189980.     -2.91962
      190000.     -3.88558
      190020.     -4.56941
      190040.     -3.75884
      190060.     -4.35643
      190080.     -4.04580
      190100.     -5.02893
      190120.     -5.88254
      190140.     -5.63920
      190160.     -7.22347
      190180.     -6.40894
      190200.     -4.77834
      190220.     -4.59579
      190240.     -1.96819
      190260.     -1.25475
      190280.     -2.10233
      190300.     -3.11721
      190320.     -4.17523
      190340.     -4.67300
      190360.     -5.36581
      190380.     -3.56135
      190400.     -4.05430
      190420.     -3.18282
      190440.     -3.99324
      190460.     -5.41621
      190480.     -5.84624
      190500.     -5.07804
      190520.     -5.67626
      190540.     -6.37143
      190560.     -5.04554
      190580.     -3.96759
      190600.     -2.22878
      190620.     -1.10335
      190640.     -2.15971
      190660.     -3.73243
      190680.     -4.92194
      190700.     -6.05936
      190720.     -5.02557
      190740.     -4.58278
      190760.     -4.73410
      190780.     -4.16922
      190800.     -3.78122
      190820.     -4.31716
      190840.     -5.52383
      190860.     -4.33510
      190880.     -5.36566
      190900.     -5.30512
      190920.     -4.98471
      190940.     -5.85599
      190960.     -4.91596
      190980.     -4.90281
      191000.     -5.25978
      191020.     -4.90782
      191040.     -4.31676
      191060.     -5.15125
      191080.     -4.10192
      191100.     -5.14301
      191120.     -3.79685
      191140.     -5.27285
      191160.     -5.59112
      191180.     -5.21978
      191200.     -5.86151
      191220.     -5.18256
      191240.     -4.28291
      191260.     -3.78639
      191280.     -3.58071
      191300.     -3.73051
      191320.     -4.41153
      191340.     -6.45688
      191360.     -5.70825
      191380.     -6.99846
      191400.     -7.52831
      191420.     -6.32158
      191440.     -6.18297
      191460.     -5.44849
      191480.     -4.87157
      191500.     -4.05890
      191520.     -4.82874
      191540.     -4.61476
      191560.     -4.95929
      191580.     -3.09728
      191600.     -3.06292
      191620.     -4.49970
      191640.     -5.44201
      191660.     -6.32267
      191680.     -6.80722
      191700.     -7.04345
      191720.     -6.46393
      191740.     -6.32503
      191760.     -6.14657
      191780.     -4.76463
      191800.     -4.46813
      191820.     -2.70173
      191840.     -2.89815
      191860.     -1.90912
      191880.     -2.71233
      191900.     -4.46955
      191920.     -4.68822
      191940.     -4.55940
      191960.     -5.46990
      191980.     -7.01245
      192000.     -8.09722
      192020.     -7.36863
      192040.     -7.03929
      192060.     -8.26797
      192080.     -5.36598
      192100.     -3.77864
      192120.     -3.29304
      192140.     -2.34195
      192160.    -0.639150
      192180.     -1.96242
      192200.     -4.33039
      192220.     -4.85855
      192240.     -5.11955
      192260.     -7.45585
      192280.     -7.30168
      192300.     -6.50429
      192320.     -5.96944
      192340.     -6.28069
      192360.     -5.51683
      192380.     -4.09265
      192400.     -3.24447
      192420.     -3.36738
      192440.     -2.14908
      192460.     -3.40726
      192480.     -3.16487
      192500.     -4.46201
      192520.     -5.19834
      192540.     -6.32028
      192560.     -6.34842
      192580.     -7.10598
      192600.     -6.57086
      192620.     -5.53326
      192640.     -5.82737
      192660.     -5.76039
      192680.     -5.02605
      192700.     -4.72735
      192720.     -3.92832
      192740.     -4.08774
      192760.     -3.93316
      192780.     -5.19799
      192800.     -5.52224
      192820.     -6.51274
      192840.     -8.80025
      192860.     -8.36411
      192880.     -6.53869
      192900.     -5.61529
      192920.     -4.55207
      192940.     -3.58286
      192960.     -2.59165
      192980.     -2.99556
      193000.     -2.84831
      193020.     -2.00659
      193040.     -3.60953
      193060.     -4.37475
      193080.     -5.11542
      193100.     -5.80319
      193120.     -5.72706
      193140.     -4.48007
      193160.     -5.42421
      193180.     -4.70745
      193200.     -3.33508
      193220.     -3.36651
      193240.     -3.38427
      193260.     -3.64666
      193280.     -4.32792
      193300.     -3.95128
      193320.     -3.99610
      193340.     -4.43900
      193360.     -4.55199
      193380.     -3.87398
      193400.     -4.71101
      193420.     -4.54904
      193440.     -5.48992
      193460.     -5.95407
      193480.     -4.91056
      193500.     -4.60603
      193520.     -4.08419
      193540.     -3.97206
      193560.     -4.83919
      193580.     -5.44268
      193600.     -5.32768
      193620.     -4.55196
      193640.     -5.66171
      193660.     -4.10644
      193680.     -4.55874
      193700.     -3.92396
      193720.     -3.78717
      193740.     -4.00984
      193760.     -4.63440
      193780.     -5.79705
      193800.     -6.66098
      193820.     -7.44254
      193840.     -7.60046
      193860.     -5.60242
      193880.     -5.60116
      193900.     -4.43851
      193920.     -3.29072
      193940.     -3.44829
      193960.     -2.12392
      193980.     -2.94755
      194000.     -3.72559
      194020.     -5.28673
      194040.     -7.85266
      194060.     -7.47145
      194080.     -7.73498
      194100.     -6.05470
      194120.     -4.85822
      194140.     -5.47809
      194160.     -3.80789
      194180.     -3.78294
      194200.     -4.33480
      194220.     -3.26652
      194240.     -4.10447
      194260.     -4.00210
      194280.     -3.57434
      194300.     -4.91128
      194320.     -5.66294
      194340.     -5.23781
      194360.     -5.05185
      194380.     -4.94462
      194400.     -4.30991
      194420.     -5.01496
      194440.     -5.31432
      194460.     -5.55757
      194480.     -5.57862
      194500.     -5.33404
      194520.     -4.83342
      194540.     -3.95637
      194560.     -3.26077
      194580.     -3.66249
      194600.     -2.63944
      194620.     -3.42507
      194640.     -4.12027
      194660.     -5.31867
      194680.     -4.77404
      194700.     -6.47388
      194720.     -6.02169
      194740.     -7.54114
      194760.     -6.82373
      194780.     -6.21483
      194800.     -4.80888
      194820.     -3.64691
      194840.     -3.24794
      194860.     -2.35714
      194880.     -1.93852
      194900.     -3.23299
      194920.     -3.43331
      194940.     -3.57235
      194960.     -2.97285
      194980.     -5.07548
      195000.     -5.68668
      195020.     -6.90039
      195040.     -6.75713
      195060.     -7.63335
      195080.     -6.31534
      195100.     -6.22992
      195120.     -4.99135
      195140.     -3.55347
      195160.     -2.63345
      195180.     -2.73724
      195200.     -4.23892
      195220.     -4.18913
      195240.     -5.60581
      195260.     -5.65181
      195280.     -5.84909
      195300.     -5.85353
      195320.     -6.26078
      195340.     -5.40811
      195360.     -5.44978
      195380.     -5.19971
      195400.     -3.17183
      195420.     -4.83628
      195440.     -5.57549
      195460.     -7.27716
      195480.     -6.75108
      195500.     -5.98527
      195520.     -5.87613
      195540.     -4.33722
      195560.     -4.14551
      195580.     -3.79829
      195600.     -4.01795
      195620.     -3.78883
      195640.     -5.78568
      195660.     -5.63505
      195680.     -6.35265
      195700.     -6.39180
      195720.     -6.86015
      195740.     -6.35273
      195760.     -7.47282
      195780.     -5.74069
      195800.     -6.37805
      195820.     -4.86829
      195840.     -4.45082
      195860.     -4.07241
      195880.     -4.06736
      195900.     -4.32888
      195920.     -5.18414
      195940.     -5.19604
      195960.     -6.97391
      195980.     -7.00003
      196000.     -5.76914
      196020.     -6.17756
      196040.     -6.03809
      196060.     -5.14683
      196080.     -5.01838
      196100.     -4.51976
      196120.     -3.00535
      196140.     -3.50066
      196160.     -3.27237
      196180.     -3.93340
      196200.     -5.56487
      196220.     -6.48500
      196240.     -7.34663
      196260.     -7.88792
      196280.     -6.64356
      196300.     -5.08889
      196320.     -4.19251
      196340.     -3.15857
      196360.     -3.32828
      196380.     -4.28350
      196400.     -4.17332
      196420.     -5.29204
      196440.     -5.15218
      196460.     -5.73321
      196480.     -6.98075
      196500.     -5.91465
      196520.     -6.57247
      196540.     -5.48527
      196560.     -7.05643
      196580.     -5.42857
      196600.     -5.02772
      196620.     -3.86715
      196640.     -3.25001
      196660.     -3.10310
      196680.     -3.68302
      196700.     -3.58699
      196720.     -4.27859
      196740.     -4.21877
      196760.     -5.66456
      196780.     -6.50285
      196800.     -6.18652
      196820.     -5.88245
      196840.     -6.52252
      196860.     -5.67553
      196880.     -5.34775
      196900.     -4.66041
      196920.     -3.61380
      196940.     -4.18822
      196960.     -2.77979
      196980.     -3.50746
      197000.     -3.92476
      197020.     -4.13113
      197040.     -6.45118
      197060.     -5.94006
      197080.     -7.55460
      197100.     -7.38561
      197120.     -6.91211
      197140.     -7.03562
      197160.     -6.47698
      197180.     -5.35771
      197200.     -5.35243
      197220.     -4.84393
      197240.     -2.85190
      197260.     -3.34164
      197280.     -2.62226
      197300.     -2.72184
      197320.     -4.69941
      197340.     -5.74075
      197360.     -5.91835
      197380.     -6.28593
      197400.     -5.59534
      197420.     -5.27805
      197440.     -4.96088
      197460.     -5.23697
      197480.     -5.95591
      197500.     -5.25661
      197520.     -4.24398
      197540.     -4.41069
      197560.     -5.53505
      197580.     -4.55612
      197600.     -5.60595
      197620.     -5.10604
      197640.     -4.72504
      197660.     -5.90765
      197680.     -4.92588
      197700.     -4.86376
      197720.     -4.03270
      197740.     -5.29972
      197760.     -4.38271
      197780.     -5.03129
      197800.     -4.86400
      197820.     -5.69469
      197840.     -5.75705
      197860.     -6.80117
      197880.     -6.67515
      197900.     -6.43468
      197920.     -6.26093
      197940.     -3.88219
      197960.     -5.52517
      197980.     -3.20995
      198000.     -3.80675
      198020.     -4.56530
      198040.     -4.34139
      198060.     -4.75000
      198080.     -5.77194
      198100.     -5.47077
      198120.     -5.61695
      198140.     -6.55479
      198160.     -6.05363
      198180.     -5.18372
      198200.     -6.02667
      198220.     -5.30771
      198240.     -4.88236
      198260.     -3.76558
      198280.     -5.12611
      198300.     -3.67863
      198320.     -4.41047
      198340.     -3.61500
      198360.     -5.55043
      198380.     -4.81959
      198400.     -4.86628
      198420.     -6.34114
      198440.     -5.85337
      198460.     -5.19704
      198480.     -4.78773
      198500.     -6.23561
      198520.     -4.83901
      198540.     -5.35898
      198560.     -2.05367
      198580.     -3.17098
      198600.     -3.91063
      198620.     -2.54197
      198640.     -3.98056
      198660.     -4.81278
      198680.     -5.53576
      198700.     -6.25462
      198720.     -5.60686
      198740.     -5.47271
      198760.     -5.41964
      198780.     -5.41359
      198800.     -5.73253
      198820.     -5.24255
      198840.     -4.32574
      198860.     -3.99605
      198880.     -3.10239
      198900.     -4.82088
      198920.     -4.15024
      198940.     -4.63261
      198960.     -6.15325
      198980.     -5.73113
      199000.     -5.70881
      199020.     -5.42749
      199040.     -5.20165
      199060.     -5.98719
      199080.     -6.22466
      199100.     -6.87239
      199120.     -6.25535
      199140.     -5.00407
      199160.     -5.41005
      199180.     -5.35733
      199200.     -5.33690
      199220.     -5.39974
      199240.     -4.71258
      199260.     -3.49611
      199280.     -4.60094
      199300.     -4.08529
      199320.     -3.64445
      199340.     -5.33493
      199360.     -6.18480
      199380.     -6.71181
      199400.     -8.49676
      199420.     -9.10130
      199440.     -7.42935
      199460.     -6.86749
      199480.     -5.98041
      199500.     -5.34348
      199520.     -3.61815
      199540.     -3.52676
      199560.     -4.81624
      199580.     -4.88516
      199600.     -3.94457
      199620.     -5.78603
      199640.     -5.90186
      199660.     -5.61349
      199680.     -5.83149
      199700.     -6.76442
      199720.     -6.83596
      199740.     -7.54497
      199760.     -6.85113
      199780.     -7.90291
      199800.     -5.50532
      199820.     -6.08315
      199840.     -6.20464
      199860.     -5.94677
      199880.     -5.43162
      199900.     -5.29799
      199920.     -4.67404
      199940.     -3.03646
      199960.     -3.89134
      199980.     -4.70383
