0	0.64
200	0.59
400	0.60
600	0.59
800	0.55
1000	0.50
1200	0.43
1400	0.44
1600	0.49
1800	0.59
2000	0.62
2200	0.76
2400	0.87
2600	0.88
2800	0.83
3000	0.67
3200	0.54
3400	0.46
3600	0.44
3800	0.56
4000	0.69
4200	0.79
4400	0.79
4600	0.79
4800	0.87
5000	1.00
5200	1.04
5400	1.01
5600	0.87
5800	0.79
6000	0.71
6200	0.65
6400	0.63
6600	0.61
6800	0.61
7000	0.52
7200	0.40
7400	0.29
7600	0.19
7800	0.26
8000	0.36
8200	0.43
8400	0.33
8600	0.22
8800	0.17
9000	0.20
9200	0.17
9400	0.17
9600	0.19
9800	0.23
10000	0.32
10200	0.34
10400	0.31
10600	0.27
10800	0.22
11000	0.15
11200	0.08
11400	0.10
11600	0.20
11800	0.26
12000	0.22
12200	0.27
12400	0.40
12600	0.47
12800	0.60
13000	0.57
13200	0.43
13400	0.18
13600	0.24
13800	0.57
14000	0.80
14200	0.77
14400	0.65
14600	0.39
14800	0.09
15000	0.24
15200	0.44
15400	0.65
15600	0.81
15800	0.87
16000	0.95
16200	1.14
16400	1.22
16600	1.23
16800	1.20
17000	1.04
17200	0.93
17400	0.85
17600	0.72
17800	0.74
18000	0.68
18200	0.64
18400	0.74
18600	0.84
18800	0.83
19000	0.68
19200	0.63
19400	0.57
19600	0.58
19800	0.59
20000	0.72
20200	1.03
20400	1.24
20600	1.28
20800	1.09
21000	0.89
21200	0.79
21400	0.77
21600	0.80
21800	0.76
22000	0.74
22200	0.63
22400	0.33
22600	0.18
22800	0.39
23000	0.56
23200	0.65
23400	0.75
23600	0.96
23800	1.17
24000	1.22
24200	1.16
24400	1.07
24600	1.05
24800	1.15
25000	1.22
25200	1.23
25400	1.20
25600	1.23
25800	1.47
26000	1.57
26200	1.45
26400	1.27
26600	1.04
26800	0.90
27000	0.76
27200	0.66
27400	0.59
27600	0.63
27800	0.66
28000	0.73
28200	0.77
28400	0.80
28600	0.81
28800	0.80
29000	0.81
29200	0.80
29400	0.77
29600	0.76
29800	0.79
30000	0.61
30200	0.51
30400	0.50
30600	0.49
30800	0.62
31000	0.87
31200	1.01
31400	1.02
31600	1.02
31800	1.07
32000	1.17
32200	1.18
32400	1.15
32600	1.09
32800	1.05
33000	1.09
33200	1.07
33400	1.06
33600	1.18
33800	1.21
34000	1.17
34200	1.09
34400	1.06
34600	1.15
34800	1.05
35000	1.09
35200	1.14
35400	1.15
35600	1.12
35800	1.01
36000	0.72
36200	0.54
36400	0.57
36600	0.69
36800	0.98
37000	1.18
37200	1.26
37400	1.25
37600	1.11
37800	0.89
38000	0.66
38200	0.50
38400	0.47
38600	0.35
38800	0.35
39000	0.52
39200	0.80
39400	1.24
39600	1.57
39800	1.76
40000	1.87
40200	1.84
40400	1.69
40600	1.59
40800	1.65
41000	1.69
41200	1.62
41400	1.41
41600	1.31
41800	1.40
42000	1.63
42200	1.82
42400	1.89
42600	1.91
42800	1.86
43000	1.86
43200	1.63
43400	1.33
43600	1.13
43800	1.08
44000	0.89
44200	0.70
44400	0.56
44600	0.53
44800	0.58
45000	0.64
45200	0.55
45400	0.47
45600	0.46
45800	0.48
46000	0.61
46200	0.88
46400	1.10
46600	1.20
46800	1.33
47000	1.46
47200	1.78
47400	2.12
47600	2.36
47800	2.55
48000	2.62
48200	2.71
48400	2.73
48600	2.80
48800	2.82
49000	2.71
49200	2.55
49400	2.45
49600	2.46
49800	2.44
50000	2.50
50200	2.41
50400	2.33
50600	2.25
50800	2.13
51000	2.06
51200	1.94
51400	1.62
51600	1.35
51800	1.33
52000	1.37
52200	1.32
52400	1.16
52600	0.76
52800	0.36
53000	0.37
53200	0.54
53400	0.62
53600	0.56
53800	0.58
54000	0.68
54200	0.78
54400	0.82
54600	0.83
54800	0.85
55000	0.89
55200	0.93
55400	0.87
55600	0.80
55800	0.61
56000	0.61
56200	0.62
56400	0.62
56600	0.52
56800	0.26
57000	0.24
57200	0.26
57400	0.32
57600	0.26
57800	0.29
58000	0.23
58200	0.24
58400	0.39
58600	0.67
58800	0.94
59000	1.10
59200	1.07
59400	0.82
59600	0.56
59800	0.36
60000	0.31
60200	0.43
60400	0.50
60600	0.51
60800	0.44
61000	0.40
61200	0.42
61400	0.37
61600	0.34
61800	0.29
62000	0.39
62200	0.52
62400	0.73
62600	0.98
62800	1.34
63000	1.67
63200	1.92
63400	2.13
63600	2.29
63800	2.31
64000	2.14
64200	1.96
64400	1.82
64600	1.77
64800	1.67
65000	1.56
65200	1.50
65400	1.42
65600	1.26
65800	1.09
66000	0.99
66200	0.89
66400	0.89
66600	1.01
66800	1.30
67000	1.69
67200	1.83
67400	1.58
67600	1.31
67800	1.12
68000	0.97
68200	0.80
68400	0.62
68600	0.47
68800	0.59
69000	0.78
69200	0.93
69400	1.00
69600	1.10
69800	1.01
70000	0.96
70200	0.97
70400	0.95
70600	0.92
70800	0.77
71000	0.52
71200	0.28
71400	0.19
71600	0.27
71800	0.25
72000	0.15
72200	0.28
72400	0.48
72600	0.59
72800	0.60
73000	0.63
73200	0.86
73400	1.15
73600	1.51
73800	1.69
74000	1.75
74200	1.87
74400	1.97
74600	1.89
74800	1.62
75000	1.12
75200	0.57
75400	0.28
75600	0.46
75800	0.64
76000	0.79
76200	1.02
76400	1.33
76600	1.53
76800	1.49
77000	1.45
77200	1.39
77400	1.35
77600	1.40
77800	1.41
78000	1.35
78200	1.31
78400	1.15
78600	0.99
78800	0.85
79000	0.85
79200	0.85
79400	0.80
79600	0.72
79800	0.78
80000	0.89
80200	1.04
80400	0.99
80600	0.87
80800	0.70
81000	0.53
81200	0.46
81400	0.41
81600	0.35
81800	0.39
82000	0.37
82200	0.37
82400	0.45
82600	0.63
82800	0.82
83000	1.03
83200	1.20
83400	1.32
83600	1.45
83800	1.41
84000	1.30
84200	1.08
84400	0.75
84600	0.51
84800	0.54
85000	0.59
85200	0.51
85400	0.53
85600	0.58
85800	0.63
86000	0.71
86200	0.76
86400	0.76
86600	0.76
86800	0.69
87000	0.62
87200	0.59
87400	0.54
87600	0.55
87800	0.61
88000	0.68
88200	0.65
88400	0.53
88600	0.38
88800	0.18
89000	0.05
89200	0.17
89400	0.17
89600	0.26
89800	0.58
90000	0.81
90200	0.97
90400	0.91
90600	0.68
90800	0.42
91000	0.26
91200	0.26
91400	0.31
91600	0.36
91800	0.59
92000	0.86
92200	0.86
92400	0.79
92600	0.75
92800	0.66
93000	0.58
93200	0.45
93400	0.38
93600	0.51
93800	0.79
94000	0.82
94200	0.73
94400	0.65
94600	0.61
94800	0.65
95000	0.60
95200	0.56
95400	0.48
95600	0.26
95800	0.25
96000	0.64
96200	0.75
96400	0.70
96600	0.58
96800	0.54
97000	0.63
97200	0.68
97400	0.80
97600	0.91
97800	0.88
98000	0.85
98200	0.77
98400	0.93
98600	1.22
98800	1.38
99000	1.51
99200	1.67
99400	1.86
99600	2.02
99800	2.14
100000	2.53
100200	2.98
100400	3.31
100600	3.40
100800	3.18
101000	2.96
101200	2.68
101400	2.35
101600	2.07
101800	2.05
102000	2.19
102200	2.06
102400	1.83
102600	1.80
102800	1.89
103000	1.97
103200	2.04
103400	2.05
103600	1.90
103800	1.58
104000	1.41
104200	1.35
104400	1.27
104600	1.11
104800	0.92
105000	0.61
105200	0.42
105400	0.16
105600	0.25
105800	0.59
106000	1.07
106200	1.44
106400	1.75
106600	1.89
106800	1.96
107000	2.00
107200	2.04
107400	2.13
107600	2.09
107800	2.08
108000	1.98
108200	1.89
108400	1.77
108600	1.64
108800	1.37
109000	1.10
109200	0.93
109400	0.81
109600	0.74
109800	0.72
110000	0.71
110200	0.69
110400	0.65
110600	0.60
110800	0.46
111000	0.32
111200	0.45
111400	0.85
111600	1.18
111800	1.36
112000	1.41
112200	1.42
112400	1.54
112600	1.62
112800	1.51
113000	1.55
113200	1.56
113400	1.58
113600	1.55
113800	1.41
114000	1.23
114200	1.06
114400	1.07
114600	1.25
114800	1.37
115000	1.49
115200	1.55
115400	1.64
115600	1.69
115800	1.64
116000	1.53
116200	1.33
116400	1.16
116600	1.16
116800	1.24
117000	1.11
117200	1.09
117400	1.19
117600	1.29
117800	1.40
118000	1.44
118200	1.36
118400	1.16
118600	1.11
118800	1.16
119000	1.19
119200	1.05
119400	0.83
119600	0.61
119800	0.57
120000	0.59
120200	0.67
120400	0.75
120600	0.84
120800	0.75
121000	0.53
121200	0.46
121400	0.40
121600	0.30
121800	0.20
122000	0.25
122200	0.28
122400	0.32
122600	0.25
122800	0.22
123000	0.32
123200	0.42
123400	0.47
123600	0.51
123800	0.48
124000	0.43
124200	0.30
124400	0.18
124600	0.13
124800	0.28
125000	0.40
125200	0.56
125400	0.74
125600	0.77
125800	0.72
126000	0.73
126200	0.70
126400	0.61
126600	0.54
126800	0.62
127000	0.79
127200	0.97
127400	1.01
127600	1.08
127800	1.30
128000	1.55
128200	1.72
128400	1.76
128600	1.71
128800	1.52
129000	1.35
129200	1.17
129400	1.03
129600	0.99
129800	0.92
130000	0.88
130200	0.83
130400	0.69
130600	0.59
130800	0.52
131000	0.47
131200	0.33
131400	0.26
131600	0.44
131800	0.63
132000	0.72
132200	0.82
132400	0.89
132600	0.75
132800	0.58
133000	0.53
133200	0.55
133400	0.68
133600	0.80
133800	0.94
134000	1.05
134200	1.11
134400	1.22
134600	1.28
134800	1.27
135000	1.18
135200	1.10
135400	1.21
135600	1.29
135800	1.43
136000	1.55
136200	1.57
136400	1.52
136600	1.52
136800	1.48
137000	1.53
137200	1.63
137400	1.56
137600	1.32
137800	1.04
138000	0.90
138200	0.74
138400	0.69
138600	0.67
138800	0.68
139000	0.93
139200	1.13
139400	1.24
139600	1.31
139800	1.28
140000	1.20
140200	1.10
140400	1.01
140600	0.85
140800	0.80
141000	0.73
141200	0.67
141400	0.60
141600	0.56
141800	0.73
142000	0.70
142200	0.44
142400	0.15
142600	0.42
142800	0.64
143000	0.86
143200	1.02
143400	1.17
143600	1.33
143800	1.31
144000	1.11
144200	1.02
144400	0.96
144600	0.89
144800	0.84
145000	0.85
145200	0.85
145400	0.83
145600	0.77
145800	0.67
146000	0.79
146200	1.08
146400	1.39
146600	1.69
146800	1.97
147000	2.14
147200	2.13
147400	2.04
147600	2.05
147800	2.15
148000	1.94
148200	1.47
148400	0.94
148600	0.57
148800	0.42
149000	0.43
149200	0.65
149400	0.86
149600	1.01
149800	1.03
150000	1.09
150200	1.33
150400	1.59
150600	1.76
150800	1.89
151000	1.91
151200	1.96
151400	1.87
151600	1.68
151800	1.53
152000	1.36
152200	1.18
152400	1.03
152600	0.80
152800	0.52
153000	0.33
153200	0.25
153400	0.21
153600	0.29
153800	0.48
154000	0.70
154200	0.91
154400	1.01
154600	1.06
154800	1.03
155000	0.95
155200	0.96
155400	1.04
155600	1.16
155800	1.28
156000	1.33
156200	1.33
156400	1.36
156600	1.24
156800	1.08
157000	0.97
157200	0.91
157400	0.89
157600	0.83
157800	0.76
158000	0.68
158200	0.54
158400	0.41
158600	0.30
158800	0.28
159000	0.37
159200	0.47
159400	0.47
159600	0.49
159800	0.52
160000	0.55
160200	0.62
160400	0.70
160600	0.81
160800	0.81
161000	0.78
161200	0.73
161400	0.72
161600	0.72
161800	0.67
162000	0.59
162200	0.58
162400	0.57
162600	0.59
162800	0.59
163000	0.58
163200	0.57
163400	0.52
163600	0.53
163800	0.59
164000	0.65
164200	0.71
164400	0.71
164600	0.67
164800	0.67
165000	0.62
165200	0.57
165400	0.52
165600	0.53
165800	0.52
166000	0.45
166200	0.45
166400	0.46
166600	0.53
166800	0.54
167000	0.49
167200	0.40
167400	0.37
167600	0.31
167800	0.36
168000	0.38
168200	0.35
168400	0.30
168600	0.28
168800	0.26
169000	0.21
169200	0.38
169400	0.56
169600	0.58
169800	0.57
170000	0.57
170200	0.49
170400	0.31
170600	0.18
170800	0.05
171000	0.11
171200	0.20
171400	0.29
171600	0.42
171800	0.53
172000	0.56
172200	0.59
172400	0.62
172600	0.68
172800	0.73
173000	0.78
173200	0.93
173400	1.06
173600	1.17
173800	1.24
174000	1.23
174200	1.22
174400	1.21
174600	1.20
174800	1.23
175000	1.33
175200	1.38
175400	1.36
175600	1.29
175800	1.24
176000	1.23
176200	1.23
176400	1.20
176600	1.18
176800	1.13
177000	1.12
177200	1.16
177400	1.19
177600	1.15
177800	1.07
178000	0.98
178200	0.89
178400	0.74
178600	0.60
178800	0.51
179000	0.45
179200	0.40
179400	0.34
179600	0.20
179800	0.16
180000	0.31
180200	0.41
180400	0.52
180600	0.52
180800	0.43
181000	0.43
181200	0.45
181400	0.51
181600	0.56
181800	0.61
182000	0.72
182200	0.82
182400	0.85
182600	0.87
182800	0.91
183000	0.91
183200	0.89
183400	0.85
183600	0.78
183800	0.73
184000	0.70
184200	0.73
184400	0.85
184600	0.97
184800	0.96
185000	0.93
185200	0.89
185400	0.87
185600	0.89
185800	0.93
186000	0.97
186200	1.00
186400	1.00
186600	0.96
186800	0.93
187000	1.00
187200	1.22
187400	1.53
187600	1.72
187800	1.81
188000	1.86
188200	1.91
188400	1.97
188600	2.01
188800	2.01
189000	1.92
189200	1.83
189400	1.74
189600	1.62
189800	1.51
190000	1.37
190200	1.21
190400	1.06
190600	0.91
190800	0.76
191000	0.62
191200	0.61
191400	0.60
191600	0.53
191800	0.50
192000	0.45
192200	0.43
192400	0.33
192600	0.35
192800	0.26
193000	0.19
193200	0.37
193400	0.52
193600	0.60
193800	0.85
194000	1.08
194200	1.17
194400	1.24
194600	1.27
194800	1.22
195000	1.23
195200	1.44
195400	1.79
195600	1.89
195800	1.90
196000	1.83
196200	1.81
196400	1.74
196600	1.75
196800	1.84
197000	1.87
197200	1.99
197400	2.04
197600	2.01
197800	1.99
198000	2.17
198200	2.27
198400	2.30
198600	2.28
198800	2.33
199000	2.48
199200	2.55
199400	2.47
199600	2.28
199800	1.94
200000	1.61
200200	1.42
200400	1.35
200600	1.31
200800	1.24
201000	1.13
201200	1.15
201400	1.17
201600	1.04
201800	1.05
202000	1.21
202200	1.23
202400	1.28
202600	1.29
202800	1.10
203000	0.88
203200	0.68
203400	0.55
203600	0.61
203800	0.91
204000	1.15
204200	1.32
204400	1.21
204600	1.02
204800	0.87
205000	0.84
205200	0.83
205400	0.86
205600	0.87
205800	0.84
206000	0.76
206200	0.77
206400	0.94
206600	1.06
206800	1.06
207000	1.12
207200	1.06
207400	0.96
207600	0.84
207800	0.69
208000	0.43
208200	0.19
208400	0.41
208600	0.58
208800	0.71
209000	0.63
209200	0.49
209400	0.37
209600	0.29
209800	0.23
210000	0.23
210200	0.30
210400	0.34
210600	0.32
210800	0.31
211000	0.22
211200	0.27
211400	0.35
211600	0.42
211800	0.48
212000	0.56
212200	0.55
212400	0.55
212600	0.54
212800	0.59
213000	0.64
213200	0.65
213400	0.64
213600	0.74
213800	0.85
214000	0.85
214200	0.79
214400	0.61
214600	0.41
214800	0.43
215000	0.61
215200	0.65
215400	0.52
215600	0.56
215800	0.48
216000	0.37
216200	0.35
216400	0.48
216600	0.64
216800	0.71
217000	0.77
217200	0.72
217400	0.63
217600	0.44
217800	0.28
218000	0.18
218200	0.34
218400	0.55
218600	0.65
218800	0.76
219000	0.85
219200	0.89
219400	0.75
219600	0.65
219800	0.63
220000	0.73
220200	0.86
220400	0.76
220600	0.61
220800	0.48
221000	0.52
221200	0.59
221400	0.66
221600	0.83
221800	1.01
222000	1.23
222200	1.40
222400	1.48
222600	1.36
222800	1.09
223000	0.92
223200	0.84
223400	0.92
223600	1.01
223800	0.96
224000	0.82
224200	0.69
224400	0.73
224600	0.81
224800	0.82
225000	0.85
225200	0.93
225400	0.91
225600	0.74
225800	0.56
226000	0.41
226200	0.31
226400	0.26
226600	0.23
226800	0.21
227000	0.35
227200	0.50
227400	0.53
227600	0.50
227800	0.50
228000	0.45
228200	0.49
228400	0.52
228600	0.50
228800	0.44
229000	0.40
229200	0.23
229400	0.27
229600	0.57
229800	0.80
230000	0.94
230200	1.21
230400	1.52
230600	1.83
230800	2.14
231000	2.41
231200	2.69
231400	2.87
231600	2.92
231800	2.82
232000	2.52
232200	2.23
232400	1.97
232600	1.63
232800	1.40
233000	1.21
233200	1.03
233400	0.87
233600	0.73
233800	0.64
234000	0.44
234200	0.14
234400	0.13
234600	0.21
234800	0.35
235000	0.70
235200	1.02
235400	1.22
235600	1.45
235800	1.55
236000	1.68
236200	1.78
236400	1.82
236600	1.89
236800	2.15
237000	2.30
237200	2.37
237400	2.38
237600	2.23
237800	2.19
238000	2.16
238200	1.91
238400	1.78
238600	1.74
238800	1.73
239000	1.71
239200	1.61
239400	1.52
239600	1.48
239800	1.45
240000	1.25
240200	1.04
240400	0.94
240600	1.08
240800	1.30
241000	1.51
241200	1.63
241400	1.47
241600	1.33
241800	1.25
242000	1.11
242200	1.00
242400	0.87
242600	0.69
242800	0.54
243000	0.44
243200	0.34
243400	0.35
243600	0.42
243800	0.54
244000	0.63
244200	0.54
244400	0.60
244600	0.81
244800	0.86
245000	0.76
245200	0.75
245400	0.70
245600	0.55
245800	0.40
246000	0.60
246200	0.89
246400	1.09
246600	1.07
246800	1.00
247000	0.83
247200	0.60
247400	0.48
247600	0.37
247800	0.30
248000	0.26
248200	0.31
248400	0.50
248600	0.71
248800	1.03
249000	1.16
249200	1.34
249400	1.46
249600	1.42
249800	1.26
250000	1.02
250200	0.93
250400	0.77
250600	0.61
250800	0.74
251000	0.99
251200	1.17
251400	1.29
251600	1.45
251800	1.79
252000	1.97
252200	2.00
252400	1.90
252600	1.67
252800	1.36
253000	1.18
253200	1.32
253400	1.66
253600	1.94
253800	2.06
254000	1.95
254200	1.68
254400	1.42
254600	1.28
254800	1.18
255000	1.02
255200	0.97
255400	1.00
255600	0.94
255800	0.85
256000	0.85
256200	0.86
256400	0.90
256600	0.88
256800	0.88
257000	1.07
257200	1.38
257400	1.64
257600	1.81
257800	1.80
258000	1.72
258200	1.73
258400	1.74
258600	1.68
258800	1.63
259000	1.62
259200	1.65
259400	1.63
259600	1.50
259800	1.28
260000	1.09
260200	0.93
260400	0.83
260600	0.66
260800	0.60
261000	0.67
261200	0.50
261400	0.35
261600	0.22
261800	0.16
262000	0.29
262200	0.35
262400	0.49
262600	0.55
262800	0.50
263000	0.45
263200	0.51
263400	0.72
263600	0.94
263800	1.04
264000	1.10
264200	1.19
264400	1.21
264600	1.11
264800	0.89
265000	0.71
265200	0.63
265400	0.72
265600	0.79
265800	0.71
266000	0.64
266200	0.60
266400	0.55
266600	0.63
266800	0.68
267000	0.65
267200	0.65
267400	0.59
267600	0.57
267800	0.57
268000	0.50
268200	0.38
268400	0.29
268600	0.18
268800	0.11
269000	0.24
269200	0.35
269400	0.45
269600	0.47
269800	0.56
270000	0.57
270200	0.49
270400	0.39
270600	0.45
270800	0.58
271000	0.68
271200	0.68
271400	0.61
271600	0.48
271800	0.44
272000	0.44
272200	0.47
272400	0.45
272600	0.39
272800	0.56
273000	0.62
273200	0.59
273400	0.59
273600	0.72
273800	0.98
274000	1.20
274200	1.20
274400	1.10
274600	1.11
274800	1.32
275000	1.50
275200	1.57
275400	1.54
275600	1.53
275800	1.53
276000	1.43
276200	1.36
276400	1.24
276600	1.13
276800	1.12
277000	1.19
277200	1.24
277400	1.37
277600	1.67
277800	1.85
278000	2.02
278200	2.21
278400	2.32
278600	2.37
278800	2.30
279000	2.24
279200	2.10
279400	1.92
279600	1.71
279800	1.56
280000	1.53
280200	1.35
280400	1.11
280600	0.87
280800	0.86
281000	0.99
281200	0.95
281400	0.81
281600	0.62
281800	0.67
282000	0.92
282200	1.07
282400	1.15
282600	1.14
282800	1.09
283000	1.05
283200	1.04
283400	0.94
283600	0.80
283800	0.71
284000	0.72
284200	0.78
284400	0.89
284600	1.11
284800	1.35
285000	1.50
285200	1.61
285400	1.72
285600	1.90
285800	1.97
286000	2.00
286200	2.01
286400	1.96
286600	1.95
286800	1.90
287000	1.87
287200	1.76
287400	1.66
287600	1.62
287800	1.52
288000	1.45
288200	1.37
288400	1.28
288600	1.17
288800	1.03
289000	0.87
289200	0.62
289400	0.48
289600	0.39
289800	0.44
290000	0.58
290200	0.86
290400	1.04
290600	1.07
290800	1.14
291000	1.25
291200	1.35
291400	1.32
291600	1.39
291800	1.55
292000	1.79
292200	1.90
292400	1.96
292600	1.99
292800	1.84
293000	1.74
293200	1.65
293400	1.45
293600	1.01
293800	0.75
294000	0.83
294200	1.02
294400	1.11
294600	1.19
294800	1.20
295000	1.13
295200	1.06
295400	1.22
295600	1.24
295800	1.15
296000	1.13
296200	1.14
296400	1.19
296600	1.14
296800	1.07
297000	1.03
297200	1.00
297400	0.94
297600	0.90
297800	0.75
298000	0.66
298200	0.70
298400	0.73
298600	0.78
298800	0.91
299000	0.99
299200	1.03
299400	1.10
299600	1.16
299800	1.17
300000	1.16
300200	1.17
300400	0.96
300600	0.82
300800	0.85
301000	0.92
301200	0.90
301400	0.70
301600	0.51
301800	0.46
302000	0.42
302200	0.48
302400	0.68
302600	0.74
302800	0.62
303000	0.43
303200	0.26
303400	0.38
303600	0.58
303800	0.55
304000	0.27
304200	0.09
304400	0.20
304600	0.39
304800	0.48
305000	0.51
305200	0.53
305400	0.43
305600	0.29
305800	0.31
306000	0.44
306200	0.59
306400	0.70
306600	0.63
306800	0.49
307000	0.22
307200	0.12
307400	0.25
307600	0.28
307800	0.22
308000	0.26
308200	0.47
308400	0.80
308600	1.03
308800	1.04
309000	0.93
309200	0.74
309400	0.52
309600	0.63
309800	0.75
310000	0.75
310200	0.73
310400	0.72
310600	0.73
310800	0.71
311000	0.69
311200	0.65
311400	0.45
311600	0.26
311800	0.36
312000	0.65
312200	0.94
312400	1.13
312600	1.23
312800	1.24
313000	1.20
313200	1.26
313400	1.46
313600	1.47
313800	1.33
314000	1.14
314200	1.04
314400	0.91
314600	0.78
314800	0.67
315000	0.55
315200	0.40
315400	0.30
315600	0.45
315800	0.51
316000	0.53
316200	0.50
316400	0.41
316600	0.41
316800	0.40
317000	0.38
317200	0.34
317400	0.24
317600	0.21
317800	0.20
318000	0.24
318200	0.43
318400	0.65
318600	0.68
318800	0.59
319000	0.58
319200	0.63
319400	0.64
319600	0.73
319800	0.78
320000	0.77
320200	0.69
320400	0.65
320600	0.62
320800	0.55
321000	0.45
321200	0.24
321400	0.23
321600	0.41
321800	0.60
322000	0.75
322200	0.82
322400	0.90
322600	0.97
322800	0.96
323000	0.98
323200	1.17
323400	1.16
323600	1.04
323800	1.13
324000	1.33
324200	1.45
324400	1.39
324600	1.15
324800	0.82
325000	0.53
325200	0.45
325400	0.47
325600	0.52
325800	0.54
326000	0.64
326200	0.74
326400	0.75
326600	0.72
326800	0.73
327000	0.60
327200	0.37
327400	0.19
327600	0.13
327800	0.09
328000	0.17
328200	0.20
328400	0.37
328600	0.52
328800	0.65
329000	0.81
329200	0.89
329400	0.87
329600	0.81
329800	0.79
330000	0.82
330200	0.72
330400	0.45
330600	0.34
330800	0.40
331000	0.42
331200	0.53
331400	0.60
331600	0.53
331800	0.47
332000	0.54
332200	0.54
332400	0.59
332600	0.61
332800	0.63
333000	0.73
333200	0.82
333400	1.00
333600	0.95
333800	0.79
334000	0.79
334200	0.81
334400	0.78
334600	0.65
334800	0.45
335000	0.39
335200	0.42
335400	0.51
335600	0.68
335800	0.76
336000	0.90
336200	0.98
336400	1.09
336600	1.26
336800	1.56
337000	1.68
337200	1.73
337400	1.80
337600	1.87
337800	1.78
338000	1.72
338200	1.69
338400	1.59
338600	1.55
338800	1.47
339000	1.43
339200	1.35
339400	1.10
339600	0.77
339800	0.58
340000	0.47
340200	0.42
340400	0.51
340600	0.55
340800	0.54
341000	0.61
341200	0.63
341400	0.65
341600	0.60
341800	0.56
342000	0.42
342200	0.35
342400	0.39
342600	0.50
342800	0.69
343000	0.87
343200	0.95
343400	0.95
343600	0.95
343800	1.03
344000	1.02
344200	0.78
344400	0.44
344600	0.33
344800	0.63
345000	0.88
345200	0.93
345400	0.94
345600	0.89
345800	0.92
346000	0.97
346200	0.98
346400	1.17
346600	1.30
346800	1.41
347000	1.49
347200	1.57
347400	1.83
347600	2.07
347800	2.27
348000	2.45
348200	2.62
348400	2.60
348600	2.50
348800	2.38
349000	2.19
349200	2.03
349400	1.92
349600	1.80
349800	1.73
350000	1.52
350200	1.37
350400	1.28
350600	1.35
350800	1.39
351000	1.36
351200	1.34
351400	1.33
351600	1.13
351800	0.84
352000	0.61
352200	0.46
352400	0.32
352600	0.28
352800	0.24
353000	0.33
353200	0.39
353400	0.50
353600	0.59
353800	0.60
354000	0.59
354200	0.61
354400	0.56
354600	0.66
354800	0.77
355000	0.79
355200	0.76
355400	0.89
355600	1.03
355800	1.20
356000	1.31
356200	1.50
356400	1.69
356600	1.75
356800	1.71
357000	1.72
357200	1.80
357400	1.82
357600	1.71
357800	1.52
358000	1.37
358200	1.28
358400	1.22
358600	1.15
358800	1.18
359000	1.28
359200	1.23
359400	1.10
359600	0.87
359800	0.70
360000	0.79
360200	0.99
360400	1.24
360600	1.52
360800	1.81
361000	1.97
361200	2.03
361400	2.04
361600	2.02
361800	1.98
362000	2.02
362200	2.10
362400	2.21
362600	2.05
362800	1.83
363000	1.64
363200	1.26
363400	0.78
363600	0.72
363800	0.79
364000	0.81
364200	0.65
364400	0.36
364600	0.14
364800	0.30
365000	0.61
365200	0.86
365400	0.91
365600	0.81
365800	0.76
366000	0.70
366200	0.73
366400	0.92
366600	1.28
366800	1.67
367000	1.92
367200	1.99
367400	1.91
367600	1.78
367800	1.63
368000	1.45
368200	1.33
368400	1.27
368600	1.11
368800	0.91
369000	0.70
369200	0.45
369400	0.29
369600	0.25
369800	0.24
370000	0.17
370200	0.12
370400	0.05
370600	0.10
370800	0.39
371000	0.73
371200	1.00
371400	1.15
371600	1.26
371800	1.38
372000	1.53
372200	1.66
372400	1.60
372600	1.46
372800	1.20
373000	0.93
373200	0.75
373400	0.65
373600	0.62
373800	0.66
374000	0.64
374200	0.54
374400	0.50
374600	0.64
374800	0.85
375000	1.01
375200	1.16
375400	1.16
375600	0.89
375800	0.53
376000	0.18
376200	0.08
376400	0.21
376600	0.38
376800	0.56
377000	0.68
377200	0.70
377400	0.60
377600	0.49
377800	0.41
378000	0.42
378200	0.49
378400	0.49
378600	0.44
378800	0.44
379000	0.47
379200	0.47
379400	0.57
379600	0.63
379800	0.60
380000	0.57
380200	0.58
380400	0.62
380600	0.65
380800	0.71
381000	0.72
381200	0.80
381400	0.94
381600	1.11
381800	1.23
382000	1.28
382200	1.18
382400	0.97
382600	0.75
382800	0.54
383000	0.33
383200	0.28
383400	0.18
383600	0.38
383800	0.56
384000	0.70
384200	0.79
384400	0.95
384600	1.07
384800	1.19
385000	1.40
385200	1.52
385400	1.52
385600	1.42
385800	1.41
386000	1.48
386200	1.54
386400	1.58
386600	1.60
386800	1.58
387000	1.56
387200	1.57
387400	1.51
387600	1.48
387800	1.49
388000	1.44
388200	1.45
388400	1.36
388600	1.22
388800	1.20
389000	1.18
389200	1.10
389400	0.98
389600	0.85
389800	0.64
390000	0.40
390200	0.19
390400	0.47
390600	0.87
390800	1.20
391000	1.60
391200	2.04
391400	2.23
391600	2.13
391800	1.93
392000	1.62
392200	1.34
392400	1.06
392600	0.70
392800	0.39
393000	0.31
393200	0.25
393400	0.25
393600	0.27
393800	0.19
394000	0.34
394200	0.61
394400	0.77
394600	0.93
394800	1.14
395000	1.25
395200	1.25
395400	1.25
395600	1.27
395800	1.33
396000	1.37
396200	1.30
396400	1.06
396600	0.81
396800	0.60
397000	0.48
397200	0.44
397400	0.48
397600	0.50
397800	0.68
398000	0.79
398200	0.76
398400	0.76
398600	0.80
398800	0.86
399000	0.92
399200	1.01
399400	1.10
399600	1.19
399800	1.28
400000	1.51
400200	1.93
400400	2.34
400600	2.52
400800	2.60
401000	2.70
401200	2.61
401400	2.56
401600	2.43
401800	2.22
402000	2.07
402200	1.89
402400	1.70
402600	1.70
402800	1.62
403000	1.44
403200	1.28
403400	1.11
403600	0.91
403800	0.74
404000	0.59
404200	0.38
404400	0.39
404600	0.56
404800	0.63
405000	0.66
405200	0.64
405400	0.63
405600	0.61
405800	0.50
406000	0.36
406200	0.23
406400	0.20
406600	0.23
406800	0.28
407000	0.37
407200	0.38
407400	0.36
407600	0.35
407800	0.37
408000	0.39
408200	0.38
408400	0.40
408600	0.43
408800	0.42
409000	0.26
409200	0.22
409400	0.51
409600	0.65
409800	0.74
410000	0.87
410200	0.91
410400	1.02
410600	1.10
410800	1.04
411000	0.88
411200	0.71
411400	0.77
411600	0.74
411800	0.61
412000	0.53
412200	0.45
412400	0.49
412600	0.47
412800	0.38
413000	0.34
413200	0.36
413400	0.30
413600	0.15
413800	0.21
414000	0.50
414200	0.86
414400	1.22
414600	1.41
414800	1.61
415000	1.81
415200	1.85
415400	1.83
415600	1.62
415800	1.29
416000	1.09
416200	0.96
416400	0.85
416600	0.65
416800	0.48
417000	0.38
417200	0.24
417400	0.20
417600	0.33
417800	0.45
418000	0.51
418200	0.56
418400	0.54
418600	0.60
418800	0.62
419000	0.58
419200	0.58
419400	0.64
419600	0.70
419800	0.75
420000	0.88
420200	1.10
420400	1.20
420600	1.29
420800	1.44
421000	1.51
421200	1.57
421400	1.60
421600	1.65
421800	1.56
422000	1.38
422200	1.05
422400	0.88
422600	0.84
422800	0.95
423000	1.11
423200	1.32
423400	1.56
423600	1.61
423800	1.46
424000	1.30
424200	1.07
424400	0.77
424600	0.60
424800	0.52
425000	0.52
425200	0.54
425400	0.50
425600	0.37
425800	0.36
426000	0.37
426200	0.38
426400	0.39
426600	0.42
426800	0.48
427000	0.50
427200	0.46
427400	0.63
427600	0.91
427800	1.08
428000	1.23
428200	1.37
428400	1.53
428600	1.62
428800	1.60
429000	1.66
429200	1.74
429400	1.77
429600	1.73
429800	1.66
430000	1.63
430200	1.58
430400	1.56
430600	1.54
430800	1.55
431000	1.53
431200	1.51
431400	1.42
431600	1.21
431800	1.01
432000	0.80
432200	0.74
432400	0.66
432600	0.60
432800	0.56
433000	0.51
433200	0.55
433400	0.57
433600	0.61
433800	0.68
434000	0.69
434200	0.83
434400	0.89
434600	0.90
434800	0.94
435000	1.18
435200	1.43
435400	1.54
435600	1.59
435800	1.57
436000	1.47
436200	1.37
436400	1.28
436600	1.16
436800	1.12
437000	1.02
437200	0.91
437400	0.86
437600	0.73
437800	0.69
438000	0.81
438200	1.29
438400	1.86
438600	2.26
438800	2.46
439000	2.53
439200	2.38
439400	2.08
439600	1.75
439800	1.41
440000	1.05
440200	0.73
440400	0.60
440600	0.73
440800	0.87
441000	0.96
441200	1.07
441400	1.14
441600	1.28
441800	1.34
442000	1.46
442200	1.53
442400	1.59
442600	1.48
442800	1.33
443000	1.24
443200	1.35
443400	1.37
443600	1.23
443800	1.08
444000	0.93
444200	0.88
444400	0.85
444600	0.85
444800	1.09
445000	1.49
445200	1.83
445400	1.96
445600	1.92
445800	1.76
446000	1.56
446200	1.27
446400	1.13
446600	1.05
446800	1.03
447000	0.99
447200	1.02
447400	1.08
447600	1.19
447800	1.22
448000	1.00
448200	0.82
448400	0.61
448600	0.37
448800	0.22
449000	0.14
449200	0.14
449400	0.28
449600	0.43
449800	0.34
450000	0.22
450200	0.14
450400	0.18
450600	0.28
450800	0.27
451000	0.31
451200	0.37
451400	0.49
451600	0.54
451800	0.60
452000	0.81
452200	0.94
452400	1.05
452600	0.92
452800	0.76
453000	0.70
453200	0.66
453400	0.64
453600	0.57
453800	0.38
454000	0.48
454200	0.62
454400	0.84
454600	1.03
454800	1.22
455000	1.37
455200	1.48
455400	1.65
455600	1.88
455800	2.03
456000	1.98
456200	1.95
456400	1.91
456600	1.71
456800	1.40
457000	1.15
457200	0.96
457400	1.10
457600	1.24
457800	1.29
458000	1.32
458200	1.32
458400	1.32
458600	1.26
458800	1.26
459000	1.30
459200	1.43
459400	1.61
459600	1.67
459800	1.71
460000	1.67
460200	1.49
460400	1.36
460600	1.28
460800	1.14
461000	0.97
461200	0.98
461400	1.10
461600	1.34
461800	1.33
462000	1.19
462200	1.07
462400	1.00
462600	0.96
462800	0.96
463000	1.06
463200	1.12
463400	1.12
463600	1.14
463800	1.03
464000	0.77
464200	0.52
464400	0.38
464600	0.39
464800	0.36
465000	0.20
465200	0.32
465400	0.65
465600	0.92
465800	0.91
466000	0.96
466200	0.94
466400	1.05
466600	1.29
466800	1.54
467000	1.82
467200	1.94
467400	1.92
467600	1.86
467800	1.76
468000	1.64
468200	1.44
468400	1.20
468600	1.04
468800	0.85
469000	0.64
469200	0.49
469400	0.30
469600	0.47
469800	0.62
470000	0.67
470200	0.64
470400	0.59
470600	0.67
470800	0.72
471000	0.73
471200	0.71
471400	0.77
471600	0.95
471800	1.15
472000	1.17
472200	1.12
472400	1.05
472600	0.96
472800	0.91
473000	0.83
473200	0.85
473400	0.76
473600	0.69
473800	0.69
474000	0.70
474200	0.69
474400	0.66
474600	0.64
474800	0.54
475000	0.48
475200	0.40
475400	0.27
475600	0.33
475800	0.61
476000	0.78
476200	0.85
476400	0.97
476600	1.12
476800	1.05
477000	0.92
477200	0.83
477400	0.79
477600	0.93
477800	1.01
478000	0.98
478200	0.95
478400	0.96
478600	1.03
478800	1.08
479000	1.12
479200	1.02
479400	0.79
479600	0.61
479800	0.47
480000	0.42
480200	0.33
480400	0.21
480600	0.08
480800	0.16
481000	0.34
481200	0.58
481400	0.74
481600	0.79
481800	0.80
482000	0.83
482200	0.61
482400	0.34
482600	0.31
482800	0.41
483000	0.44
483200	0.41
483400	0.36
483600	0.29
483800	0.26
484000	0.15
484200	0.11
484400	0.12
484600	0.16
484800	0.19
485000	0.20
485200	0.29
485400	0.42
485600	0.55
485800	0.71
486000	0.86
486200	1.03
486400	0.92
486600	0.73
486800	0.44
487000	0.20
487200	0.13
487400	0.23
487600	0.25
487800	0.31
488000	0.42
488200	0.48
488400	0.45
488600	0.35
488800	0.18
489000	0.42
489200	0.64
489400	0.75
489600	0.82
489800	0.80
490000	0.84
490200	0.88
490400	0.93
490600	1.04
490800	1.12
491000	1.06
491200	1.05
491400	1.01
491600	0.92
491800	0.80
492000	0.75
492200	0.78
492400	0.75
492600	0.63
492800	0.50
493000	0.40
493200	0.38
493400	0.23
493600	0.23
493800	0.49
494000	0.80
494200	0.96
494400	1.03
494600	1.13
494800	1.09
495000	1.20
495200	1.39
495400	1.57
495600	1.77
495800	1.92
496000	2.01
496200	1.98
496400	1.85
496600	1.65
496800	1.51
497000	1.48
497200	1.55
497400	1.51
497600	1.36
497800	1.19
498000	1.00
498200	0.67
498400	0.36
498600	0.25
498800	0.32
499000	0.43
499200	0.61
499400	0.77
499600	0.93
499800	1.03
500000	1.11
500200	1.12
500400	1.09
500600	1.13
500800	0.95
501000	0.81
501200	0.64
501400	0.42
501600	0.49
501800	0.63
502000	0.69
502200	0.73
502400	0.77
502600	0.76
502800	0.69
503000	0.65
503200	0.61
503400	0.59
503600	0.74
503800	1.21
504000	1.57
504200	1.92
504400	2.23
504600	2.65
504800	2.90
505000	2.97
505200	2.95
505400	2.79
505600	2.55
505800	2.28
506000	1.98
506200	1.71
506400	1.46
506600	1.24
506800	1.19
507000	1.26
507200	1.23
507400	1.24
507600	1.20
507800	1.17
508000	1.12
508200	1.01
508400	0.88
508600	0.91
508800	1.11
509000	1.33
509200	1.45
509400	1.59
509600	1.63
509800	1.71
510000	1.80
510200	1.84
510400	1.87
510600	1.73
510800	1.52
511000	1.47
511200	1.37
511400	1.17
511600	0.87
511800	0.60
512000	0.48
512200	0.48
512400	0.41
512600	0.33
512800	0.38
513000	0.45
513200	0.50
513400	0.41
513600	0.17
513800	0.23
514000	0.51
514200	0.61
514400	0.70
514600	0.94
514800	1.29
515000	1.61
515200	1.76
515400	1.79
515600	1.75
515800	1.83
516000	1.87
516200	1.89
516400	1.90
516600	1.79
516800	1.74
517000	1.50
517200	1.15
517400	0.99
517600	0.75
517800	0.54
518000	0.45
518200	0.41
518400	0.40
518600	0.28
518800	0.18
519000	0.19
519200	0.46
519400	0.75
519600	0.85
519800	1.04
520000	1.18
520200	1.22
520400	1.12
520600	0.93
520800	0.87
521000	0.84
521200	0.83
521400	0.94
521600	1.16
521800	1.30
522000	1.28
522200	1.22
522400	1.16
522600	1.11
522800	1.08
523000	1.07
523200	1.09
523400	1.12
523600	1.21
523800	1.27
524000	1.35
524200	1.43
524400	1.54
524600	1.61
524800	1.42
525000	1.07
525200	0.82
525400	0.62
525600	0.45
525800	0.30
526000	0.46
526200	0.81
526400	1.05
526600	1.32
526800	1.60
527000	1.82
527200	1.79
527400	1.56
527600	1.31
527800	1.09
528000	0.95
528200	1.00
528400	1.00
528600	1.05
528800	1.13
529000	1.24
529200	1.35
529400	1.39
529600	1.36
529800	1.26
530000	1.20
530200	1.29
530400	1.28
530600	1.00
530800	0.72
531000	0.55
531200	0.50
531400	0.75
531600	1.00
531800	1.15
532000	1.26
532200	1.38
532400	1.30
532600	1.16
532800	1.06
533000	0.98
533200	1.00
533400	0.98
533600	0.95
533800	0.91
534000	0.76
534200	0.66
534400	0.45
534600	0.11
534800	0.32
535000	0.65
535200	0.87
535400	1.03
535600	1.19
535800	1.38
536000	1.59
536200	1.83
536400	1.91
536600	2.03
536800	2.16
537000	2.21
537200	2.13
537400	2.01
537600	1.88
537800	1.70
538000	1.37
538200	1.07
538400	0.72
538600	0.50
538800	0.28
539000	0.07
539200	0.22
539400	0.49
539600	0.67
539800	0.74
540000	0.87
540200	1.06
540400	1.34
540600	1.50
540800	1.52
541000	1.44
541200	1.41
541400	1.42
541600	1.57
541800	1.66
542000	1.63
542200	1.44
542400	1.14
542600	0.86
542800	0.76
543000	0.77
543200	0.75
543400	0.62
543600	0.49
543800	0.49
544000	0.43
544200	0.43
544400	0.51
544600	0.55
544800	0.40
545000	0.22
545200	0.19
545400	0.32
545600	0.43
545800	0.74
546000	1.09
546200	1.34
546400	1.47
546600	1.63
546800	1.84
547000	1.94
547200	2.05
547400	2.07
547600	1.94
547800	1.64
548000	1.38
548200	1.05
548400	0.74
548600	0.52
548800	0.41
549000	0.38
549200	0.36
549400	0.39
549600	0.47
549800	0.59
550000	0.73
550200	0.81
550400	0.70
550600	0.52
550800	0.43
551000	0.45
551200	0.49
551400	0.48
551600	0.46
551800	0.41
552000	0.37
552200	0.37
552400	0.49
552600	0.65
552800	0.86
553000	0.91
553200	0.79
553400	0.74
553600	0.73
553800	0.75
554000	0.92
554200	1.01
554400	0.88
554600	0.73
554800	0.77
555000	0.86
555200	0.99
555400	1.19
555600	1.32
555800	1.33
556000	1.29
556200	1.28
556400	1.63
556600	1.90
556800	1.83
557000	1.50
557200	1.18
557400	1.05
557600	0.93
557800	0.71
558000	0.57
558200	0.38
558400	0.22
558600	0.17
558800	0.12
559000	0.10
559200	0.11
559400	0.21
559600	0.40
559800	0.52
560000	0.64
560200	0.79
560400	1.01
560600	0.95
560800	0.78
561000	0.69
561200	0.64
561400	0.53
561600	0.54
561800	0.59
562000	0.57
562200	0.51
562400	0.64
562600	0.90
562800	1.06
563000	1.15
563200	1.31
563400	1.55
563600	1.76
563800	1.76
564000	1.71
564200	1.66
564400	1.63
564600	1.54
564800	1.49
565000	1.51
565200	1.44
565400	1.24
565600	1.12
565800	1.06
566000	1.02
566200	0.94
566400	0.77
566600	0.77
566800	0.77
567000	0.67
567200	0.64
567400	0.57
567600	0.41
567800	0.34
568000	0.54
568200	0.70
568400	0.75
568600	0.67
568800	0.46
569000	0.28
569200	0.35
569400	0.58
569600	0.75
569800	0.77
570000	0.55
570200	0.34
570400	0.28
570600	0.42
570800	0.67
571000	0.83
571200	0.89
571400	0.85
571600	0.81
571800	0.88
572000	0.94
572200	1.07
572400	1.19
572600	1.08
572800	0.84
573000	0.67
573200	0.64
573400	0.65
573600	0.77
573800	0.84
574000	0.92
574200	1.01
574400	1.22
574600	1.39
574800	1.41
575000	1.39
575200	1.31
575400	1.26
575600	1.36
575800	1.62
576000	1.81
576200	1.84
576400	1.83
576600	1.84
576800	1.98
577000	2.07
577200	2.08
577400	2.06
577600	1.95
577800	1.72
578000	1.47
578200	1.17
578400	1.13
578600	1.21
578800	1.36
579000	1.47
579200	1.52
579400	1.52
579600	1.36
579800	1.17
580000	1.02
580200	0.77
580400	0.57
580600	0.59
580800	0.71
581000	1.03
581200	1.26
581400	1.39
581600	1.39
581800	1.36
582000	1.31
582200	1.21
582400	1.23
582600	1.29
582800	1.34
583000	1.19
583200	1.09
583400	0.93
583600	0.83
583800	0.81
584000	0.81
584200	0.84
584400	0.86
584600	0.88
584800	0.99
585000	0.98
585200	0.97
585400	0.77
585600	0.64
585800	0.75
586000	0.79
586200	0.83
586400	0.95
586600	1.17
586800	1.36
587000	1.48
587200	1.51
587400	1.39
587600	1.16
587800	0.95
588000	0.62
588200	0.31
588400	0.49
588600	0.86
588800	1.22
589000	1.44
589200	1.49
589400	1.46
589600	1.42
589800	1.29
590000	1.12
590200	0.96
590400	0.97
590600	0.97
590800	0.83
591000	0.73
591200	0.81
591400	0.90
591600	0.92
591800	0.91
592000	0.93
592200	0.97
592400	0.94
592600	0.92
592800	0.97
593000	0.97
593200	1.07
593400	1.15
593600	1.15
593800	1.35
594000	1.65
594200	1.87
594400	2.11
594600	2.20
594800	2.17
595000	2.19
595200	2.24
595400	2.24
595600	2.13
595800	1.88
596000	1.79
596200	1.79
596400	1.59
596600	1.16
596800	0.81
597000	0.67
597200	0.83
597400	0.99
597600	1.09
597800	1.18
598000	1.31
598200	1.46
598400	1.54
598600	1.60
598800	1.58
599000	1.59
599200	1.65
599400	1.73
599600	1.71
599800	1.67
600000	1.48
600200	1.27
600400	1.15
600600	1.16
600800	1.24
601000	1.24
601200	1.23
601400	1.21
601600	1.19
601800	1.19
602000	1.16
602200	1.11
602400	1.06
602600	1.07
602800	1.07
603000	1.00
603200	0.93
603400	0.92
603600	0.80
603800	0.72
604000	0.64
604200	0.64
604400	0.68
604600	0.74
604800	0.78
605000	0.82
605200	0.93
605400	0.99
605600	1.03
605800	1.02
606000	1.16
606200	1.21
606400	1.28
606600	1.20
606800	1.01
607000	0.85
607200	0.56
607400	0.21
607600	0.39
607800	0.72
608000	0.97
608200	1.07
608400	1.04
608600	0.97
608800	0.65
609000	0.30
609200	0.11
609400	0.08
609600	0.23
609800	0.29
610000	0.24
610200	0.26
610400	0.32
610600	0.25
610800	0.17
611000	0.25
611200	0.51
611400	0.75
611600	0.86
611800	0.94
612000	0.98
612200	1.04
612400	1.06
612600	1.10
612800	1.12
613000	1.08
613200	0.94
613400	0.79
613600	0.82
613800	0.98
614000	1.08
614200	1.03
614400	1.00
614600	1.03
614800	1.03
615000	1.08
615200	0.91
615400	0.67
615600	0.55
615800	0.52
616000	0.65
616200	0.87
616400	1.30
616600	1.58
616800	1.70
617000	1.75
617200	1.72
617400	1.58
617600	1.51
617800	1.44
618000	1.12
618200	0.80
618400	0.61
618600	0.61
618800	0.68
619000	0.78
619200	0.88
619400	0.96
619600	1.19
619800	1.41
620000	1.67
620200	1.99
620400	2.32
620600	2.56
620800	2.71
621000	2.72
621200	2.60
621400	2.41
621600	2.18
621800	2.06
622000	2.04
622200	2.02
622400	1.98
622600	1.97
622800	1.89
623000	1.85
623200	1.76
623400	1.77
623600	1.96
623800	2.17
624000	2.24
624200	2.31
624400	2.21
624600	2.00
624800	1.76
625000	1.53
625200	1.53
625400	1.72
625600	1.82
625800	1.76
626000	1.79
626200	1.77
626400	1.78
626600	1.70
626800	1.67
627000	1.72
627200	1.61
627400	1.35
627600	1.19
627800	1.06
628000	1.05
628200	1.16
628400	1.32
628600	1.38
628800	1.24
629000	1.19
629200	1.45
629400	1.75
629600	2.04
629800	2.22
630000	2.16
630200	2.00
630400	1.93
630600	1.82
630800	1.61
631000	1.33
631200	1.14
631400	1.17
631600	1.24
631800	1.36
632000	1.47
632200	1.54
632400	1.48
632600	1.44
632800	1.36
633000	1.24
633200	1.14
633400	1.08
633600	1.02
633800	1.00
634000	0.90
634200	0.65
634400	0.35
634600	0.26
634800	0.31
635000	0.35
635200	0.34
635400	0.30
635600	0.35
635800	0.53
636000	0.71
636200	0.90
636400	1.18
636600	1.40
636800	1.60
637000	1.80
637200	2.02
637400	2.27
637600	2.47
637800	2.41
638000	2.24
638200	1.98
638400	1.76
638600	1.59
638800	1.53
639000	1.60
639200	1.52
639400	1.47
639600	1.47
639800	1.39
640000	1.50
640200	1.59
640400	1.64
640600	1.69
640800	1.64
641000	1.38
641200	1.09
641400	0.72
641600	0.36
641800	0.11
642000	0.41
642200	0.74
642400	1.01
642600	1.06
642800	1.06
643000	0.95
643200	0.98
643400	1.07
643600	1.15
643800	1.18
644000	1.24
644200	1.32
644400	1.43
644600	1.53
644800	1.56
645000	1.39
645200	1.07
645400	0.74
645600	0.47
645800	0.62
646000	0.79
646200	0.87
646400	0.89
646600	0.79
646800	0.79
647000	0.71
647200	0.61
647400	0.52
647600	0.47
647800	0.34
648000	0.18
648200	0.06
648400	0.13
648600	0.37
648800	0.58
649000	0.66
649200	0.56
649400	0.51
649600	0.41
649800	0.29
650000	0.35
650200	0.52
650400	0.66
650600	0.80
650800	0.78
651000	0.69
651200	0.55
651400	0.58
651600	0.73
651800	0.83
652000	0.91
652200	1.04
652400	1.12
652600	1.29
652800	1.42
653000	1.36
653200	1.20
653400	1.11
653600	0.89
653800	0.66
654000	0.64
654200	0.82
654400	1.03
654600	1.10
654800	1.06
655000	0.92
655200	0.68
655400	0.41
655600	0.51
655800	0.99
656000	1.29
656200	1.40
656400	1.16
656600	0.80
656800	0.55
657000	0.41
657200	0.37
657400	0.33
657600	0.29
657800	0.13
658000	0.16
658200	0.28
658400	0.30
658600	0.35
658800	0.47
659000	0.48
659200	0.41
659400	0.42
659600	0.51
659800	0.54
660000	0.44
660200	0.39
660400	0.39
660600	0.39
660800	0.33
661000	0.18
661200	0.03
661400	0.13
661600	0.30
661800	0.57
662000	0.98
662200	1.21
662400	1.45
662600	1.70
662800	1.88
663000	1.97
663200	1.96
663400	1.84
663600	1.84
663800	1.89
664000	1.96
664200	2.00
664400	2.02
664600	2.11
664800	2.21
665000	2.17
665200	2.01
665400	1.88
665600	1.69
665800	1.41
666000	1.16
666200	1.03
666400	0.88
666600	0.77
666800	0.71
667000	0.66
667200	0.66
667400	0.56
667600	0.43
667800	0.47
668000	0.47
668200	0.46
668400	0.36
668600	0.55
668800	0.79
669000	0.90
669200	0.98
669400	1.05
669600	1.06
669800	0.97
670000	0.84
670200	0.70
670400	0.60
670600	0.59
670800	0.64
671000	0.72
671200	0.75
671400	0.84
671600	0.96
671800	1.23
672000	1.37
672200	1.29
672400	1.12
672600	1.08
672800	1.15
673000	1.19
673200	1.23
673400	1.30
673600	1.50
673800	1.60
674000	1.51
674200	1.63
674400	1.77
674600	1.87
674800	1.92
675000	1.86
675200	1.81
675400	1.59
675600	1.24
675800	0.91
676000	0.69
676200	0.48
676400	0.31
676600	0.46
676800	0.57
677000	0.67
677200	0.72
677400	0.67
677600	0.56
677800	0.44
678000	0.24
678200	0.17
678400	0.41
678600	0.65
678800	0.76
679000	0.75
679200	0.80
679400	0.65
679600	0.44
679800	0.36
680000	0.37
680200	0.36
680400	0.32
680600	0.24
680800	0.20
681000	0.17
681200	0.07
681400	0.02
681600	0.08
681800	0.27
682000	0.51
682200	0.68
682400	0.90
682600	1.11
682800	1.21
683000	1.15
683200	0.91
683400	0.72
683600	0.52
683800	0.24
684000	0.14
684200	0.52
684400	0.80
684600	0.81
684800	0.76
685000	0.70
685200	0.69
685400	0.87
685600	0.96
685800	0.94
686000	0.98
686200	0.99
686400	0.98
686600	0.78
686800	0.56
687000	0.55
687200	0.68
687400	0.78
687600	0.83
687800	0.79
688000	0.70
688200	0.53
688400	0.40
688600	0.42
688800	0.40
689000	0.52
689200	0.64
689400	0.69
689600	0.83
689800	1.07
690000	1.09
690200	1.11
690400	1.18
690600	1.16
690800	1.21
691000	1.23
691200	1.22
691400	1.16
691600	1.26
691800	1.38
692000	1.50
692200	1.53
692400	1.48
692600	1.36
692800	1.09
693000	0.97
693200	0.94
693400	0.97
693600	1.10
693800	1.27
694000	1.23
694200	0.99
694400	0.69
694600	0.58
694800	0.47
695000	0.34
695200	0.30
695400	0.43
695600	0.65
695800	0.97
696000	1.31
696200	1.56
696400	1.69
696600	1.72
696800	1.69
697000	1.81
697200	1.91
697400	1.97
697600	2.04
697800	2.12
698000	2.23
698200	2.25
698400	2.25
698600	2.29
698800	2.27
699000	2.23
699200	2.15
699400	1.98
699600	1.82
699800	1.63
700000	1.41
700200	1.21
700400	1.10
700600	1.00
700800	0.86
701000	0.66
701200	0.37
701400	0.13
701600	0.13
701800	0.38
702000	0.52
702200	0.53
702400	0.55
702600	0.67
702800	0.81
703000	0.94
703200	1.00
703400	1.02
703600	0.99
703800	1.02
704000	1.07
704200	1.01
704400	0.86
704600	0.74
704800	0.58
705000	0.39
705200	0.26
705400	0.30
705600	0.44
705800	0.54
706000	0.57
706200	0.52
706400	0.57
706600	0.57
706800	0.72
707000	1.01
707200	1.30
707400	1.46
707600	1.57
707800	1.63
708000	1.54
708200	1.37
708400	1.17
708600	0.98
708800	0.82
709000	0.83
709200	0.85
709400	0.81
709600	0.85
709800	0.88
710000	0.88
710200	0.92
710400	1.00
710600	1.03
710800	1.08
711000	1.12
711200	1.10
711400	1.07
711600	1.02
711800	0.98
712000	0.94
712200	0.94
712400	1.14
712600	1.35
712800	1.33
713000	1.31
713200	1.47
713400	1.72
713600	1.88
713800	1.96
714000	2.02
714200	1.93
714400	1.71
714600	1.57
714800	1.53
715000	1.49
715200	1.53
715400	1.34
715600	1.12
715800	0.89
716000	0.80
716200	0.63
716400	0.55
716600	0.57
716800	0.54
717000	0.45
717200	0.27
717400	0.10
717600	0.11
717800	0.26
718000	0.25
718200	0.08
718400	0.21
718600	0.33
718800	0.41
719000	0.45
719200	0.45
719400	0.46
719600	0.52
719800	0.49
720000	0.27
720200	0.16
720400	0.21
720600	0.40
720800	0.51
721000	0.52
721200	0.38
721400	0.21
721600	0.27
721800	0.27
722000	0.26
722200	0.33
722400	0.33
722600	0.37
722800	0.40
723000	0.49
723200	0.56
723400	0.50
723600	0.45
723800	0.47
724000	0.34
724200	0.23
724400	0.25
724600	0.26
724800	0.35
725000	0.65
725200	0.87
725400	0.91
725600	1.02
725800	1.14
726000	1.11
726200	0.97
726400	0.80
726600	0.64
726800	0.56
727000	0.44
727200	0.37
727400	0.41
727600	0.50
727800	0.50
728000	0.56
728200	0.69
728400	0.78
728600	0.81
728800	0.82
729000	1.01
729200	1.29
729400	1.46
729600	1.61
729800	1.78
730000	1.90
730200	2.00
730400	2.14
730600	2.29
730800	2.43
731000	2.51
731200	2.54
731400	2.55
731600	2.46
731800	2.28
732000	2.05
732200	1.84
732400	1.55
732600	1.42
732800	1.25
733000	1.07
733200	0.83
733400	0.76
733600	0.68
733800	0.52
734000	0.46
734200	0.39
734400	0.35
734600	0.42
734800	0.60
735000	0.70
735200	0.85
735400	0.97
735600	0.97
735800	0.94
736000	0.92
736200	0.95
736400	1.01
736600	1.03
736800	0.90
737000	0.76
737200	0.64
737400	0.49
737600	0.32
737800	0.28
738000	0.40
738200	0.54
738400	0.59
738600	0.60
738800	0.65
739000	0.72
739200	0.85
739400	1.15
739600	1.42
739800	1.53
740000	1.54
740200	1.45
740400	1.33
740600	1.34
740800	1.29
741000	1.16
741200	0.97
741400	0.94
741600	0.97
741800	0.84
742000	0.77
742200	0.76
742400	0.86
742600	0.94
742800	0.99
743000	1.01
743200	0.98
743400	0.94
743600	0.90
743800	0.87
744000	0.69
744200	0.55
744400	0.71
744600	0.81
744800	0.92
745000	0.99
745200	0.94
745400	0.93
745600	1.12
745800	1.39
746000	1.67
746200	1.81
746400	1.92
746600	1.88
746800	1.78
747000	1.78
747200	1.95
747400	2.10
747600	2.17
747800	2.20
748000	2.23
748200	2.18
748400	1.96
748600	1.77
748800	1.65
749000	1.59
749200	1.61
749400	1.64
749600	1.66
749800	1.62
750000	1.64
750200	1.63
750400	1.48
750600	1.27
750800	1.34
751000	1.53
751200	1.68
751400	1.75
751600	1.77
751800	1.79
752000	1.80
752200	1.52
752400	1.19
752600	1.11
752800	1.10
753000	1.04
753200	1.01
753400	1.02
753600	1.25
753800	1.41
754000	1.46
754200	1.53
754400	1.62
754600	1.58
754800	1.44
755000	1.33
755200	1.28
755400	1.20
755600	1.16
755800	0.96
756000	0.63
756200	0.31
756400	0.25
756600	0.31
756800	0.28
757000	0.32
757200	0.33
757400	0.39
757600	0.44
757800	0.58
758000	0.81
758200	0.92
758400	0.89
758600	0.87
758800	0.77
759000	0.67
759200	0.63
759400	0.64
759600	0.64
759800	0.65
760000	0.63
760200	0.58
760400	0.49
760600	0.39
760800	0.36
761000	0.50
761200	0.74
761400	0.93
761600	1.18
761800	1.39
762000	1.58
762200	1.82
762400	1.97
762600	2.12
762800	2.11
763000	2.00
763200	1.94
763400	1.91
763600	1.81
763800	1.61
764000	1.36
764200	1.10
764400	0.89
764600	0.83
764800	1.02
765000	1.15
765200	1.14
765400	1.23
765600	1.24
765800	1.19
766000	1.11
766200	1.13
766400	1.21
766600	1.23
766800	1.17
767000	1.09
767200	1.06
767400	1.00
767600	0.96
767800	0.86
768000	0.70
768200	0.62
768400	0.43
768600	0.33
768800	0.27
769000	0.28
769200	0.33
769400	0.29
769600	0.27
769800	0.42
770000	0.54
770200	0.61
770400	0.64
770600	0.69
770800	0.70
771000	0.70
771200	0.84
771400	0.89
771600	0.80
771800	0.67
772000	0.59
772200	0.44
772400	0.28
772600	0.29
772800	0.48
773000	0.60
773200	0.83
773400	1.09
773600	1.37
773800	1.68
774000	1.78
774200	1.78
774400	1.60
774600	1.45
774800	1.35
775000	1.37
775200	1.42
775400	1.53
775600	1.74
775800	1.91
776000	2.00
776200	2.00
776400	2.03
776600	2.07
776800	2.09
777000	2.05
777200	1.92
777400	1.83
777600	1.65
777800	1.38
778000	1.05
778200	0.68
778400	0.32
778600	0.14
778800	0.08
779000	0.18
779200	0.22
779400	0.32
779600	0.42
779800	0.51
780000	0.59
780200	0.55
780400	0.52
780600	0.57
780800	0.57
781000	0.68
781200	0.80
781400	0.83
781600	0.88
781800	0.88
782000	0.82
782200	0.82
782400	0.78
782600	0.72
782800	0.56
783000	0.52
783200	0.60
783400	0.64
783600	0.78
783800	1.05
784000	1.31
784200	1.48
784400	1.55
784600	1.47
784800	1.24
785000	1.00
785200	0.84
785400	0.73
785600	0.53
785800	0.27
786000	0.07
786200	0.20
786400	0.46
786600	0.69
786800	0.85
787000	0.93
787200	0.98
787400	1.00
787600	0.93
787800	0.82
788000	0.65
788200	0.46
788400	0.33
788600	0.26
788800	0.19
789000	0.13
789200	0.25
789400	0.38
789600	0.47
789800	0.54
790000	0.47
790200	0.38
790400	0.39
790600	0.43
790800	0.53
791000	0.66
791200	0.71
791400	0.65
791600	0.56
791800	0.47
792000	0.39
792200	0.38
792400	0.40
792600	0.42
792800	0.43
793000	0.47
793200	0.47
793400	0.49
793600	0.47
793800	0.38
794000	0.34
794200	0.23
794400	0.10
794600	0.06
794800	0.21
795000	0.28
795200	0.24
795400	0.15
795600	0.20
795800	0.21
796000	0.10
796200	0.01
796400	0.02
796600	0.05
796800	0.10
797000	0.22
797200	0.37
797400	0.43
797600	0.48
797800	0.52
798000	0.56
798200	0.53
798400	0.52
798600	0.60
798800	0.67
799000	0.76
799200	0.84
799400	0.82
799600	0.70
799800	0.62
800000	0.57
800200	0.52
800400	0.52
800600	0.56
800800	0.47
801000	0.39
801200	0.35
801400	0.32
801600	0.36
801800	0.38
802000	0.36
802200	0.29
802400	0.24
802600	0.17
802800	0.14
803000	0.10
803200	0.12
803400	0.27
803600	0.44
803800	0.64
804000	0.75
804200	0.81
804400	0.87
804600	0.93
804800	0.94
805000	0.97
805200	0.99
805400	1.10
805600	1.25
805800	1.43
806000	1.55
806200	1.60
806400	1.61
806600	1.58
806800	1.51
807000	1.45
807200	1.27
807400	1.12
807600	1.02
807800	0.90
808000	0.78
808200	0.73
808400	0.68
808600	0.67
808800	0.73
809000	0.73
809200	0.67
809400	0.68
809600	0.71
809800	0.65
810000	0.65
810200	0.71
810400	0.75
810600	0.77
810800	0.85
811000	0.94
811200	0.96
811400	0.98
811600	1.00
811800	0.97
812000	1.00
812200	0.95
812400	0.81
812600	0.62
812800	0.49
813000	0.41
813200	0.34
813400	0.36
813600	0.47
813800	0.52
814000	0.59
814200	0.62
814400	0.64
814600	0.66
814800	0.68
815000	0.57
815200	0.43
815400	0.30
815600	0.25
815800	0.19
816000	0.13
816200	0.11
816400	0.08
816600	0.25
816800	0.52
817000	0.74
817200	0.85
817400	0.83
817600	0.84
817800	0.83
818000	0.76
818200	0.70
818400	0.69
818600	0.76
818800	0.80
819000	0.84
819200	0.91
819400	0.95
819600	0.97
819800	0.98
820000	0.97
820200	0.90
820400	0.76
820600	0.71
820800	0.70
821000	0.66
821200	0.61
821400	0.56
821600	0.56
821800	0.51
822000	0.43
822200	0.40
822400	0.32
822600	0.25
822800	0.11
823000	0.09
823200	0.25
823400	0.38
823600	0.54
823800	0.66
824000	0.73
824200	0.75
824400	0.73
824600	0.72
824800	0.66
825000	0.69
825200	0.73
825400	0.67
825600	0.64
825800	0.61
826000	0.50
826200	0.43
826400	0.38
826600	0.36
826800	0.48
827000	0.52
827200	0.42
827400	0.36
827600	0.41
827800	0.53
828000	0.72
828200	0.80
828400	0.78
828600	0.67
828800	0.58
829000	0.48
829200	0.37
829400	0.24
829600	0.12
829800	0.15
830000	0.24
830200	0.41
830400	0.55
830600	0.68
830800	0.75
831000	0.78
831200	0.82
831400	0.85
831600	0.93
831800	0.92
832000	0.79
832200	0.64
832400	0.54
832600	0.52
832800	0.58
833000	0.68
833200	0.83
833400	0.94
833600	0.92
833800	0.83
834000	0.75
834200	0.71
834400	0.52
834600	0.38
834800	0.43
835000	0.53
835200	0.52
835400	0.56
835600	0.62
835800	0.65
836000	0.71
836200	0.77
836400	0.75
836600	0.69
836800	0.66
837000	0.65
837200	0.69
837400	0.76
837600	0.73
837800	0.57
838000	0.37
838200	0.38
838400	0.45
838600	0.54
838800	0.50
839000	0.41
839200	0.31
839400	0.28
839600	0.28
839800	0.28
840000	0.33
840200	0.38
840400	0.44
840600	0.43
840800	0.32
841000	0.18
841200	0.12
841400	0.28
841600	0.44
841800	0.49
842000	0.49
842200	0.45
842400	0.46
842600	0.39
842800	0.33
843000	0.40
843200	0.52
843400	0.66
843600	0.76
843800	0.76
844000	0.68
844200	0.54
844400	0.37
844600	0.38
844800	0.35
845000	0.31
845200	0.39
845400	0.49
845600	0.58
845800	0.59
846000	0.48
846200	0.32
846400	0.19
846600	0.16
846800	0.21
847000	0.26
847200	0.33
847400	0.36
847600	0.44
847800	0.52
848000	0.53
848200	0.37
848400	0.14
848600	0.20
848800	0.48
849000	0.57
849200	0.60
849400	0.52
849600	0.46
849800	0.42
850000	0.33
850200	0.38
850400	0.56
850600	0.72
850800	0.67
851000	0.47
851200	0.36
851400	0.28
851600	0.16
851800	0.12
852000	0.20
852200	0.30
852400	0.49
852600	0.68
852800	0.88
853000	1.01
853200	1.08
853400	1.03
853600	0.85
853800	0.71
854000	0.68
854200	0.65
854400	0.61
854600	0.60
854800	0.55
855000	0.46
855200	0.35
855400	0.26
855600	0.20
855800	0.32
856000	0.48
856200	0.68
856400	0.97
856600	1.20
856800	1.31
857000	1.31
857200	1.30
857400	1.24
857600	1.04
857800	0.89
858000	0.75
858200	0.68
858400	0.66
858600	0.63
858800	0.62
859000	0.68
859200	0.72
859400	0.68
859600	0.62
859800	0.69
860000	0.77
860200	0.94
860400	1.06
860600	1.16
860800	1.31
861000	1.55
861200	1.74
861400	1.80
861600	1.72
861800	1.51
862000	1.26
862200	1.18
862400	1.15
862600	1.02
862800	0.90
863000	0.80
863200	0.77
863400	0.77
863600	0.76
863800	0.76
864000	0.76
864200	0.73
864400	0.67
864600	0.59
864800	0.51
865000	0.53
865200	0.57
865400	0.65
865600	0.80
865800	0.94
866000	1.00
866200	1.02
866400	1.04
866600	1.05
866800	0.95
867000	0.92
867200	0.94
867400	0.98
867600	0.99
867800	0.96
868000	1.03
868200	1.12
868400	1.12
868600	1.06
868800	1.06
869000	1.06
869200	1.01
869400	0.98
869600	0.83
869800	0.61
870000	0.55
870200	0.65
870400	0.80
870600	0.96
870800	0.99
871000	0.93
871200	0.80
871400	0.68
871600	0.60
871800	0.48
872000	0.36
872200	0.24
872400	0.29
872600	0.41
872800	0.58
873000	0.71
873200	0.72
873400	0.64
873600	0.56
873800	0.48
874000	0.38
874200	0.33
874400	0.28
874600	0.15
874800	0.03
875000	0.12
875200	0.11
875400	0.13
875600	0.35
875800	0.49
876000	0.56
876200	0.64
876400	0.76
876600	0.87
876800	0.88
877000	0.80
877200	0.64
877400	0.48
877600	0.37
877800	0.31
878000	0.23
878200	0.20
878400	0.20
878600	0.27
878800	0.19
879000	0.24
879200	0.26
879400	0.22
879600	0.27
879800	0.32
880000	0.30
880200	0.33
880400	0.38
880600	0.40
880800	0.46
881000	0.61
881200	0.76
881400	0.87
881600	0.88
881800	0.83
882000	0.78
882200	0.74
882400	0.73
882600	0.73
882800	0.78
883000	0.84
883200	0.92
883400	0.95
883600	0.99
883800	1.06
884000	1.04
884200	0.93
884400	0.75
884600	0.58
884800	0.35
885000	0.19
885200	0.22
885400	0.29
885600	0.33
885800	0.33
886000	0.42
886200	0.49
886400	0.57
886600	0.65
886800	0.68
887000	0.80
887200	0.95
887400	1.01
887600	0.96
887800	0.89
888000	0.82
888200	0.74
888400	0.72
888600	0.55
888800	0.42
889000	0.40
889200	0.48
889400	0.46
889600	0.52
889800	0.62
890000	0.70
890200	0.68
890400	0.61
890600	0.49
890800	0.35
891000	0.21
891200	0.12
891400	0.18
891600	0.25
891800	0.26
892000	0.35
892200	0.51
892400	0.67
892600	0.83
892800	0.92
893000	0.90
893200	0.77
893400	0.62
893600	0.50
893800	0.41
894000	0.31
894200	0.26
894400	0.21
894600	0.08
894800	0.11
895000	0.24
895200	0.28
895400	0.39
895600	0.51
895800	0.60
896000	0.63
896200	0.64
896400	0.65
896600	0.76
896800	0.92
897000	0.96
897200	0.90
897400	0.88
897600	0.91
897800	0.86
898000	0.81
898200	0.72
898400	0.53
898600	0.25
898800	0.11
899000	0.29
899200	0.49
899400	0.78
899600	1.12
899800	1.32
900000	1.33
900200	1.19
900400	1.01
900600	0.78
900800	0.42
901000	0.09
901200	0.21
901400	0.48
901600	0.72
901800	0.86
902000	0.91
902200	0.91
902400	0.95
902600	1.00
902800	0.89
903000	0.75
903200	0.67
903400	0.59
903600	0.44
903800	0.34
904000	0.32
904200	0.33
904400	0.27
904600	0.18
904800	0.17
905000	0.14
905200	0.10
905400	0.11
905600	0.08
905800	0.04
906000	0.12
906200	0.20
906400	0.36
906600	0.50
906800	0.76
907000	1.01
907200	1.12
907400	1.21
907600	1.22
907800	1.26
908000	1.27
908200	1.21
908400	1.08
908600	1.04
908800	1.00
909000	0.95
909200	0.91
909400	0.79
909600	0.73
909800	0.83
910000	0.95
910200	1.01
910400	1.03
910600	1.07
910800	1.12
911000	1.20
911200	1.18
911400	1.03
911600	0.85
911800	0.67
912000	0.60
912200	0.54
912400	0.48
912600	0.44
912800	0.40
913000	0.44
913200	0.52
913400	0.62
913600	0.58
913800	0.48
914000	0.47
914200	0.57
914400	0.56
914600	0.55
914800	0.61
915000	0.72
915200	0.84
915400	0.88
915600	0.81
915800	0.72
916000	0.66
916200	0.55
916400	0.53
916600	0.61
916800	0.61
917000	0.54
917200	0.55
917400	0.52
917600	0.38
917800	0.14
918000	0.20
918200	0.35
918400	0.45
918600	0.40
918800	0.34
919000	0.35
919200	0.43
919400	0.50
919600	0.48
919800	0.49
920000	0.52
920200	0.48
920400	0.41
920600	0.49
920800	0.63
921000	0.75
921200	0.83
921400	0.92
921600	1.00
921800	1.19
922000	1.31
922200	1.25
922400	1.14
922600	1.05
922800	0.97
923000	0.91
923200	0.87
923400	0.81
923600	0.77
923800	0.74
924000	0.78
924200	0.79
924400	0.73
924600	0.64
924800	0.49
925000	0.31
925200	0.23
925400	0.27
925600	0.30
925800	0.32
926000	0.33
926200	0.32
926400	0.47
926600	0.63
926800	0.68
927000	0.66
927200	0.58
927400	0.47
927600	0.39
927800	0.34
928000	0.36
928200	0.40
928400	0.35
928600	0.27
928800	0.14
929000	0.07
929200	0.20
929400	0.33
929600	0.43
929800	0.47
930000	0.45
930200	0.48
930400	0.48
930600	0.50
930800	0.53
931000	0.53
931200	0.50
931400	0.46
931600	0.53
931800	0.57
932000	0.64
932200	0.75
932400	0.80
932600	0.86
932800	0.92
933000	0.97
933200	1.05
933400	1.11
933600	1.13
933800	1.08
934000	0.99
934200	0.86
934400	0.77
934600	0.70
934800	0.62
935000	0.55
935200	0.53
935400	0.47
935600	0.48
935800	0.59
936000	0.58
936200	0.50
936400	0.44
936600	0.34
936800	0.21
937000	0.27
937200	0.38
937400	0.42
937600	0.45
937800	0.48
938000	0.54
938200	0.58
938400	0.69
938600	0.92
938800	1.21
939000	1.48
939200	1.70
939400	1.85
939600	1.89
939800	1.86
940000	1.76
940200	1.75
940400	1.75
940600	1.69
940800	1.67
941000	1.64
941200	1.59
941400	1.46
941600	1.28
941800	1.12
942000	0.93
942200	0.66
942400	0.39
942600	0.22
942800	0.22
943000	0.22
943200	0.23
943400	0.21
943600	0.16
943800	0.06
944000	0.28
944200	0.48
944400	0.56
944600	0.60
944800	0.55
945000	0.39
945200	0.16
945400	0.15
945600	0.28
945800	0.45
946000	0.51
946200	0.50
946400	0.51
946600	0.58
946800	0.71
947000	0.79
947200	0.75
947400	0.71
947600	0.66
947800	0.51
948000	0.39
948200	0.31
948400	0.30
948600	0.43
948800	0.60
949000	0.78
949200	0.84
949400	0.82
949600	0.84
949800	0.85
950000	0.81
950200	0.73
950400	0.64
950600	0.50
950800	0.24
951000	0.10
951200	0.09
951400	0.20
951600	0.29
951800	0.37
952000	0.49
952200	0.63
952400	0.77
952600	0.91
952800	1.05
953000	1.26
953200	1.42
953400	1.49
953600	1.47
953800	1.38
954000	1.32
954200	1.23
954400	1.13
954600	1.05
954800	0.97
955000	0.90
955200	0.85
955400	0.86
955600	0.76
955800	0.69
956000	0.58
956200	0.41
956400	0.26
956600	0.17
956800	0.11
957000	0.05
957200	0.01
957400	0.03
957600	0.24
957800	0.43
958000	0.47
958200	0.46
958400	0.39
958600	0.34
958800	0.33
959000	0.23
959200	0.19
959400	0.30
959600	0.45
959800	0.63
960000	0.86
960200	1.03
960400	1.14
960600	1.12
960800	1.00
961000	0.87
961200	0.73
961400	0.64
961600	0.63
961800	0.65
962000	0.67
962200	0.66
962400	0.64
962600	0.64
962800	0.63
963000	0.59
963200	0.55
963400	0.51
963600	0.45
963800	0.38
964000	0.32
964200	0.27
964400	0.19
964600	0.10
964800	0.07
965000	0.07
965200	0.06
965400	0.14
965600	0.19
965800	0.22
966000	0.31
966200	0.38
966400	0.40
966600	0.54
966800	0.66
967000	0.65
967200	0.61
967400	0.51
967600	0.38
967800	0.25
968000	0.19
968200	0.22
968400	0.28
968600	0.36
968800	0.46
969000	0.53
969200	0.47
969400	0.48
969600	0.59
969800	0.59
970000	0.54
970200	0.49
970400	0.42
970600	0.38
970800	0.34
971000	0.29
971200	0.24
971400	0.27
971600	0.33
971800	0.50
972000	0.69
972200	0.85
972400	0.97
972600	1.00
972800	0.97
973000	0.90
973200	0.86
973400	0.87
973600	0.89
973800	0.87
974000	0.87
974200	0.89
974400	0.87
974600	0.81
974800	0.80
975000	0.83
975200	0.81
975400	0.79
975600	0.81
975800	0.84
976000	0.85
976200	0.85
976400	0.88
976600	0.86
976800	0.85
977000	0.89
977200	1.04
977400	1.10
977600	1.08
977800	0.98
978000	0.90
978200	0.77
978400	0.65
978600	0.63
978800	0.64
979000	0.72
979200	0.83
979400	0.90
979600	0.99
979800	1.05
980000	1.09
980200	1.13
980400	1.17
980600	1.19
980800	1.28
981000	1.39
981200	1.55
981400	1.64
981600	1.76
981800	1.92
982000	1.78
982200	1.39
982400	0.90
982600	0.55
982800	0.33
983000	0.19
983200	0.12
983400	0.19
983600	0.32
983800	0.43
984000	0.52
984200	0.59
984400	0.64
984600	0.70
984800	0.71
985000	0.73
985200	0.76
985400	0.78
985600	0.86
985800	0.99
986000	1.12
986200	1.25
986400	1.10
986600	0.78
986800	0.56
987000	0.53
987200	0.64
987400	0.84
987600	0.99
987800	1.10
988000	1.03
988200	1.02
988400	1.02
988600	0.93
988800	1.01
989000	1.03
989200	0.94
989400	0.86
989600	0.79
989800	0.90
990000	1.11
990200	1.22
990400	1.22
990600	1.14
990800	1.04
991000	0.91
991200	0.86
991400	0.80
991600	0.68
991800	0.66
992000	0.69
992200	0.71
992400	0.86
992600	1.05
992800	1.33
993000	1.56
993200	1.62
993400	1.49
993600	1.30
993800	1.16
994000	1.16
994200	1.17
994400	1.08
994600	0.94
994800	0.64
995000	0.41
995200	0.23
995400	0.08
995600	0.34
995800	0.63
996000	0.85
996200	1.04
996400	1.18
996600	1.27
996800	1.19
997000	1.00
997200	0.88
997400	0.78
997600	0.80
997800	0.62
998000	0.38
998200	0.32
998400	0.33
998600	0.46
998800	0.45
999000	0.41
999200	0.39
999400	0.41
999600	0.43
999800	0.66
1000000	0.90
1000200	1.09
1000400	1.15
1000600	1.21
1000800	1.37
1001000	1.61
1001200	1.87
1001400	2.02
1001600	2.22
1001800	2.36
1002000	2.42
1002200	2.43
1002400	2.34
1002600	2.26
1002800	2.19
1003000	1.97
1003200	1.75
1003400	1.54
1003600	1.38
1003800	1.24
1004000	1.09
1004200	0.95
1004400	0.76
1004600	0.62
1004800	0.48
1005000	0.33
1005200	0.23
1005400	0.14
1005600	0.41
1005800	0.65
1006000	0.72
1006200	0.70
1006400	0.67
1006600	0.74
1006800	0.78
1007000	0.74
1007200	0.77
1007400	0.83
1007600	0.86
1007800	0.68
1008000	0.37
1008200	0.13
1008400	0.19
1008600	0.51
1008800	0.80
1009000	1.00
1009200	0.99
1009400	0.97
1009600	0.92
1009800	0.82
1010000	0.60
1010200	0.36
1010400	0.32
1010600	0.25
1010800	0.29
1011000	0.34
1011200	0.36
1011400	0.48
1011600	0.64
1011800	0.85
1012000	1.01
1012200	1.05
1012400	1.08
1012600	1.11
1012800	1.21
1013000	1.26
1013200	1.32
1013400	1.39
1013600	1.42
1013800	1.46
1014000	1.47
1014200	1.32
1014400	1.09
1014600	0.87
1014800	0.61
1015000	0.59
1015200	0.62
1015400	0.59
1015600	0.55
1015800	0.48
1016000	0.38
1016200	0.40
1016400	0.49
1016600	0.58
1016800	0.85
1017000	1.16
1017200	1.50
1017400	1.67
1017600	1.72
1017800	1.74
1018000	1.61
1018200	1.57
1018400	1.52
1018600	1.42
1018800	1.25
1019000	0.92
1019200	0.60
1019400	0.53
1019600	0.60
1019800	0.63
1020000	0.52
1020200	0.31
1020400	0.09
1020600	0.41
1020800	0.67
1021000	0.85
1021200	0.94
1021400	0.91
1021600	0.84
1021800	0.66
1022000	0.59
1022200	0.50
1022400	0.44
1022600	0.43
1022800	0.48
1023000	0.52
1023200	0.80
1023400	1.11
1023600	1.35
1023800	1.38
1024000	1.27
1024200	1.19
1024400	1.05
1024600	0.88
1024800	0.76
1025000	0.62
1025200	0.59
1025400	0.58
1025600	0.56
1025800	0.50
1026000	0.44
1026200	0.43
1026400	0.40
1026600	0.34
1026800	0.32
1027000	0.42
1027200	0.59
1027400	0.72
1027600	0.80
1027800	0.95
1028000	0.95
1028200	0.97
1028400	0.90
1028600	0.84
1028800	0.85
1029000	0.85
1029200	0.73
1029400	0.64
1029600	0.54
1029800	0.43
1030000	0.21
1030200	0.13
1030400	0.05
1030600	0.16
1030800	0.15
1031000	0.31
1031200	0.42
1031400	0.49
1031600	0.61
1031800	0.59
1032000	0.46
1032200	0.44
1032400	0.48
1032600	0.47
1032800	0.46
1033000	0.39
1033200	0.40
1033400	0.35
1033600	0.31
1033800	0.35
1034000	0.46
1034200	0.52
1034400	0.39
1034600	0.30
1034800	0.32
1035000	0.23
1035200	0.15
1035400	0.16
1035600	0.17
1035800	0.27
1036000	0.38
1036200	0.47
1036400	0.72
1036600	1.08
1036800	1.26
1037000	1.38
1037200	1.55
1037400	1.66
1037600	1.75
1037800	1.71
1038000	1.63
1038200	1.47
1038400	1.28
1038600	1.17
1038800	1.19
1039000	1.18
1039200	1.12
1039400	1.02
1039600	1.03
1039800	1.09
1040000	1.09
1040200	1.08
1040400	1.04
1040600	1.11
1040800	1.28
1041000	1.30
1041200	1.15
1041400	0.80
1041600	0.55
1041800	0.44
1042000	0.40
1042200	0.45
1042400	0.58
1042600	0.69
1042800	0.84
1043000	1.10
1043200	1.29
1043400	1.37
1043600	1.18
1043800	0.82
1044000	0.37
1044200	0.15
1044400	0.58
1044600	0.98
1044800	1.18
1045000	1.27
1045200	1.31
1045400	1.54
1045600	1.66
1045800	1.73
1046000	1.90
1046200	2.01
1046400	2.11
1046600	2.21
1046800	2.14
1047000	1.82
1047200	1.38
1047400	1.03
1047600	0.94
1047800	0.91
1048000	0.85
1048200	0.78
1048400	0.66
1048600	0.62
1048800	0.71
1049000	0.84
1049200	0.91
1049400	0.94
1049600	0.99
1049800	0.96
1050000	0.98
1050200	1.01
1050400	0.88
1050600	0.78
1050800	0.74
1051000	0.67
1051200	0.55
1051400	0.44
1051600	0.41
1051800	0.43
1052000	0.60
1052200	0.71
1052400	0.76
1052600	0.72
1052800	0.39
1053000	0.23
1053200	0.28
1053400	0.39
1053600	0.55
1053800	0.77
1054000	1.08
1054200	1.22
1054400	1.17
1054600	0.98
1054800	0.71
1055000	0.49
1055200	0.33
1055400	0.38
1055600	0.67
1055800	0.88
1056000	0.93
1056200	0.95
1056400	0.88
1056600	0.79
1056800	0.64
1057000	0.49
1057200	0.30
1057400	0.37
1057600	0.57
1057800	0.74
1058000	1.00
1058200	1.14
1058400	1.31
1058600	1.63
1058800	1.86
1059000	1.93
1059200	1.89
1059400	1.70
1059600	1.43
1059800	1.13
1060000	0.88
1060200	0.58
1060400	0.29
1060600	0.13
1060800	0.33
1061000	0.56
1061200	0.79
1061400	1.02
1061600	1.20
1061800	1.42
1062000	1.60
1062200	1.66
1062400	1.82
1062600	1.95
1062800	1.94
1063000	1.80
1063200	1.65
1063400	1.58
1063600	1.51
1063800	1.21
1064000	1.04
1064200	0.99
1064400	0.94
1064600	0.95
1064800	1.07
1065000	1.14
1065200	0.99
1065400	0.82
1065600	0.89
1065800	1.08
1066000	1.23
1066200	1.37
1066400	1.62
1066600	1.89
1066800	2.10
1067000	2.19
1067200	2.17
1067400	2.11
1067600	1.92
1067800	1.80
1068000	1.95
1068200	2.15
1068400	2.28
1068600	2.31
1068800	2.34
1069000	2.49
1069200	2.62
1069400	2.71
1069600	2.58
1069800	2.37
1070000	2.18
1070200	1.86
1070400	1.69
1070600	1.35
1070800	0.96
1071000	0.81
1071200	0.84
1071400	0.82
1071600	0.70
1071800	0.59
1072000	0.54
1072200	0.30
1072400	0.25
1072600	0.37
1072800	0.50
1073000	0.58
1073200	0.45
1073400	0.42
1073600	0.49
1073800	0.54
1074000	0.53
1074200	0.60
1074400	0.82
1074600	1.02
1074800	1.07
1075000	0.99
1075200	0.96
1075400	0.94
1075600	1.06
1075800	1.24
1076000	1.30
1076200	1.18
1076400	1.07
1076600	0.96
1076800	0.85
1077000	0.79
1077200	0.63
1077400	0.58
1077600	0.63
1077800	0.80
1078000	0.97
1078200	1.00
1078400	0.98
1078600	0.94
1078800	0.88
1079000	0.72
1079200	0.64
1079400	0.52
1079600	0.45
1079800	0.72
1080000	1.09
1080200	1.30
1080400	1.31
1080600	1.23
1080800	1.09
1081000	0.94
1081200	1.03
1081400	1.27
1081600	1.40
1081800	1.31
1082000	1.13
1082200	1.00
1082400	0.99
1082600	0.95
1082800	0.90
1083000	0.82
1083200	0.75
1083400	0.68
1083600	0.67
1083800	0.70
1084000	0.87
1084200	0.93
1084400	1.04
1084600	1.23
1084800	1.40
1085000	1.41
1085200	1.31
1085400	1.15
1085600	0.98
1085800	0.81
1086000	0.62
1086200	0.46
1086400	0.54
1086600	0.80
1086800	0.86
1087000	0.80
1087200	0.80
1087400	0.73
1087600	0.67
1087800	0.63
1088000	0.66
1088200	0.78
1088400	0.75
1088600	0.72
1088800	0.68
1089000	0.68
1089200	0.69
1089400	0.60
1089600	0.66
1089800	0.68
1090000	0.56
1090200	0.48
1090400	0.76
1090600	1.06
1090800	1.14
1091000	1.15
1091200	1.08
1091400	1.12
1091600	1.20
1091800	1.25
1092000	1.27
1092200	1.22
1092400	1.15
1092600	1.13
1092800	1.13
1093000	1.27
1093200	1.30
1093400	1.31
1093600	1.38
1093800	1.41
1094000	1.27
1094200	1.13
1094400	1.01
1094600	0.89
1094800	0.73
1095000	0.61
1095200	0.67
1095400	0.90
1095600	1.19
1095800	1.43
1096000	1.58
1096200	1.62
1096400	1.72
1096600	1.74
1096800	1.70
1097000	1.76
1097200	1.70
1097400	1.49
1097600	1.39
1097800	1.33
1098000	1.15
1098200	0.98
1098400	0.85
1098600	0.76
1098800	0.74
1099000	0.65
1099200	0.51
1099400	0.44
1099600	0.57
1099800	0.89
1100000	1.09
1100200	1.26
1100400	1.32
1100600	1.33
1100800	1.30
1101000	1.29
1101200	1.32
1101400	1.34
1101600	1.46
1101800	1.54
1102000	1.51
1102200	1.39
1102400	1.34
1102600	1.27
1102800	1.11
1103000	0.92
1103200	0.70
1103400	0.60
1103600	0.50
1103800	0.44
1104000	0.47
1104200	0.55
1104400	0.72
1104600	0.82
1104800	1.04
1105000	1.36
1105200	1.61
1105400	1.79
1105600	1.96
1105800	2.06
1106000	2.03
1106200	2.01
1106400	2.14
1106600	2.14
1106800	1.90
1107000	1.66
1107200	1.49
1107400	1.50
1107600	1.52
1107800	1.54
1108000	1.56
1108200	1.49
1108400	1.27
1108600	1.06
1108800	1.01
1109000	0.96
1109200	0.87
1109400	0.81
1109600	0.75
1109800	0.81
1110000	0.81
1110200	0.88
1110400	1.01
1110600	1.14
1110800	1.22
1111000	1.32
1111200	1.35
1111400	1.36
1111600	1.27
1111800	1.13
1112000	0.99
1112200	0.87
1112400	0.70
1112600	0.47
1112800	0.37
1113000	0.47
1113200	0.61
1113400	0.68
1113600	0.78
1113800	0.94
1114000	0.92
1114200	0.91
1114400	0.92
1114600	0.94
1114800	0.92
1115000	0.99
1115200	1.08
1115400	1.05
1115600	0.89
1115800	0.78
1116000	0.52
1116200	0.30
1116400	0.35
1116600	0.43
1116800	0.51
1117000	0.67
1117200	0.76
1117400	0.79
1117600	0.84
1117800	0.85
1118000	0.69
1118200	0.44
1118400	0.18
1118600	0.29
1118800	0.62
1119000	0.89
1119200	0.88
1119400	0.92
1119600	0.89
1119800	0.87
1120000	0.67
1120200	0.47
1120400	0.48
1120600	0.57
1120800	0.66
1121000	0.60
1121200	0.44
1121400	0.32
1121600	0.27
1121800	0.30
1122000	0.45
1122200	0.63
1122400	0.79
1122600	0.94
1122800	1.10
1123000	1.29
1123200	1.51
1123400	1.80
1123600	2.11
1123800	2.31
1124000	2.42
1124200	2.36
1124400	2.27
1124600	2.23
1124800	2.11
1125000	1.94
1125200	1.78
1125400	1.55
1125600	1.34
1125800	1.13
1126000	0.87
1126200	0.65
1126400	0.57
1126600	0.53
1126800	0.55
1127000	0.48
1127200	0.49
1127400	0.76
1127600	0.86
1127800	0.83
1128000	0.71
1128200	0.62
1128400	0.53
1128600	0.57
1128800	0.64
1129000	0.66
1129200	0.70
1129400	0.88
1129600	1.09
1129800	1.34
1130000	1.38
1130200	1.29
1130400	1.05
1130600	0.83
1130800	0.80
1131000	0.92
1131200	1.08
1131400	1.38
1131600	1.49
1131800	1.48
1132000	1.44
1132200	1.43
1132400	1.41
1132600	1.28
1132800	1.30
1133000	1.38
1133200	1.45
1133400	1.60
1133600	1.76
1133800	1.76
1134000	1.63
1134200	1.36
1134400	1.11
1134600	0.84
1134800	0.62
1135000	0.44
1135200	0.32
1135400	0.33
1135600	0.44
1135800	0.55
1136000	0.64
1136200	0.73
1136400	0.75
1136600	0.48
1136800	0.29
1137000	0.41
1137200	0.56
1137400	0.66
1137600	0.78
1137800	0.91
1138000	1.06
1138200	1.23
1138400	1.42
1138600	1.55
1138800	1.58
1139000	1.61
1139200	1.53
1139400	1.38
1139600	1.09
1139800	0.66
1140000	0.39
1140200	0.33
1140400	0.64
1140600	0.94
1140800	1.10
1141000	1.13
1141200	1.09
1141400	1.14
1141600	1.20
1141800	1.21
1142000	1.14
1142200	1.12
1142400	1.07
1142600	1.03
1142800	0.96
1143000	0.96
1143200	1.10
1143400	1.09
1143600	1.05
1143800	0.96
1144000	0.92
1144200	0.94
1144400	1.02
1144600	1.04
1144800	1.15
1145000	1.20
1145200	1.10
1145400	1.05
1145600	1.10
1145800	1.16
1146000	1.27
1146200	1.38
1146400	1.51
1146600	1.52
1146800	1.28
1147000	1.05
1147200	0.87
1147400	0.92
1147600	1.02
1147800	0.95
1148000	0.86
1148200	0.82
1148400	0.71
1148600	0.42
1148800	0.14
1149000	0.25
1149200	0.43
1149400	0.52
1149600	0.57
1149800	0.57
1150000	0.76
1150200	1.13
1150400	1.44
1150600	1.55
1150800	1.43
1151000	1.42
1151200	1.58
1151400	1.62
1151600	1.66
1151800	1.65
1152000	1.26
1152200	0.70
1152400	0.39
1152600	0.39
1152800	0.49
1153000	0.60
1153200	0.69
1153400	0.76
1153600	0.86
1153800	0.95
1154000	0.90
1154200	0.90
1154400	0.94
1154600	0.92
1154800	0.95
1155000	0.87
1155200	0.81
1155400	0.82
1155600	0.94
1155800	1.06
1156000	1.19
1156200	1.29
1156400	1.30
1156600	1.34
1156800	1.48
1157000	1.69
1157200	1.88
1157400	1.98
1157600	1.83
1157800	1.73
1158000	1.58
1158200	1.46
1158400	1.33
1158600	1.19
1158800	1.11
1159000	1.19
1159200	1.26
1159400	1.31
1159600	1.47
1159800	1.49
1160000	1.53
1160200	1.63
1160400	1.61
1160600	1.59
1160800	1.50
1161000	1.42
1161200	1.42
1161400	1.32
1161600	1.24
1161800	1.34
1162000	1.45
1162200	1.32
1162400	1.07
1162600	0.83
1162800	0.67
1163000	0.45
1163200	0.36
1163400	0.41
1163600	0.42
1163800	0.49
1164000	0.60
1164200	0.65
1164400	0.67
1164600	0.58
1164800	0.54
1165000	0.48
1165200	0.40
1165400	0.40
1165600	0.51
1165800	0.69
1166000	0.84
1166200	0.97
1166400	1.21
1166600	1.35
1166800	1.40
1167000	1.46
1167200	1.44
1167400	1.46
1167600	1.60
1167800	1.63
1168000	1.57
1168200	1.50
1168400	1.38
1168600	1.29
1168800	1.21
1169000	1.12
1169200	0.95
1169400	0.77
1169600	0.62
1169800	0.49
1170000	0.29
1170200	0.15
1170400	0.19
1170600	0.25
1170800	0.25
1171000	0.26
1171200	0.11
1171400	0.12
1171600	0.23
1171800	0.35
1172000	0.38
1172200	0.34
1172400	0.22
1172600	0.14
1172800	0.29
1173000	0.39
1173200	0.49
1173400	0.42
1173600	0.37
1173800	0.43
1174000	0.58
1174200	0.74
1174400	0.91
1174600	1.06
1174800	1.25
1175000	1.34
1175200	1.47
1175400	1.64
1175600	1.77
1175800	1.87
1176000	1.83
1176200	1.84
1176400	1.84
1176600	1.84
1176800	1.78
1177000	1.73
1177200	1.69
1177400	1.86
1177600	2.04
1177800	2.05
1178000	1.91
1178200	1.60
1178400	1.40
1178600	1.20
1178800	0.92
1179000	0.71
1179200	0.62
1179400	0.59
1179600	0.67
1179800	0.71
1180000	0.74
1180200	0.87
1180400	0.93
1180600	0.89
1180800	0.88
1181000	0.95
1181200	1.12
1181400	1.25
1181600	1.39
1181800	1.74
1182000	1.98
1182200	2.12
1182400	2.18
1182600	2.04
1182800	1.89
1183000	1.82
1183200	1.86
1183400	1.84
1183600	1.87
1183800	1.82
1184000	1.78
1184200	1.86
1184400	1.99
1184600	1.95
1184800	1.77
1185000	1.59
1185200	1.37
1185400	1.03
1185600	0.81
1185800	0.71
1186000	0.64
1186200	0.67
1186400	0.78
1186600	0.71
1186800	0.79
1187000	0.89
1187200	1.04
1187400	1.20
1187600	1.37
1187800	1.42
1188000	1.16
1188200	0.83
1188400	0.58
1188600	0.50
1188800	0.42
1189000	0.41
1189200	0.39
1189400	0.32
1189600	0.23
1189800	0.23
1190000	0.21
1190200	0.18
1190400	0.18
1190600	0.30
1190800	0.34
1191000	0.30
1191200	0.25
1191400	0.25
1191600	0.18
1191800	0.27
1192000	0.54
1192200	0.72
1192400	0.85
1192600	0.91
1192800	0.72
1193000	0.75
1193200	0.86
1193400	0.93
1193600	0.99
1193800	0.87
1194000	0.71
1194200	0.68
1194400	0.71
1194600	0.79
1194800	0.94
1195000	1.14
1195200	1.25
1195400	1.36
1195600	1.42
1195800	1.54
1196000	1.55
1196200	1.49
1196400	1.47
1196600	1.38
1196800	1.39
1197000	1.31
1197200	1.13
1197400	0.91
1197600	0.75
1197800	0.64
1198000	0.48
1198200	0.34
1198400	0.31
1198600	0.25
1198800	0.19
1199000	0.23
1199200	0.33
1199400	0.55
1199600	0.76
1199800	0.96
1200000	1.14
1200200	1.33
1200400	1.42
1200600	1.36
1200800	1.32
1201000	1.29
1201200	1.31
1201400	1.17
1201600	1.04
1201800	0.95
1202000	0.93
1202200	0.91
1202400	1.01
1202600	1.14
1202800	1.26
1203000	1.39
1203200	1.41
1203400	1.55
1203600	1.84
1203800	1.90
1204000	1.84
1204200	1.77
1204400	1.82
1204600	1.91
1204800	1.91
1205000	1.85
1205200	1.76
1205400	1.63
1205600	1.38
1205800	1.16
1206000	0.89
1206200	0.55
1206400	0.28
1206600	0.11
1206800	0.30
1207000	0.41
1207200	0.54
1207400	0.66
1207600	0.78
1207800	0.91
1208000	0.93
1208200	0.92
1208400	0.88
1208600	0.73
1208800	0.62
1209000	0.67
1209200	0.79
1209400	0.80
1209600	0.73
1209800	0.59
1210000	0.47
1210200	0.36
1210400	0.30
1210600	0.31
1210800	0.47
1211000	0.76
1211200	0.95
1211400	1.11
1211600	1.26
1211800	1.37
1212000	1.41
1212200	1.42
1212400	1.29
1212600	1.08
1212800	0.92
1213000	0.69
1213200	0.50
1213400	0.43
1213600	0.49
1213800	0.51
1214000	0.61
1214200	0.63
1214400	0.61
1214600	0.54
1214800	0.43
1215000	0.47
1215200	0.61
1215400	0.69
1215600	0.74
1215800	0.86
1216000	1.03
1216200	1.18
1216400	1.26
1216600	1.25
1216800	1.16
1217000	1.03
1217200	1.04
1217400	1.00
1217600	1.03
1217800	1.08
1218000	1.36
1218200	1.57
1218400	1.63
1218600	1.68
1218800	1.51
1219000	1.37
1219200	1.30
1219400	1.08
1219600	0.97
1219800	0.92
1220000	0.90
1220200	0.95
1220400	0.82
1220600	0.61
1220800	0.54
1221000	0.57
1221200	0.71
1221400	0.77
1221600	0.82
1221800	1.04
1222000	1.42
1222200	1.52
1222400	1.69
1222600	1.85
1222800	1.85
1223000	1.80
1223200	1.76
1223400	1.73
1223600	1.81
1223800	1.89
1224000	1.88
1224200	1.75
1224400	1.70
1224600	1.75
1224800	1.61
1225000	1.38
1225200	1.19
1225400	1.03
1225600	0.91
1225800	0.64
1226000	0.33
1226200	0.37
1226400	0.44
1226600	0.47
1226800	0.49
1227000	0.64
1227200	0.89
1227400	1.15
1227600	1.29
1227800	1.34
1228000	1.54
1228200	1.68
1228400	1.73
1228600	1.69
1228800	1.78
1229000	1.94
1229200	1.94
1229400	1.83
1229600	1.64
1229800	1.57
1230000	1.59
1230200	1.55
1230400	1.47
1230600	1.48
1230800	1.54
1231000	1.74
1231200	1.95
1231400	2.14
1231600	2.21
1231800	2.09
1232000	1.76
1232200	1.58
1232400	1.38
1232600	1.08
1232800	0.87
1233000	0.86
1233200	0.97
1233400	1.04
1233600	1.14
1233800	1.19
1234000	1.20
1234200	1.16
1234400	1.10
1234600	1.09
1234800	1.03
1235000	1.08
1235200	1.24
1235400	1.35
1235600	1.44
1235800	1.49
1236000	1.22
1236200	0.98
1236400	0.73
1236600	0.57
1236800	0.34
1237000	0.12
1237200	0.03
1237400	0.15
1237600	0.29
1237800	0.37
1238000	0.64
1238200	1.12
1238400	1.53
1238600	1.76
1238800	1.90
1239000	2.00
1239200	2.05
1239400	2.23
1239600	2.28
1239800	2.12
1240000	1.77
1240200	1.49
1240400	1.33
1240600	1.34
1240800	1.35
1241000	1.40
1241200	1.38
1241400	1.32
1241600	1.35
1241800	1.35
1242000	1.12
1242200	0.82
1242400	0.51
1242600	0.35
1242800	0.26
1243000	0.40
1243200	0.63
1243400	0.91
1243600	1.22
1243800	1.36
1244000	1.28
1244200	1.19
1244400	1.29
1244600	1.42
1244800	1.42
1245000	1.42
1245200	1.43
1245400	1.29
1245600	0.97
1245800	0.80
1246000	0.64
1246200	0.57
1246400	0.61
1246600	0.53
1246800	0.55
1247000	0.50
1247200	0.47
1247400	0.45
1247600	0.40
1247800	0.43
1248000	0.55
1248200	0.55
1248400	0.56
1248600	0.76
1248800	0.95
1249000	0.98
1249200	1.01
1249400	1.08
1249600	1.08
1249800	0.98
1250000	0.86
1250200	0.69
1250400	0.39
1250600	0.37
1250800	0.47
1251000	0.62
1251200	0.81
1251400	0.89
1251600	0.91
1251800	0.88
1252000	0.84
1252200	0.78
1252400	0.67
1252600	0.61
1252800	0.59
1253000	0.50
1253200	0.33
1253400	0.25
1253600	0.20
1253800	0.07
1254000	0.18
1254200	0.35
1254400	0.64
1254600	0.79
1254800	0.85
1255000	0.91
1255200	1.02
1255400	1.08
1255600	1.11
1255800	1.15
1256000	1.12
1256200	1.07
1256400	0.95
1256600	0.84
1256800	0.78
1257000	0.75
1257200	0.80
1257400	0.83
1257600	0.69
1257800	0.59
1258000	0.81
1258200	1.07
1258400	1.13
1258600	1.17
1258800	1.19
1259000	1.12
1259200	1.02
1259400	0.99
1259600	0.95
1259800	0.92
1260000	0.87
1260200	0.96
1260400	1.03
1260600	1.04
1260800	0.99
1261000	0.96
1261200	0.85
1261400	0.79
1261600	0.78
1261800	0.89
1262000	0.95
1262200	0.94
1262400	0.98
1262600	0.99
1262800	1.00
1263000	0.96
1263200	0.83
1263400	0.83
1263600	0.75
1263800	0.69
1264000	0.59
1264200	0.49
1264400	0.31
1264600	0.15
1264800	0.06
1265000	0.17
1265200	0.29
1265400	0.46
1265600	0.73
1265800	0.99
1266000	1.12
1266200	1.00
1266400	0.97
1266600	0.93
1266800	0.96
1267000	1.01
1267200	0.94
1267400	0.81
1267600	0.76
1267800	0.74
1268000	0.79
1268200	0.83
1268400	0.86
1268600	1.03
1268800	1.20
1269000	1.34
1269200	1.38
1269400	1.41
1269600	1.37
1269800	1.10
1270000	1.04
1270200	1.10
1270400	1.16
1270600	1.16
1270800	1.21
1271000	1.19
1271200	1.14
1271400	0.92
1271600	0.64
1271800	0.46
1272000	0.44
1272200	0.52
1272400	0.53
1272600	0.53
1272800	0.49
1273000	0.39
1273200	0.37
1273400	0.44
1273600	0.48
1273800	0.47
1274000	0.49
1274200	0.57
1274400	0.63
1274600	0.64
1274800	0.52
1275000	0.40
1275200	0.22
1275400	0.09
1275600	0.12
1275800	0.21
1276000	0.25
1276200	0.18
1276400	0.25
1276600	0.38
1276800	0.48
1277000	0.56
1277200	0.64
1277400	0.72
1277600	0.77
1277800	0.78
1278000	0.74
1278200	0.73
1278400	0.83
1278600	0.86
1278800	0.83
1279000	0.92
1279200	1.01
1279400	1.00
1279600	1.06
1279800	1.10
1280000	1.06
1280200	1.17
1280400	1.38
1280600	1.66
1280800	1.80
1281000	1.81
1281200	1.74
1281400	1.53
1281600	1.29
1281800	0.98
1282000	0.59
1282200	0.54
1282400	0.81
1282600	1.21
1282800	1.50
1283000	1.51
1283200	1.36
1283400	1.19
1283600	1.03
1283800	0.86
1284000	0.55
1284200	0.41
1284400	0.69
1284600	0.84
1284800	0.88
1285000	0.81
1285200	0.62
1285400	0.49
1285600	0.47
1285800	0.46
1286000	0.48
1286200	0.46
1286400	0.52
1286600	0.49
1286800	0.41
1287000	0.26
1287200	0.25
1287400	0.30
1287600	0.49
1287800	0.73
1288000	0.90
1288200	0.86
1288400	0.78
1288600	0.78
1288800	0.63
1289000	0.37
1289200	0.20
1289400	0.15
1289600	0.21
1289800	0.28
1290000	0.28
1290200	0.35
1290400	0.46
1290600	0.57
1290800	0.83
1291000	0.96
1291200	0.91
1291400	0.81
1291600	0.71
1291800	0.67
1292000	0.67
1292200	0.73
1292400	0.73
1292600	0.55
1292800	0.14
1293000	0.35
1293200	0.69
1293400	0.94
1293600	1.03
1293800	1.16
1294000	1.17
1294200	1.24
1294400	1.31
1294600	1.37
1294800	1.34
1295000	1.18
1295200	1.10
1295400	1.03
1295600	0.96
1295800	0.98
1296000	1.05
1296200	1.08
1296400	1.01
1296600	0.92
1296800	0.81
1297000	0.75
1297200	0.72
1297400	0.74
1297600	0.78
1297800	0.94
1298000	1.20
1298200	1.58
1298400	1.69
1298600	1.66
1298800	1.61
1299000	1.54
1299200	1.49
1299400	1.54
1299600	1.55
1299800	1.52
1300000	1.45
1300200	1.37
1300400	1.19
1300600	1.10
1300800	1.06
1301000	0.93
1301200	0.75
1301400	0.63
1301600	0.63
1301800	0.72
1302000	0.71
1302200	0.71
1302400	0.79
1302600	0.75
1302800	0.50
1303000	0.26
1303200	0.30
1303400	0.63
1303600	0.98
1303800	0.98
1304000	0.92
1304200	0.94
1304400	0.87
1304600	0.74
1304800	0.55
1305000	0.55
1305200	0.82
1305400	1.22
1305600	1.63
1305800	1.91
1306000	1.98
1306200	1.81
1306400	1.64
1306600	1.52
1306800	1.41
1307000	1.22
1307200	1.00
1307400	0.81
1307600	0.84
1307800	0.99
1308000	0.94
1308200	0.82
1308400	0.83
1308600	0.92
1308800	0.97
1309000	1.03
1309200	1.15
1309400	1.30
1309600	1.30
1309800	1.18
1310000	1.08
1310200	1.12
1310400	1.09
1310600	1.06
1310800	1.14
1311000	1.18
1311200	1.12
1311400	1.00
1311600	0.97
1311800	1.12
1312000	1.33
1312200	1.42
1312400	1.42
1312600	1.57
1312800	1.73
1313000	1.82
1313200	1.89
1313400	1.86
1313600	1.80
1313800	1.83
1314000	1.85
1314200	1.86
1314400	1.74
1314600	1.63
1314800	1.67
1315000	1.69
1315200	1.68
1315400	1.65
1315600	1.52
1315800	1.20
1316000	1.04
1316200	1.06
1316400	1.17
1316600	1.27
1316800	1.29
1317000	1.28
1317200	1.32
1317400	1.40
1317600	1.46
1317800	1.48
1318000	1.50
1318200	1.47
1318400	1.62
1318600	1.71
1318800	1.71
1319000	1.81
1319200	2.06
1319400	2.22
1319600	2.37
1319800	2.53
1320000	2.54
1320200	2.47
1320400	2.29
1320600	2.10
1320800	1.85
1321000	1.53
1321200	1.12
1321400	0.86
1321600	0.98
1321800	1.17
1322000	1.26
1322200	1.31
1322400	1.40
1322600	1.47
1322800	1.51
1323000	1.52
1323200	1.43
1323400	1.55
1323600	1.58
1323800	1.51
1324000	1.45
1324200	1.27
1324400	1.10
1324600	0.89
1324800	0.72
1325000	0.63
1325200	0.57
1325400	0.57
1325600	0.56
1325800	0.63
1326000	0.83
1326200	1.01
1326400	0.91
1326600	0.69
1326800	0.60
1327000	0.62
1327200	0.76
1327400	1.06
1327600	1.28
1327800	1.35
1328000	1.37
1328200	1.33
1328400	1.29
1328600	1.20
1328800	0.98
1329000	0.79
1329200	0.66
1329400	0.66
1329600	0.58
1329800	0.53
1330000	0.52
1330200	0.45
1330400	0.42
1330600	0.40
1330800	0.40
1331000	0.33
1331200	0.17
1331400	0.28
1331600	0.37
1331800	0.32
1332000	0.23
1332200	0.29
1332400	0.35
1332600	0.42
1332800	0.53
1333000	0.67
1333200	0.70
1333400	0.62
1333600	0.44
1333800	0.31
1334000	0.26
1334200	0.32
1334400	0.45
1334600	0.52
1334800	0.52
1335000	0.43
1335200	0.33
1335400	0.28
1335600	0.30
1335800	0.34
1336000	0.41
1336200	0.47
1336400	0.41
1336600	0.41
1336800	0.44
1337000	0.34
1337200	0.29
1337400	0.34
1337600	0.36
1337800	0.36
1338000	0.34
1338200	0.28
1338400	0.26
1338600	0.37
1338800	0.27
1339000	0.22
1339200	0.22
1339400	0.24
1339600	0.22
1339800	0.23
1340000	0.22
1340200	0.24
1340400	0.28
1340600	0.30
1340800	0.31
1341000	0.47
1341200	0.58
1341400	0.64
1341600	0.79
1341800	0.94
1342000	1.25
1342200	1.57
1342400	1.84
1342600	1.95
1342800	2.02
1343000	1.98
1343200	1.75
1343400	1.58
1343600	1.52
1343800	1.44
1344000	1.23
1344200	1.08
1344400	1.07
1344600	1.05
1344800	0.92
1345000	0.81
1345200	0.73
1345400	0.54
1345600	0.28
1345800	0.11
1346000	0.18
1346200	0.40
1346400	0.63
1346600	0.78
1346800	0.87
1347000	1.10
1347200	1.39
1347400	1.52
1347600	1.52
1347800	1.46
1348000	1.43
1348200	1.38
1348400	1.28
1348600	1.23
1348800	1.22
1349000	1.23
1349200	1.22
1349400	1.10
1349600	0.92
1349800	0.84
1350000	0.75
1350200	0.69
1350400	0.56
1350600	0.54
1350800	0.78
1351000	1.13
1351200	1.24
1351400	1.35
1351600	1.30
1351800	1.14
1352000	1.06
1352200	0.99
1352400	0.85
1352600	0.60
1352800	0.47
1353000	0.37
1353200	0.24
1353400	0.06
1353600	0.21
1353800	0.36
1354000	0.45
1354200	0.50
1354400	0.49
1354600	0.57
1354800	0.60
1355000	0.61
1355200	0.63
1355400	0.71
1355600	0.85
1355800	0.94
1356000	1.04
1356200	1.21
1356400	1.28
1356600	1.27
1356800	1.23
1357000	1.14
1357200	0.95
1357400	0.76
1357600	0.71
1357800	0.66
1358000	0.74
1358200	0.74
1358400	0.73
1358600	0.73
1358800	0.72
1359000	0.67
1359200	0.64
1359400	0.63
1359600	0.66
1359800	0.51
1360000	0.35
1360200	0.38
1360400	0.44
1360600	0.43
1360800	0.41
1361000	0.40
1361200	0.41
1361400	0.44
1361600	0.60
1361800	0.83
1362000	1.04
1362200	1.10
1362400	1.14
1362600	1.25
1362800	1.37
1363000	1.35
1363200	1.19
1363400	1.01
1363600	0.77
1363800	0.54
1364000	0.46
1364200	0.44
1364400	0.38
1364600	0.35
1364800	0.51
1365000	0.74
1365200	0.93
1365400	0.96
1365600	1.06
1365800	1.15
1366000	1.17
1366200	1.16
1366400	1.20
1366600	1.28
1366800	1.33
1367000	1.30
1367200	1.20
1367400	1.19
1367600	1.35
1367800	1.68
1368000	1.87
1368200	1.97
1368400	2.01
1368600	2.00
1368800	1.99
1369000	2.16
1369200	2.08
1369400	1.80
1369600	1.44
1369800	1.05
1370000	0.72
1370200	0.58
1370400	0.40
1370600	0.28
1370800	0.30
1371000	0.46
1371200	0.66
1371400	0.84
1371600	0.93
1371800	1.01
1372000	1.13
1372200	1.15
1372400	1.12
1372600	1.07
1372800	1.16
1373000	1.15
1373200	0.99
1373400	0.79
1373600	0.66
1373800	0.58
1374000	0.48
1374200	0.31
1374400	0.15
1374600	0.41
1374800	0.69
1375000	0.94
1375200	0.93
1375400	0.76
1375600	0.64
1375800	0.54
1376000	0.46
1376200	0.52
1376400	0.61
1376600	0.65
1376800	0.64
1377000	0.71
1377200	0.73
1377400	0.73
1377600	0.80
1377800	0.86
1378000	0.89
1378200	0.89
1378400	0.85
1378600	0.86
1378800	0.82
1379000	0.68
1379200	0.62
1379400	0.61
1379600	0.69
1379800	0.82
1380000	0.82
1380200	0.69
1380400	0.57
1380600	0.65
1380800	0.78
1381000	0.90
1381200	0.90
1381400	0.92
1381600	0.93
1381800	0.99
1382000	1.07
1382200	1.14
1382400	1.14
1382600	1.15
1382800	1.18
1383000	1.16
1383200	1.19
1383400	1.22
1383600	1.37
1383800	1.55
1384000	1.59
1384200	1.60
1384400	1.41
1384600	1.16
1384800	1.12
1385000	1.01
1385200	0.75
1385400	0.60
1385600	0.60
1385800	0.70
1386000	0.72
1386200	0.61
1386400	0.44
1386600	0.40
1386800	0.37
1387000	0.35
1387200	0.39
1387400	0.50
1387600	0.68
1387800	0.76
1388000	0.76
1388200	0.73
1388400	0.70
1388600	0.78
1388800	0.98
1389000	1.18
1389200	1.32
1389400	1.43
1389600	1.52
1389800	1.55
1390000	1.61
1390200	1.65
1390400	1.61
1390600	1.56
1390800	1.52
1391000	1.43
1391200	1.27
1391400	1.07
1391600	0.88
1391800	0.82
1392000	0.83
1392200	0.84
1392400	0.84
1392600	0.99
1392800	1.11
1393000	1.16
1393200	1.15
1393400	1.08
1393600	1.03
1393800	1.11
1394000	1.17
1394200	1.20
1394400	1.33
1394600	1.37
1394800	1.37
1395000	1.32
1395200	1.33
1395400	1.43
1395600	1.46
1395800	1.52
1396000	1.63
1396200	1.73
1396400	1.68
1396600	1.60
1396800	1.51
1397000	1.36
1397200	1.17
1397400	1.07
1397600	1.05
1397800	1.10
1398000	1.16
1398200	1.22
1398400	1.22
1398600	1.26
1398800	1.35
1399000	1.46
1399200	1.53
1399400	1.58
1399600	1.64
1399800	1.68
1400000	1.61
1400200	1.58
1400400	1.60
1400600	1.61
1400800	1.49
1401000	1.21
1401200	0.79
1401400	0.39
1401600	0.13
1401800	0.28
1402000	0.54
1402200	0.56
1402400	0.47
1402600	0.58
1402800	0.80
1403000	0.99
1403200	1.16
1403400	1.27
1403600	1.35
1403800	1.30
1404000	1.25
1404200	1.14
1404400	1.08
1404600	1.01
1404800	0.98
1405000	0.94
1405200	0.89
1405400	0.75
1405600	0.63
1405800	0.56
1406000	0.49
1406200	0.44
1406400	0.46
1406600	0.44
1406800	0.37
1407000	0.44
1407200	0.57
1407400	0.56
1407600	0.49
1407800	0.53
1408000	0.59
1408200	0.62
1408400	0.82
1408600	0.98
1408800	0.99
1409000	0.93
1409200	0.81
1409400	0.70
1409600	0.64
1409800	0.61
1410000	0.60
1410200	0.60
1410400	0.58
1410600	0.59
1410800	0.63
1411000	0.66
1411200	0.64
1411400	0.63
1411600	0.56
1411800	0.58
1412000	0.55
1412200	0.54
1412400	0.48
1412600	0.42
1412800	0.31
1413000	0.18
1413200	0.13
1413400	0.22
1413600	0.20
1413800	0.07
1414000	0.26
1414200	0.39
1414400	0.45
1414600	0.64
1414800	0.87
1415000	1.01
1415200	1.20
1415400	1.31
1415600	1.37
1415800	1.38
1416000	1.33
1416200	1.25
1416400	1.18
1416600	1.18
1416800	1.08
1417000	0.87
1417200	0.60
1417400	0.48
1417600	0.61
1417800	0.80
1418000	0.91
1418200	0.90
1418400	0.88
1418600	0.91
1418800	1.00
1419000	1.04
1419200	1.05
1419400	1.06
1419600	1.02
1419800	0.98
1420000	0.98
1420200	0.99
1420400	1.03
1420600	1.02
1420800	0.97
1421000	0.96
1421200	1.02
1421400	1.09
1421600	1.15
1421800	1.18
1422000	1.22
1422200	1.36
1422400	1.56
1422600	1.70
1422800	1.78
1423000	1.76
1423200	1.67
1423400	1.55
1423600	1.49
1423800	1.59
1424000	1.65
1424200	1.69
1424400	1.56
1424600	1.52
1424800	1.45
1425000	1.29
1425200	1.25
1425400	1.30
1425600	1.35
1425800	1.39
1426000	1.42
1426200	1.44
1426400	1.48
1426600	1.52
1426800	1.57
1427000	1.58
1427200	1.67
1427400	1.78
1427600	1.73
1427800	1.65
1428000	1.57
1428200	1.46
1428400	1.24
1428600	1.10
1428800	0.90
1429000	0.73
1429200	0.60
1429400	0.61
1429600	0.70
1429800	0.78
1430000	0.91
1430200	1.01
1430400	0.99
1430600	0.86
1430800	0.78
1431000	0.65
1431200	0.39
1431400	0.19
1431600	0.45
1431800	0.70
1432000	0.80
1432200	0.95
1432400	1.06
1432600	1.07
1432800	1.07
1433000	1.09
1433200	1.11
1433400	1.13
1433600	1.23
1433800	1.23
1434000	1.18
1434200	0.84
1434400	0.51
1434600	0.30
1434800	0.28
1435000	0.46
1435200	0.53
1435400	0.50
1435600	0.48
1435800	0.45
1436000	0.40
1436200	0.30
1436400	0.16
1436600	0.17
1436800	0.49
1437000	0.73
1437200	0.85
1437400	0.86
1437600	0.67
1437800	0.43
1438000	0.29
1438200	0.36
1438400	0.47
1438600	0.49
1438800	0.53
1439000	0.60
1439200	0.63
1439400	0.72
1439600	0.77
1439800	0.84
1440000	0.96
1440200	1.05
1440400	1.18
1440600	1.33
1440800	1.35
1441000	1.24
1441200	0.99
1441400	0.71
1441600	0.41
1441800	0.19
1442000	0.24
1442200	0.33
1442400	0.50
1442600	0.73
1442800	0.95
1443000	1.07
1443200	1.11
1443400	1.10
1443600	1.11
1443800	1.14
1444000	1.11
1444200	1.02
1444400	1.05
1444600	1.13
1444800	1.31
1445000	1.56
1445200	1.81
1445400	2.00
1445600	2.13
1445800	2.19
1446000	2.03
1446200	1.78
1446400	1.58
1446600	1.56
1446800	1.58
1447000	1.55
1447200	1.48
1447400	1.37
1447600	1.26
1447800	1.13
1448000	1.04
1448200	1.00
1448400	0.90
1448600	0.85
1448800	0.85
1449000	0.97
1449200	1.11
1449400	1.25
1449600	1.32
1449800	1.30
1450000	1.27
1450200	1.27
1450400	1.20
1450600	1.11
1450800	1.08
1451000	0.98
1451200	0.86
1451400	0.73
1451600	0.63
1451800	0.53
1452000	0.50
1452200	0.56
1452400	0.63
1452600	0.62
1452800	0.65
1453000	0.71
1453200	0.72
1453400	0.72
1453600	0.70
1453800	0.73
1454000	0.81
1454200	0.82
1454400	0.76
1454600	0.73
1454800	0.77
1455000	0.76
1455200	0.70
1455400	0.71
1455600	0.67
1455800	0.64
1456000	0.60
1456200	0.53
1456400	0.38
1456600	0.24
1456800	0.21
1457000	0.30
1457200	0.37
1457400	0.47
1457600	0.56
1457800	0.61
1458000	0.63
1458200	0.62
1458400	0.61
1458600	0.62
1458800	0.59
1459000	0.53
1459200	0.45
1459400	0.37
1459600	0.37
1459800	0.38
1460000	0.33
1460200	0.24
1460400	0.26
1460600	0.36
1460800	0.55
1461000	0.72
1461200	0.88
1461400	0.99
1461600	1.08
1461800	1.05
1462000	1.00
1462200	0.95
1462400	0.87
1462600	0.85
1462800	0.84
1463000	0.87
1463200	1.13
1463400	1.40
1463600	1.69
1463800	2.04
1464000	2.17
1464200	2.12
1464400	2.07
1464600	2.02
1464800	1.81
1465000	1.51
1465200	1.28
1465400	1.05
1465600	0.98
1465800	1.04
1466000	1.15
1466200	1.23
1466400	1.12
1466600	1.02
1466800	0.97
1467000	0.93
1467200	0.94
1467400	0.91
1467600	0.83
1467800	0.75
1468000	0.60
1468200	0.31
1468400	0.33
1468600	0.98
1468800	1.41
1469000	1.58
1469200	1.63
1469400	1.71
1469600	1.76
1469800	1.78
1470000	1.64
1470200	1.47
1470400	1.28
1470600	1.11
1470800	0.93
1471000	0.71
1471200	0.51
1471400	0.31
1471600	0.42
1471800	0.57
1472000	0.63
1472200	0.88
1472400	1.02
1472600	1.19
1472800	1.37
1473000	1.44
1473200	1.59
1473400	1.74
1473600	1.73
1473800	1.68
1474000	1.64
1474200	1.57
1474400	1.46
1474600	1.47
1474800	1.58
1475000	1.65
1475200	1.64
1475400	1.60
1475600	1.53
1475800	1.45
1476000	1.49
1476200	1.49
1476400	1.41
1476600	1.35
1476800	1.50
1477000	1.56
1477200	1.64
1477400	1.59
1477600	1.38
1477800	1.30
1478000	1.20
1478200	1.27
1478400	1.43
1478600	1.59
1478800	1.72
1479000	1.78
1479200	1.71
1479400	1.54
1479600	1.37
1479800	1.27
1480000	1.13
1480200	1.12
1480400	1.19
1480600	1.06
1480800	0.82
1481000	0.64
1481200	0.55
1481400	0.48
1481600	0.45
1481800	0.40
1482000	0.36
1482200	0.31
1482400	0.36
1482600	0.35
1482800	0.37
1483000	0.55
1483200	0.64
1483400	0.56
1483600	0.31
1483800	0.20
1484000	0.35
1484200	0.46
1484400	0.48
1484600	0.47
1484800	0.47
1485000	0.44
1485200	0.46
1485400	0.50
1485600	0.50
1485800	0.50
1486000	0.45
1486200	0.45
1486400	0.49
1486600	0.70
1486800	1.16
1487000	1.61
1487200	1.85
1487400	1.89
1487600	1.85
1487800	1.75
1488000	1.48
1488200	1.40
1488400	1.42
1488600	1.45
1488800	1.56
1489000	1.57
1489200	1.53
1489400	1.52
1489600	1.42
1489800	1.29
1490000	1.27
1490200	1.23
1490400	1.20
1490600	1.05
1490800	0.82
1491000	0.61
1491200	0.57
1491400	0.64
1491600	0.78
1491800	1.13
1492000	1.54
1492200	1.78
1492400	1.91
1492600	1.93
1492800	1.88
1493000	1.76
1493200	1.62
1493400	1.52
1493600	1.46
1493800	1.39
1494000	1.20
1494200	0.99
1494400	0.71
1494600	0.49
1494800	0.32
1495000	0.20
1495200	0.15
1495400	0.17
1495600	0.23
1495800	0.25
1496000	0.29
1496200	0.35
1496400	0.31
1496600	0.53
1496800	0.92
1497000	1.21
1497200	1.38
1497400	1.40
1497600	1.38
1497800	1.29
1498000	0.91
1498200	0.48
1498400	0.30
1498600	0.60
1498800	1.19
1499000	1.61
1499200	1.72
1499400	1.73
1499600	1.76
1499800	1.87
1500000	1.87
1500200	1.77
1500400	1.66
1500600	1.41
1500800	1.27
1501000	1.22
1501200	1.17
1501400	1.14
1501600	1.13
1501800	1.04
1502000	0.89
1502200	0.66
1502400	0.42
1502600	0.40
1502800	0.44
1503000	0.46
1503200	0.51
1503400	0.44
1503600	0.40
1503800	0.53
1504000	0.63
1504200	0.73
1504400	0.92
1504600	0.96
1504800	0.87
1505000	0.73
1505200	0.62
1505400	0.60
1505600	0.69
1505800	0.90
1506000	0.98
1506200	0.93
1506400	0.91
1506600	0.72
1506800	0.64
1507000	0.61
1507200	0.51
1507400	0.42
1507600	0.43
1507800	0.56
1508000	0.61
1508200	0.76
1508400	0.81
1508600	0.79
1508800	0.74
1509000	0.66
1509200	0.57
1509400	0.48
1509600	0.33
1509800	0.37
1510000	0.53
1510200	0.70
1510400	0.88
1510600	1.08
1510800	1.30
1511000	1.53
1511200	1.69
1511400	1.77
1511600	1.69
1511800	1.55
1512000	1.43
1512200	1.28
1512400	1.13
1512600	1.01
1512800	0.89
1513000	0.72
1513200	0.52
1513400	0.45
1513600	0.43
1513800	0.40
1514000	0.40
1514200	0.39
1514400	0.40
1514600	0.41
1514800	0.58
1515000	0.67
1515200	0.75
1515400	0.88
1515600	1.06
1515800	1.24
1516000	1.38
1516200	1.43
1516400	1.59
1516600	1.65
1516800	1.67
1517000	1.66
1517200	1.45
1517400	1.30
1517600	1.24
1517800	1.08
1518000	0.92
1518200	0.75
1518400	0.51
1518600	0.47
1518800	0.56
1519000	0.68
1519200	0.75
1519400	0.87
1519600	1.07
1519800	1.21
1520000	1.30
1520200	1.23
1520400	1.11
1520600	0.89
1520800	0.79
1521000	0.74
1521200	0.69
1521400	0.66
1521600	0.68
1521800	0.74
1522000	0.75
1522200	0.78
1522400	0.76
1522600	0.60
1522800	0.52
1523000	0.51
1523200	0.36
1523400	0.19
1523600	0.17
1523800	0.30
1524000	0.47
1524200	0.72
1524400	1.12
1524600	1.53
1524800	1.59
1525000	1.55
1525200	1.48
1525400	1.40
1525600	1.22
1525800	1.01
1526000	0.78
1526200	0.58
1526400	0.43
1526600	0.35
1526800	0.35
1527000	0.31
1527200	0.27
1527400	0.23
1527600	0.35
1527800	0.51
1528000	0.68
1528200	0.87
1528400	1.07
1528600	1.16
1528800	1.16
1529000	1.14
1529200	1.03
1529400	0.92
1529600	0.81
1529800	0.79
1530000	0.76
1530200	0.68
1530400	0.79
1530600	0.90
1530800	0.87
1531000	0.75
1531200	0.62
1531400	0.55
1531600	0.56
1531800	0.50
1532000	0.37
1532200	0.37
1532400	0.36
1532600	0.36
1532800	0.39
1533000	0.53
1533200	0.69
1533400	0.82
1533600	0.88
1533800	0.84
1534000	0.83
1534200	0.84
1534400	0.77
1534600	0.70
1534800	0.72
1535000	0.81
1535200	0.98
1535400	1.22
1535600	1.33
1535800	1.24
1536000	1.21
1536200	1.16
1536400	1.17
1536600	1.15
1536800	1.08
1537000	1.15
1537200	1.25
1537400	1.26
1537600	1.23
1537800	1.20
1538000	1.23
1538200	1.20
1538400	1.01
1538600	0.83
1538800	0.63
1539000	0.34
1539200	0.16
1539400	0.15
1539600	0.10
1539800	0.20
1540000	0.75
1540200	1.27
1540400	1.66
1540600	2.11
1540800	2.52
1541000	2.93
1541200	3.21
1541400	3.19
1541600	3.20
1541800	3.10
1542000	3.02
1542200	2.76
1542400	2.58
1542600	2.20
1542800	1.64
1543000	1.31
1543200	1.03
1543400	0.88
1543600	0.81
1543800	0.88
1544000	0.85
1544200	0.82
1544400	0.82
1544600	0.84
1544800	0.85
1545000	1.01
1545200	1.18
1545400	1.36
1545600	1.47
1545800	1.59
1546000	1.70
1546200	1.77
1546400	1.77
1546600	1.74
1546800	1.71
1547000	1.67
1547200	1.58
1547400	1.34
1547600	1.16
1547800	0.94
1548000	0.79
1548200	0.79
1548400	0.87
1548600	0.90
1548800	0.80
1549000	0.93
1549200	1.00
1549400	1.06
1549600	1.07
1549800	0.93
1550000	0.90
1550200	0.98
1550400	1.04
1550600	1.05
1550800	1.06
1551000	1.07
1551200	1.05
1551400	1.09
1551600	1.15
1551800	1.16
1552000	1.26
1552200	1.55
1552400	1.89
1552600	2.10
1552800	2.07
1553000	2.05
1553200	2.08
1553400	2.04
1553600	1.93
1553800	1.81
1554000	1.76
1554200	1.56
1554400	1.27
1554600	1.10
1554800	0.89
1555000	0.65
1555200	0.52
1555400	0.50
1555600	0.35
1555800	0.25
1556000	0.47
1556200	0.75
1556400	0.84
1556600	0.90
1556800	0.87
1557000	0.76
1557200	0.79
1557400	0.80
1557600	0.73
1557800	0.69
1558000	0.53
1558200	0.34
1558400	0.17
1558600	0.12
1558800	0.12
1559000	0.18
1559200	0.20
1559400	0.19
1559600	0.25
1559800	0.35
1560000	0.41
1560200	0.34
1560400	0.45
1560600	0.63
1560800	0.75
1561000	0.87
1561200	1.09
1561400	1.28
1561600	1.40
1561800	1.41
1562000	1.27
1562200	1.09
1562400	1.01
1562600	1.03
1562800	1.12
1563000	1.09
1563200	1.01
1563400	0.92
1563600	0.70
1563800	0.57
1564000	0.44
1564200	0.38
1564400	0.17
1564600	0.07
1564800	0.13
1565000	0.19
1565200	0.32
1565400	0.34
1565600	0.35
1565800	0.28
1566000	0.36
1566200	0.57
1566400	0.67
1566600	0.66
1566800	0.72
1567000	0.67
1567200	0.64
1567400	0.58
1567600	0.74
1567800	0.99
1568000	1.10
1568200	1.09
1568400	0.94
1568600	0.83
1568800	0.73
1569000	0.67
1569200	0.71
1569400	0.90
1569600	0.89
1569800	0.82
1570000	0.76
1570200	0.67
1570400	0.59
1570600	0.40
1570800	0.34
1571000	0.31
1571200	0.25
1571400	0.27
1571600	0.37
1571800	0.44
1572000	0.34
1572200	0.14
1572400	0.14
1572600	0.38
1572800	0.39
1573000	0.29
1573200	0.17
1573400	0.03
1573600	0.12
1573800	0.19
1574000	0.22
1574200	0.11
1574400	0.28
1574600	0.43
1574800	0.56
1575000	0.69
1575200	0.84
1575400	0.89
1575600	0.83
1575800	0.74
1576000	0.60
1576200	0.44
1576400	0.39
1576600	0.44
1576800	0.56
1577000	0.72
1577200	0.67
1577400	0.48
1577600	0.34
1577800	0.42
1578000	0.56
1578200	0.70
1578400	0.77
1578600	0.75
1578800	0.64
1579000	0.48
1579200	0.37
1579400	0.30
1579600	0.25
1579800	0.25
1580000	0.35
1580200	0.64
1580400	0.66
1580600	0.76
1580800	0.76
1581000	0.68
1581200	0.62
1581400	0.57
1581600	0.42
1581800	0.10
1582000	0.40
1582200	0.73
1582400	0.91
1582600	1.02
1582800	1.20
1583000	1.32
1583200	1.37
1583400	1.40
1583600	1.40
1583800	1.35
1584000	1.14
1584200	0.77
1584400	0.37
1584600	0.25
1584800	0.31
1585000	0.31
1585200	0.37
1585400	0.57
1585600	0.76
1585800	0.93
1586000	1.08
1586200	1.26
1586400	1.27
1586600	1.09
1586800	1.00
1587000	0.86
1587200	0.84
1587400	1.05
1587600	1.20
1587800	1.23
1588000	1.26
1588200	1.27
1588400	1.34
1588600	1.39
1588800	1.42
1589000	1.48
1589200	1.58
1589400	1.57
1589600	1.26
1589800	0.91
1590000	0.76
1590200	0.66
1590400	0.72
1590600	0.88
1590800	0.99
1591000	1.06
1591200	1.05
1591400	1.00
1591600	1.19
1591800	1.43
1592000	1.56
1592200	1.56
1592400	1.54
1592600	1.46
1592800	1.25
1593000	1.03
1593200	0.80
1593400	0.63
1593600	0.51
1593800	0.56
1594000	0.74
1594200	0.81
1594400	0.72
1594600	0.66
1594800	0.72
1595000	0.79
1595200	0.84
1595400	0.83
1595600	0.80
1595800	0.77
1596000	0.58
1596200	0.65
1596400	0.79
1596600	0.88
1596800	1.00
1597000	1.07
1597200	1.13
1597400	1.16
1597600	1.22
1597800	1.31
1598000	1.39
1598200	1.43
1598400	1.45
1598600	1.44
1598800	1.24
1599000	1.02
1599200	0.82
1599400	0.54
1599600	0.25
1599800	0.09
1600000	0.28
1600200	0.46
1600400	0.65
1600600	1.04
1600800	1.29
1601000	1.33
1601200	1.13
1601400	0.94
1601600	0.72
1601800	0.57
1602000	0.47
1602200	0.43
1602400	0.43
1602600	0.66
1602800	0.97
1603000	1.05
1603200	0.96
1603400	0.90
1603600	0.96
1603800	1.09
1604000	1.26
1604200	1.37
1604400	1.39
1604600	1.48
1604800	1.56
1605000	1.51
1605200	1.46
1605400	1.46
1605600	1.46
1605800	1.35
1606000	1.13
1606200	1.09
1606400	1.23
1606600	1.34
1606800	1.39
1607000	1.22
1607200	0.89
1607400	0.50
1607600	0.18
1607800	0.44
1608000	0.68
1608200	0.93
1608400	1.30
1608600	1.69
1608800	1.94
1609000	2.12
1609200	2.16
1609400	2.02
1609600	1.83
1609800	1.72
1610000	1.66
1610200	1.46
1610400	1.30
1610600	1.28
1610800	1.23
1611000	1.14
1611200	0.94
1611400	0.74
1611600	0.51
1611800	0.36
1612000	0.33
1612200	0.40
1612400	0.50
1612600	0.49
1612800	0.58
1613000	0.67
1613200	0.70
1613400	0.61
1613600	0.40
1613800	0.26
1614000	0.30
1614200	0.30
1614400	0.29
1614600	0.44
1614800	0.56
1615000	0.69
1615200	0.77
1615400	0.79
1615600	0.79
1615800	0.71
1616000	0.41
1616200	0.17
1616400	0.07
1616600	0.11
1616800	0.29
1617000	0.32
1617200	0.32
1617400	0.41
1617600	0.60
1617800	0.79
1618000	1.07
1618200	1.28
1618400	1.39
1618600	1.40
1618800	1.36
1619000	1.35
1619200	1.29
1619400	1.12
1619600	0.94
1619800	0.72
1620000	0.54
1620200	0.41
1620400	0.46
1620600	0.59
1620800	0.75
1621000	0.85
1621200	0.88
1621400	0.79
1621600	0.77
1621800	0.74
1622000	0.58
1622200	0.40
1622400	0.19
1622600	0.03
1622800	0.03
1623000	0.11
1623200	0.24
1623400	0.51
1623600	0.61
1623800	0.39
1624000	0.12
1624200	0.13
1624400	0.27
1624600	0.37
1624800	0.36
1625000	0.37
1625200	0.37
1625400	0.29
1625600	0.17
1625800	0.16
1626000	0.23
1626200	0.45
1626400	0.71
1626600	0.85
1626800	0.86
1627000	0.99
1627200	1.21
1627400	1.32
1627600	1.33
1627800	1.38
1628000	1.43
1628200	1.45
1628400	1.43
1628600	1.34
1628800	1.26
1629000	1.16
1629200	1.17
1629400	1.23
1629600	1.29
1629800	1.39
1630000	1.37
1630200	1.31
1630400	1.30
1630600	1.28
1630800	1.26
1631000	1.25
1631200	1.19
1631400	1.06
1631600	1.08
1631800	1.03
1632000	0.92
1632200	0.77
1632400	0.48
1632600	0.25
1632800	0.17
1633000	0.35
1633200	0.52
1633400	0.44
1633600	0.49
1633800	0.69
1634000	0.98
1634200	1.10
1634400	1.16
1634600	1.23
1634800	1.22
1635000	1.12
1635200	0.95
1635400	0.68
1635600	0.44
1635800	0.22
1636000	0.08
1636200	0.17
1636400	0.27
1636600	0.35
1636800	0.42
1637000	0.53
1637200	0.63
1637400	0.65
1637600	0.67
1637800	0.61
1638000	0.54
1638200	0.43
1638400	0.33
1638600	0.17
1638800	0.13
1639000	0.23
1639200	0.35
1639400	0.42
1639600	0.42
1639800	0.38
1640000	0.37
1640200	0.39
1640400	0.34
1640600	0.27
1640800	0.20
1641000	0.13
1641200	0.10
1641400	0.04
1641600	0.18
1641800	0.42
1642000	0.65
1642200	0.83
1642400	0.94
1642600	0.93
1642800	0.92
1643000	0.84
1643200	0.78
1643400	0.73
1643600	0.70
1643800	0.62
1644000	0.53
1644200	0.47
1644400	0.44
1644600	0.41
1644800	0.40
1645000	0.44
1645200	0.44
1645400	0.34
1645600	0.28
1645800	0.20
1646000	0.19
1646200	0.15
1646400	0.13
1646600	0.44
1646800	0.67
1647000	0.84
1647200	1.00
1647400	1.11
1647600	1.14
1647800	1.12
1648000	0.99
1648200	0.88
1648400	0.77
1648600	0.66
1648800	0.43
1649000	0.27
1649200	0.25
1649400	0.28
1649600	0.30
1649800	0.36
1650000	0.45
1650200	0.56
1650400	0.61
1650600	0.69
1650800	0.80
1651000	0.95
1651200	1.04
1651400	1.07
1651600	1.04
1651800	1.00
1652000	0.93
1652200	0.88
1652400	0.90
1652600	0.91
1652800	0.90
1653000	0.95
1653200	1.04
1653400	1.15
1653600	1.31
1653800	1.38
1654000	1.44
1654200	1.39
1654400	1.33
1654600	1.26
1654800	1.19
1655000	1.04
1655200	0.89
1655400	0.76
1655600	0.72
1655800	0.66
1656000	0.60
1656200	0.55
1656400	0.45
1656600	0.32
1656800	0.21
1657000	0.27
1657200	0.35
1657400	0.48
1657600	0.63
1657800	0.72
1658000	0.77
1658200	0.78
1658400	0.73
1658600	0.67
1658800	0.66
1659000	0.64
1659200	0.53
1659400	0.42
1659600	0.38
1659800	0.27
1660000	0.24
1660200	0.24
1660400	0.31
1660600	0.49
1660800	0.63
1661000	0.73
1661200	0.88
1661400	1.04
1661600	1.10
1661800	1.10
1662000	1.04
1662200	0.96
1662400	0.82
1662600	0.71
1662800	0.63
1663000	0.45
1663200	0.28
1663400	0.18
1663600	0.18
1663800	0.15
1664000	0.11
1664200	0.11
1664400	0.10
1664600	0.22
1664800	0.41
1665000	0.58
1665200	0.63
1665400	0.64
1665600	0.68
1665800	0.68
1666000	0.63
1666200	0.60
1666400	0.59
1666600	0.46
1666800	0.32
1667000	0.30
1667200	0.27
1667400	0.33
1667600	0.39
1667800	0.45
1668000	0.51
1668200	0.51
1668400	0.42
1668600	0.42
1668800	0.46
1669000	0.51
1669200	0.60
1669400	0.67
1669600	0.78
1669800	0.84
1670000	0.82
1670200	0.76
1670400	0.71
1670600	0.65
1670800	0.55
1671000	0.57
1671200	0.60
1671400	0.62
1671600	0.61
1671800	0.69
1672000	0.84
1672200	1.00
1672400	1.21
1672600	1.33
1672800	1.29
1673000	1.26
1673200	1.20
1673400	1.15
1673600	1.09
1673800	1.02
1674000	1.00
1674200	1.04
1674400	1.06
1674600	1.01
1674800	0.95
1675000	0.82
1675200	0.66
1675400	0.41
1675600	0.20
1675800	0.16
1676000	0.28
1676200	0.32
1676400	0.30
1676600	0.30
1676800	0.41
1677000	0.55
1677200	0.68
1677400	0.82
1677600	0.91
1677800	1.01
1678000	1.08
1678200	1.12
1678400	1.09
1678600	0.97
1678800	0.88
1679000	0.69
1679200	0.40
1679400	0.19
1679600	0.10
1679800	0.38
1680000	0.64
1680200	0.77
1680400	0.77
1680600	0.83
1680800	0.84
1681000	0.87
1681200	0.97
1681400	1.06
1681600	1.07
1681800	1.05
1682000	0.98
1682200	0.81
1682400	0.73
1682600	0.69
1682800	0.65
1683000	0.64
1683200	0.62
1683400	0.56
1683600	0.60
1683800	0.64
1684000	0.62
1684200	0.58
1684400	0.51
1684600	0.47
1684800	0.59
1685000	0.81
1685200	1.07
1685400	1.25
1685600	1.32
1685800	1.25
1686000	1.11
1686200	0.96
1686400	0.78
1686600	0.60
1686800	0.48
1687000	0.48
1687200	0.60
1687400	0.72
1687600	0.74
1687800	0.80
1688000	0.82
1688200	0.80
1688400	0.68
1688600	0.60
1688800	0.52
1689000	0.39
1689200	0.34
1689400	0.41
1689600	0.46
1689800	0.49
1690000	0.54
1690200	0.55
1690400	0.58
1690600	0.56
1690800	0.51
1691000	0.41
1691200	0.32
1691400	0.33
1691600	0.36
1691800	0.39
1692000	0.50
1692200	0.58
1692400	0.53
1692600	0.43
1692800	0.33
1693000	0.27
1693200	0.20
1693400	0.14
1693600	0.09
1693800	0.15
1694000	0.28
1694200	0.40
1694400	0.51
1694600	0.56
1694800	0.63
1695000	0.73
1695200	0.78
1695400	0.85
1695600	0.96
1695800	1.10
1696000	1.18
1696200	1.26
1696400	1.31
1696600	1.27
1696800	1.25
1697000	1.20
1697200	1.12
1697400	1.01
1697600	0.91
1697800	0.77
1698000	0.68
1698200	0.64
1698400	0.59
1698600	0.58
1698800	0.48
1699000	0.35
1699200	0.30
1699400	0.29
1699600	0.31
1699800	0.33
1700000	0.34
1700200	0.37
1700400	0.38
1700600	0.41
1700800	0.45
1701000	0.49
1701200	0.47
1701400	0.48
1701600	0.51
1701800	0.57
1702000	0.57
1702200	0.49
1702400	0.36
1702600	0.22
1702800	0.09
1703000	0.14
1703200	0.24
1703400	0.27
1703600	0.30
1703800	0.31
1704000	0.30
1704200	0.36
1704400	0.57
1704600	0.71
1704800	0.74
1705000	0.73
1705200	0.71
1705400	0.73
1705600	0.84
1705800	0.89
1706000	0.94
1706200	1.00
1706400	0.97
1706600	0.85
1706800	0.73
1707000	0.61
1707200	0.57
1707400	0.56
1707600	0.50
1707800	0.44
1708000	0.45
1708200	0.45
1708400	0.40
1708600	0.36
1708800	0.33
1709000	0.31
1709200	0.33
1709400	0.43
1709600	0.54
1709800	0.63
1710000	0.68
1710200	0.81
1710400	0.92
1710600	1.01
1710800	0.88
1711000	0.74
1711200	0.65
1711400	0.60
1711600	0.55
1711800	0.49
1712000	0.36
1712200	0.28
1712400	0.23
1712600	0.23
1712800	0.30
1713000	0.37
1713200	0.42
1713400	0.44
1713600	0.39
1713800	0.30
1714000	0.16
1714200	0.10
1714400	0.08
1714600	0.16
1714800	0.37
1715000	0.60
1715200	0.76
1715400	0.83
1715600	0.77
1715800	0.67
1716000	0.51
1716200	0.38
1716400	0.27
1716600	0.19
1716800	0.19
1717000	0.31
1717200	0.49
1717400	0.67
1717600	0.78
1717800	0.87
1718000	0.95
1718200	1.03
1718400	1.19
1718600	1.45
1718800	1.68
1719000	1.73
1719200	1.68
1719400	1.50
1719600	1.33
1719800	1.14
1720000	1.02
1720200	0.91
1720400	0.91
1720600	0.96
1720800	1.16
1721000	1.32
1721200	1.33
1721400	1.19
1721600	0.97
1721800	0.77
1722000	0.56
1722200	0.32
1722400	0.10
1722600	0.33
1722800	0.66
1723000	0.80
1723200	0.93
1723400	0.91
1723600	0.83
1723800	0.82
1724000	0.70
1724200	0.55
1724400	0.57
1724600	0.64
1724800	0.61
1725000	0.62
1725200	0.59
1725400	0.55
1725600	0.41
1725800	0.26
1726000	0.41
1726200	0.53
1726400	0.53
1726600	0.49
1726800	0.52
1727000	0.60
1727200	0.57
1727400	0.54
1727600	0.62
1727800	0.73
1728000	0.84
1728200	0.86
1728400	0.77
1728600	0.76
1728800	0.67
1729000	0.49
1729200	0.36
1729400	0.27
1729600	0.21
1729800	0.21
1730000	0.28
1730200	0.36
1730400	0.35
1730600	0.32
1730800	0.32
1731000	0.36
1731200	0.45
1731400	0.47
1731600	0.34
1731800	0.24
1732000	0.20
1732200	0.21
1732400	0.21
1732600	0.20
1732800	0.21
1733000	0.22
1733200	0.28
1733400	0.46
1733600	0.57
1733800	0.70
1734000	0.74
1734200	0.74
1734400	0.71
1734600	0.58
1734800	0.52
1735000	0.41
1735200	0.35
1735400	0.37
1735600	0.43
1735800	0.46
1736000	0.53
1736200	0.62
1736400	0.53
1736600	0.40
1736800	0.37
1737000	0.34
1737200	0.38
1737400	0.38
1737600	0.39
1737800	0.34
1738000	0.33
1738200	0.37
1738400	0.47
1738600	0.46
1738800	0.36
1739000	0.18
1739200	0.07
1739400	0.12
1739600	0.19
1739800	0.23
1740000	0.28
1740200	0.17
1740400	0.15
1740600	0.15
1740800	0.20
1741000	0.32
1741200	0.40
1741400	0.44
1741600	0.48
1741800	0.53
1742000	0.54
1742200	0.44
1742400	0.34
1742600	0.48
1742800	0.67
1743000	0.84
1743200	1.06
1743400	1.19
1743600	1.12
1743800	1.04
1744000	0.95
1744200	0.82
1744400	0.77
1744600	0.77
1744800	0.80
1745000	0.80
1745200	0.69
1745400	0.60
1745600	0.45
1745800	0.34
1746000	0.29
1746200	0.27
1746400	0.19
1746600	0.06
1746800	0.16
1747000	0.28
1747200	0.35
1747400	0.38
1747600	0.52
1747800	0.65
1748000	0.67
1748200	0.56
1748400	0.42
1748600	0.29
1748800	0.28
1749000	0.38
1749200	0.50
1749400	0.54
1749600	0.60
1749800	0.63
1750000	0.64
1750200	0.59
1750400	0.38
1750600	0.22
1750800	0.20
1751000	0.32
1751200	0.52
1751400	0.76
1751600	0.95
1751800	1.11
1752000	1.24
1752200	1.35
1752400	1.49
1752600	1.55
1752800	1.50
1753000	1.36
1753200	1.14
1753400	0.94
1753600	0.80
1753800	0.71
1754000	0.66
1754200	0.62
1754400	0.60
1754600	0.56
1754800	0.51
1755000	0.49
1755200	0.58
1755400	0.65
1755600	0.67
1755800	0.60
1756000	0.54
1756200	0.47
1756400	0.45
1756600	0.48
1756800	0.56
1757000	0.66
1757200	0.71
1757400	0.80
1757600	0.90
1757800	1.03
1758000	1.12
1758200	1.04
1758400	0.89
1758600	0.79
1758800	0.66
1759000	0.53
1759200	0.44
1759400	0.38
1759600	0.35
1759800	0.41
1760000	0.48
1760200	0.52
1760400	0.55
1760600	0.63
1760800	0.69
1761000	0.65
1761200	0.61
1761400	0.63
1761600	0.67
1761800	0.72
1762000	0.74
1762200	0.70
1762400	0.69
1762600	0.74
1762800	0.82
1763000	0.85
1763200	0.88
1763400	0.88
1763600	0.83
1763800	0.77
1764000	0.74
1764200	0.75
1764400	0.74
1764600	0.76
1764800	0.80
1765000	0.81
1765200	0.75
1765400	0.68
1765600	0.59
1765800	0.52
1766000	0.47
1766200	0.42
1766400	0.35
1766600	0.29
1766800	0.35
1767000	0.53
1767200	0.64
1767400	0.74
1767600	0.72
1767800	0.64
1768000	0.63
1768200	0.70
1768400	0.79
1768600	0.86
1768800	0.93
1769000	0.90
1769200	0.83
1769400	0.79
1769600	0.76
1769800	0.79
1770000	0.82
1770200	0.84
1770400	0.90
1770600	1.02
1770800	1.16
1771000	1.26
1771200	1.31
1771400	1.27
1771600	1.19
1771800	1.09
1772000	1.04
1772200	1.01
1772400	0.99
1772600	0.90
1772800	0.72
1773000	0.67
1773200	0.63
1773400	0.57
1773600	0.54
1773800	0.53
1774000	0.66
1774200	0.73
1774400	0.73
1774600	0.75
1774800	0.60
1775000	0.40
1775200	0.27
1775400	0.20
1775600	0.30
1775800	0.43
1776000	0.55
1776200	0.55
1776400	0.46
1776600	0.36
1776800	0.30
1777000	0.32
1777200	0.33
1777400	0.31
1777600	0.32
1777800	0.42
1778000	0.56
1778200	0.62
1778400	0.66
1778600	0.72
1778800	0.67
1779000	0.59
1779200	0.55
1779400	0.52
1779600	0.50
1779800	0.50
1780000	0.58
1780200	0.61
1780400	0.61
1780600	0.60
1780800	0.60
1781000	0.66
1781200	0.74
1781400	0.75
1781600	0.70
1781800	0.66
1782000	0.55
1782200	0.40
1782400	0.26
1782600	0.16
1782800	0.25
1783000	0.44
1783200	0.61
1783400	0.73
1783600	0.79
1783800	0.80
1784000	0.81
1784200	0.69
1784400	0.51
1784600	0.35
1784800	0.22
1785000	0.20
1785200	0.37
1785400	0.49
1785600	0.56
1785800	0.63
1786000	0.63
1786200	0.57
1786400	0.50
1786600	0.51
1786800	0.47
1787000	0.36
1787200	0.24
1787400	0.14
1787600	0.08
1787800	0.04
1788000	0.05
1788200	0.11
1788400	0.16
1788600	0.30
1788800	0.42
1789000	0.42
1789200	0.37
1789400	0.30
1789600	0.16
1789800	0.09
1790000	0.40
1790200	0.74
1790400	0.91
1790600	1.07
1790800	1.12
1791000	1.19
1791200	1.23
1791400	1.17
1791600	1.06
1791800	0.95
1792000	0.82
1792200	0.67
1792400	0.56
1792600	0.47
1792800	0.33
1793000	0.16
1793200	0.08
1793400	0.29
1793600	0.41
1793800	0.51
1794000	0.53
1794200	0.60
1794400	0.83
1794600	0.98
1794800	1.05
1795000	1.04
1795200	1.08
1795400	1.02
1795600	1.01
1795800	0.95
1796000	0.83
1796200	0.78
1796400	0.73
1796600	0.80
1796800	1.03
1797000	1.26
1797200	1.38
1797400	1.48
1797600	1.62
1797800	1.81
1798000	1.98
1798200	2.03
1798400	2.03
1798600	1.97
1798800	1.95
1799000	1.88
1799200	1.79
1799400	1.76
1799600	1.68
1799800	1.60
1800000	1.52
1800200	1.52
1800400	1.51
1800600	1.46
1800800	1.38
1801000	1.26
1801200	1.09
1801400	0.87
1801600	0.61
1801800	0.39
1802000	0.19
1802200	0.36
1802400	0.52
1802600	0.61
1802800	0.71
1803000	0.77
1803200	0.80
1803400	0.81
1803600	0.77
1803800	0.82
1804000	0.93
1804200	1.09
1804400	1.21
1804600	1.24
1804800	1.16
1805000	1.03
1805200	0.92
1805400	0.84
1805600	0.77
1805800	0.85
1806000	0.87
1806200	0.79
1806400	0.80
1806600	0.80
1806800	0.83
1807000	0.84
1807200	0.85
1807400	0.85
1807600	0.85
1807800	0.81
1808000	0.66
1808200	0.57
1808400	0.55
1808600	0.53
1808800	0.53
1809000	0.53
1809200	0.53
1809400	0.50
1809600	0.49
1809800	0.49
1810000	0.54
1810200	0.56
1810400	0.57
1810600	0.48
1810800	0.41
1811000	0.33
1811200	0.24
1811400	0.21
1811600	0.36
1811800	0.52
1812000	0.66
1812200	0.72
1812400	0.62
1812600	0.51
1812800	0.44
1813000	0.43
1813200	0.39
1813400	0.39
1813600	0.34
1813800	0.30
1814000	0.27
1814200	0.35
1814400	0.46
1814600	0.52
1814800	0.53
1815000	0.58
1815200	0.49
1815400	0.32
1815600	0.21
1815800	0.21
1816000	0.27
1816200	0.34
1816400	0.29
1816600	0.24
1816800	0.17
1817000	0.13
1817200	0.12
1817400	0.08
1817600	0.09
1817800	0.13
1818000	0.09
1818200	0.04
1818400	0.10
1818600	0.28
1818800	0.49
1819000	0.72
1819200	0.96
1819400	1.15
1819600	1.23
1819800	1.23
1820000	1.23
1820200	1.22
1820400	1.21
1820600	1.22
1820800	1.16
1821000	1.10
1821200	0.97
1821400	0.81
1821600	0.67
1821800	0.65
1822000	0.60
1822200	0.50
1822400	0.43
1822600	0.38
1822800	0.48
1823000	0.50
1823200	0.55
1823400	0.61
1823600	0.76
1823800	0.93
1824000	1.10
1824200	1.27
1824400	1.42
1824600	1.44
1824800	1.35
1825000	1.19
1825200	1.04
1825400	0.94
1825600	0.85
1825800	0.76
1826000	0.73
1826200	0.67
1826400	0.61
1826600	0.61
1826800	0.60
1827000	0.65
1827200	0.72
1827400	0.78
1827600	0.80
1827800	0.76
1828000	0.73
1828200	0.76
1828400	0.85
1828600	0.89
1828800	0.90
1829000	0.90
1829200	0.83
1829400	0.76
1829600	0.63
1829800	0.54
1830000	0.48
1830200	0.38
1830400	0.26
1830600	0.18
1830800	0.11
1831000	0.22
1831200	0.38
1831400	0.45
1831600	0.47
1831800	0.43
1832000	0.34
1832200	0.31
1832400	0.33
1832600	0.43
1832800	0.49
1833000	0.39
1833200	0.24
1833400	0.11
1833600	0.17
1833800	0.32
1834000	0.44
1834200	0.49
1834400	0.52
1834600	0.54
1834800	0.55
1835000	0.58
1835200	0.60
1835400	0.61
1835600	0.56
1835800	0.54
1836000	0.53
1836200	0.60
1836400	0.64
1836600	0.67
1836800	0.68
1837000	0.73
1837200	0.71
1837400	0.70
1837600	0.77
1837800	0.76
1838000	0.71
1838200	0.75
1838400	0.85
1838600	0.92
1838800	0.96
1839000	0.92
1839200	0.85
1839400	0.85
1839600	0.84
1839800	0.85
1840000	0.85
1840200	0.80
1840400	0.73
1840600	0.67
1840800	0.61
1841000	0.59
1841200	0.57
1841400	0.51
1841600	0.45
1841800	0.43
1842000	0.41
1842200	0.43
1842400	0.53
1842600	0.61
1842800	0.63
1843000	0.71
1843200	0.82
1843400	0.83
1843600	0.79
1843800	0.72
1844000	0.66
1844200	0.63
1844400	0.66
1844600	0.73
1844800	0.75
1845000	0.68
1845200	0.66
1845400	0.59
1845600	0.59
1845800	0.67
1846000	0.81
1846200	0.88
1846400	0.96
1846600	1.02
1846800	0.96
1847000	0.91
1847200	0.82
1847400	0.77
1847600	0.74
1847800	0.68
1848000	0.61
1848200	0.53
1848400	0.51
1848600	0.56
1848800	0.64
1849000	0.74
1849200	0.81
1849400	0.85
1849600	0.88
1849800	0.85
1850000	0.74
1850200	0.64
1850400	0.50
1850600	0.41
1850800	0.39
1851000	0.44
1851200	0.46
1851400	0.54
1851600	0.61
1851800	0.64
1852000	0.64
1852200	0.62
1852400	0.58
1852600	0.54
1852800	0.48
1853000	0.47
1853200	0.46
1853400	0.44
1853600	0.39
1853800	0.35
1854000	0.37
1854200	0.38
1854400	0.44
1854600	0.63
1854800	0.75
1855000	0.91
1855200	1.02
1855400	1.26
1855600	1.37
1855800	1.45
1856000	1.47
1856200	1.40
1856400	1.28
1856600	1.08
1856800	0.96
1857000	0.99
1857200	0.95
1857400	0.98
1857600	0.96
1857800	0.87
1858000	0.85
1858200	0.88
1858400	1.03
1858600	1.12
1858800	1.13
1859000	1.36
1859200	1.77
1859400	1.90
1859600	1.96
1859800	1.99
1860000	1.83
1860200	1.55
1860400	1.36
1860600	1.18
1860800	1.01
1861000	0.93
1861200	0.90
1861400	1.02
1861600	1.18
1861800	1.40
1862000	1.58
1862200	1.67
1862400	1.51
1862600	1.23
1862800	1.00
1863000	0.82
1863200	0.83
1863400	0.90
1863600	0.87
1863800	0.77
1864000	0.62
1864200	0.48
1864400	0.39
1864600	0.44
1864800	0.68
1865000	1.07
1865200	1.24
1865400	1.21
1865600	1.28
1865800	1.32
1866000	1.41
1866200	1.43
1866400	1.41
1866600	1.36
1866800	1.21
1867000	1.06
1867200	1.09
1867400	1.12
1867600	1.13
1867800	0.98
1868000	0.83
1868200	0.89
1868400	0.97
1868600	1.10
1868800	1.08
1869000	1.14
1869200	1.21
1869400	1.12
1869600	0.98
1869800	0.86
1870000	0.80
1870200	0.78
1870400	0.74
1870600	0.73
1870800	0.77
1871000	0.74
1871200	0.73
1871400	0.69
1871600	0.67
1871800	0.66
1872000	0.63
1872200	0.73
1872400	0.78
1872600	0.81
1872800	0.90
1873000	1.07
1873200	1.16
1873400	1.12
1873600	0.99
1873800	0.84
1874000	0.66
1874200	0.54
1874400	0.47
1874600	0.27
1874800	0.21
1875000	0.38
1875200	0.73
1875400	0.98
1875600	1.04
1875800	0.97
1876000	0.92
1876200	0.97
1876400	1.02
1876600	0.91
1876800	0.82
1877000	0.85
1877200	0.92
1877400	0.89
1877600	0.77
1877800	0.57
1878000	0.35
1878200	0.24
1878400	0.28
1878600	0.43
1878800	0.52
1879000	0.37
1879200	0.13
1879400	0.11
1879600	0.15
1879800	0.23
1880000	0.60
1880200	1.09
1880400	1.47
1880600	1.72
1880800	1.91
1881000	1.91
1881200	1.76
1881400	1.57
1881600	1.47
1881800	1.47
1882000	1.31
1882200	1.07
1882400	0.72
1882600	0.44
1882800	0.49
1883000	0.50
1883200	0.55
1883400	0.79
1883600	1.02
1883800	1.23
1884000	1.50
1884200	1.65
1884400	1.73
1884600	1.73
1884800	1.61
1885000	1.29
1885200	1.00
1885400	0.95
1885600	0.97
1885800	1.05
1886000	1.11
1886200	1.07
1886400	0.98
1886600	0.91
1886800	0.95
1887000	1.07
1887200	1.28
1887400	1.43
1887600	1.48
1887800	1.52
1888000	1.51
1888200	1.49
1888400	1.32
1888600	1.33
1888800	1.43
1889000	1.46
1889200	1.46
1889400	1.55
1889600	1.66
1889800	1.53
1890000	1.33
1890200	1.00
1890400	0.66
1890600	0.65
1890800	0.62
1891000	0.65
1891200	0.75
1891400	0.76
1891600	0.69
1891800	0.53
1892000	0.33
1892200	0.31
1892400	0.29
1892600	0.25
1892800	0.13
1893000	0.33
1893200	0.47
1893400	0.50
1893600	0.51
1893800	0.48
1894000	0.52
1894200	0.53
1894400	0.47
1894600	0.44
1894800	0.36
1895000	0.32
1895200	0.41
1895400	0.60
1895600	0.67
1895800	0.62
1896000	0.69
1896200	0.74
1896400	0.69
1896600	0.61
1896800	0.35
1897000	0.16
1897200	0.21
1897400	0.37
1897600	0.69
1897800	1.01
1898000	1.22
1898200	1.32
1898400	1.29
1898600	1.18
1898800	1.03
1899000	0.81
1899200	0.81
1899400	0.85
1899600	0.85
1899800	0.79
1900000	0.82
1900200	0.84
1900400	0.90
1900600	0.95
1900800	0.94
1901000	0.86
1901200	0.79
1901400	1.00
1901600	1.13
1901800	1.11
1902000	0.91
1902200	0.78
1902400	0.83
1902600	0.95
1902800	1.05
1903000	1.16
1903200	1.21
1903400	1.15
1903600	1.12
1903800	0.98
1904000	0.93
1904200	0.96
1904400	0.99
1904600	0.87
1904800	0.74
1905000	0.67
1905200	0.62
1905400	0.65
1905600	0.80
1905800	0.97
1906000	0.98
1906200	1.08
1906400	1.39
1906600	1.64
1906800	1.67
1907000	1.51
1907200	1.45
1907400	1.49
1907600	1.53
1907800	1.53
1908000	1.41
1908200	1.28
1908400	1.25
1908600	1.18
1908800	1.10
1909000	1.08
1909200	1.12
1909400	0.96
1909600	0.59
1909800	0.12
1910000	0.20
1910200	0.44
1910400	0.71
1910600	0.88
1910945	0.65
1911000	0.48
1911200	0.37
1911400	0.28
1911600	0.20
1911800	0.06
1912000	0.11
1912200	0.21
1912400	0.34
1912600	0.42
1912800	0.52
1913000	0.64
1913200	0.74
1913400	0.79
1913600	0.95
1913800	1.06
1914000	1.11
1914200	0.97
1914400	0.78
1914600	0.70
1914800	0.59
1915000	0.53
1915200	0.51
1915400	0.50
1915600	0.44
1915800	0.31
1916000	0.28
1916200	0.33
1916400	0.46
1916600	0.46
1916800	0.52
1917000	0.64
1917200	0.77
1917400	0.93
1917600	1.04
1917800	1.05
1918000	0.95
1918200	0.73
1918400	0.48
1918600	0.33
1918800	0.17
1919116	0.50
1919200	0.81
1919400	1.00
1919600	1.20
1919800	1.24
1920000	1.31
1920200	1.55
1920400	1.82
1920600	2.11
1920800	2.28
1921000	2.37
1921200	2.33
1921400	2.29
1921600	2.22
1921800	2.21
1922000	2.25
1922200	2.18
1922400	1.95
1922600	1.70
1922800	1.46
1923000	1.26
1923200	1.16
1923400	1.05
1923600	0.83
1923800	0.80
1924000	0.87
1924200	0.88
1924400	0.85
1924600	0.81
1924800	0.74
1925000	0.70
1925200	0.78
1925400	0.79
1925600	0.70
1925800	0.59
1926000	0.51
1926200	0.38
1926400	0.25
1926600	0.15
1926800	0.39
1927000	0.68
1927200	0.89
1927400	0.85
1927600	0.73
1927800	0.66
1928000	0.65
1928200	0.84
1928400	0.85
1928600	0.89
1928800	1.02
1929000	1.16
1929200	1.18
1929400	1.06
1929600	0.96
1929800	0.88
1930000	0.81
1930200	0.68
1930400	0.54
1930600	0.40
1930800	0.24
1931000	0.07
1931200	0.14
1931400	0.28
1931600	0.35
1931800	0.46
1932000	0.59
1932200	0.60
1932400	0.54
1932600	0.65
1932800	0.69
1933000	0.69
1933200	0.65
1933400	0.52
1933600	0.33
1933800	0.16
1934000	0.23
1934200	0.47
1934400	0.56
1934600	0.47
1934800	0.36
1935000	0.52
1935200	0.66
1935400	0.79
1935600	0.83
1935800	0.87
1936000	1.03
1936200	1.15
1936400	1.26
1936600	1.38
1936800	1.52
1937000	1.60
1937200	1.57
1937400	1.48
1937600	1.35
1937800	1.22
1938000	1.04
1938200	0.86
1938400	0.76
1938600	0.85
1938800	0.93
1939000	1.16
1939200	1.52
1939400	1.72
1939600	1.90
1939800	2.02
1940000	1.99
1940200	2.04
1940400	2.11
1940600	2.20
1940800	2.27
1941000	2.40
1941200	2.53
1941400	2.64
1941600	2.68
1941800	2.51
1942000	2.25
1942200	1.93
1942400	1.75
1942600	1.56
1942800	1.39
1943000	1.22
1943200	1.15
1943400	1.25
1943600	1.35
1943800	1.43
1944000	1.41
1944200	1.35
1944400	1.25
1944600	1.14
1944800	1.09
1945000	0.99
1945200	0.97
1945400	0.95
1945600	0.91
1945800	0.72
1946000	0.51
1946200	0.34
1946400	0.11
1946600	0.40
1946800	0.64
1947000	0.85
1947200	1.06
1947400	1.05
1947600	0.86
1947800	0.59
1948000	0.44
1948200	0.35
1948400	0.17
1948600	0.23
1948800	0.39
1949000	0.55
1949200	0.72
1949400	0.81
1949600	0.93
1949800	1.00
1950000	0.98
1950200	0.86
1950400	0.73
1950600	0.66
1950800	0.83
1951000	1.02
1951200	1.17
1951400	1.30
1951600	1.29
1951800	1.36
1952000	1.45
1952200	1.57
1952400	1.67
1952600	1.74
1952800	1.76
1953000	1.83
1953200	1.75
1953400	1.57
1953600	1.43
1953800	1.39
1954000	1.39
1954200	1.33
1954400	1.36
1954600	1.41
1954800	1.42
1955000	1.48
1955200	1.54
1955400	1.53
1955600	1.53
1955800	1.56
1956000	1.56
1956200	1.46
1956400	1.42
1956600	1.51
1956800	1.64
1957000	1.76
1957200	1.92
1957400	2.08
1957600	2.14
1957800	2.23
1958000	2.24
1958200	2.15
1958400	2.04
1958600	1.93
1958800	1.88
1959000	1.75
1959200	1.61
1959400	1.60
1959600	1.54
1959800	1.47
1960000	1.35
1960200	1.29
1960400	1.34
1960600	1.26
1960800	1.16
1961000	1.07
1961200	1.13
1961400	1.24
1961600	1.19
1961800	1.09
1962000	1.08
1962200	1.09
1962400	1.05
1962600	1.14
1962800	1.22
1963000	1.26
1963200	1.36
1963400	1.49
1963600	1.52
1963800	1.47
1964000	1.58
1964200	1.77
1964400	1.90
1964600	1.92
1964800	1.94
1965000	1.99
1965200	1.76
1965400	1.57
1965600	1.41
1965800	1.06
1966000	0.78
1966200	0.63
1966400	0.49
1966600	0.31
1966800	0.25
1967000	0.27
1967200	0.32
1967400	0.43
1967600	0.60
1967800	0.76
1968000	1.00
1968200	1.21
1968400	1.31
1968600	1.37
1968800	1.54
1969000	1.62
1969200	1.58
1969400	1.55
1969600	1.62
1969800	1.63
1970000	1.49
1970200	1.40
1970400	1.42
1970600	1.44
1970800	1.33
1971000	0.99
1971200	0.77
1971400	0.68
1971600	0.63
1971800	0.64
1972000	0.70
1972200	0.76
1972400	0.76
1972600	0.69
1972800	0.60
1973000	0.59
1973200	0.68
1973400	0.74
1973600	0.79
1973800	0.84
1974000	0.81
1974200	0.83
1974400	0.70
1974600	0.56
1974800	0.59
1975000	0.63
1975200	0.54
1975400	0.42
1975600	0.33
1975800	0.29
1976000	0.26
1976200	0.29
1976400	0.45
1976600	0.66
1976800	0.65
1977000	0.57
1977200	0.53
1977400	0.54
1977600	0.52
1977800	0.43
1978000	0.32
1978200	0.20
1978400	0.19
1978600	0.32
1978800	0.37
1979000	0.46
1979200	0.49
1979400	0.48
1979600	0.52
1979800	0.40
1980000	0.20
1980200	0.10
1980400	0.13
1980600	0.22
1980800	0.30
1981000	0.41
1981200	0.59
1981400	0.81
1981600	1.01
1981800	1.15
1982000	1.26
1982200	1.42
1982400	1.62
1982600	1.64
1982800	1.54
1983000	1.40
1983200	1.33
1983400	1.28
1983600	1.27
1983800	1.41
1984000	1.40
1984200	1.19
1984400	0.95
1984600	0.80
1984800	0.66
1985000	0.42
1985200	0.33
1985400	0.29
1985600	0.24
1985800	0.37
1986000	0.66
1986200	0.96
1986400	1.15
1986600	1.26
1986800	1.23
1987000	1.24
1987200	1.26
1987400	1.23
1987600	1.05
1987800	0.67
1988000	0.37
1988200	0.33
1988400	0.40
1988600	0.60
1988800	0.73
1989000	0.77
1989200	0.77
1989400	0.75
1989600	0.68
1989800	0.59
1990000	0.40
1990200	0.32
1990400	0.28
1990600	0.34
1990800	0.35
1991000	0.25
1991200	0.09
1991400	0.16
1991600	0.26
1991800	0.37
1992000	0.56
1992200	0.79
1992400	1.05
1992600	1.16
1992800	1.12
1993000	0.95
1993200	0.78
1993400	0.72
1993600	0.76
1993800	0.86
1994000	1.06
1994200	1.23
1994400	1.48
1994600	1.62
1994800	1.63
1995000	1.64
1995200	1.62
1995400	1.54
1995600	1.38
1995800	1.04
1996000	0.67
1996200	0.44
1996400	0.25
1996600	0.13
1996800	0.33
1997000	0.61
1997200	0.87
1997400	1.06
1997600	1.19
1997800	1.35
1998000	1.51
1998200	1.58
1998400	1.56
1998600	1.51
1998800	1.59
1999000	1.64
1999200	1.62
1999400	1.59
1999600	1.60
1999800	1.55
2000000	1.47
2000200	1.47
2000400	1.52
2000600	1.44
2000800	1.20
2001000	1.00
2001200	0.89
2001400	0.76
2001600	0.61
2001800	0.58
2002000	0.61
2002200	0.70
2002400	0.84
2002600	0.94
2002800	1.00
2003000	1.01
2003200	1.11
2003400	1.24
2003600	1.27
2003800	1.29
2004000	1.17
2004200	0.96
2004400	0.68
2004600	0.54
2004800	0.57
2005000	0.73
2005200	0.76
2005400	0.73
2005600	0.63
2005800	0.56
2006000	0.48
2006200	0.53
2006400	0.57
2006600	0.59
2006800	0.59
2007000	0.57
2007200	0.49
2007400	0.41
2007600	0.61
2007800	0.76
2008000	0.90
2008200	1.02
2008400	0.98
2008600	0.92
2008800	0.75
2009000	0.58
2009200	0.56
2009400	0.69
2009600	0.90
2009800	1.14
2010000	1.30
2010200	1.37
2010400	1.30
2010600	1.19
2010800	1.17
2011000	1.25
2011200	1.40
2011400	1.35
2011600	1.17
2011800	0.95
2012000	0.69
2012200	0.53
2012400	0.47
2012600	0.36
2012800	0.43
2013000	0.46
2013200	0.43
2013400	0.35
2013600	0.39
2013800	0.51
2014000	0.65
2014200	0.78
2014400	0.80
2014600	0.92
2014800	1.13
2015000	1.34
2015200	1.53
2015400	1.46
2015600	1.36
2015800	1.40
2016000	1.45
2016200	1.39
2016400	1.27
2016600	1.21
2016800	1.18
2017000	1.23
2017200	1.29
2017400	1.21
2017600	1.12
2017800	1.00
2018000	0.94
2018200	0.94
2018400	1.00
2018600	1.15
2018800	1.16
2019000	1.02
2019200	1.00
2019400	1.14
2019600	1.28
2019800	1.50
2020000	1.63
2020200	1.78
2020400	1.87
2020600	1.89
2020800	1.77
2021000	1.73
2021200	1.77
2021400	1.86
2021600	1.82
2021800	1.75
2022000	1.57
2022200	1.39
2022400	1.35
2022600	1.33
2022800	1.37
2023000	1.37
2023200	1.43
2023400	1.51
2023600	1.51
2023800	1.30
2024000	1.06
2024200	0.81
2024400	0.75
2024600	0.78
2024800	0.66
2025000	0.55
2025200	0.64
2025400	0.70
2025600	0.80
2025800	1.00
2026000	1.18
2026200	1.37
2026400	1.47
2026600	1.46
2026800	1.43
2027000	1.31
2027200	1.19
2027400	1.05
2027600	0.81
2027800	0.64
2028000	0.43
2028200	0.22
2028400	0.25
2028600	0.60
2028800	0.90
2029000	1.16
2029200	1.27
2029400	1.18
2029600	1.08
2029800	1.04
2030000	1.00
2030200	1.11
2030400	1.18
2030600	1.22
2030800	1.18
2031000	1.12
2031200	1.09
2031400	1.15
2031600	1.07
2031800	0.91
2032000	0.92
2032200	0.86
2032400	0.97
2032600	1.03
2032800	1.15
2033000	1.26
2033200	1.19
2033400	1.10
2033600	1.02
2033800	0.93
2034000	0.95
2034200	0.90
2034400	0.79
2034600	0.80
2034800	0.80
2035000	0.75
2035200	0.56
2035400	0.30
2035600	0.14
2035800	0.22
2036000	0.53
2036200	0.87
2036400	1.11
2036600	1.17
2036800	1.20
2037000	1.31
2037200	1.30
2037400	1.20
2037600	1.03
2037800	0.79
2038000	0.43
2038200	0.15
2038400	0.26
2038600	0.26
2038800	0.15
2039000	0.34
2039200	0.50
2039400	0.49
2039600	0.38
2039800	0.22
2040000	0.23
2040200	0.30
2040400	0.34
2040600	0.30
2040800	0.25
2041000	0.41
2041200	0.70
2041400	0.76
2041600	0.73
2041800	0.75
2042000	0.65
2042200	0.44
2042400	0.27
2042600	0.09
2042800	0.22
2043000	0.42
2043200	0.55
2043400	0.66
2043600	0.80
2043800	0.70
2044000	0.57
2044200	0.42
2044400	0.19
2044600	0.19
2044800	0.32
2045000	0.42
2045200	0.74
2045400	1.06
2045600	1.31
2045800	1.43
2046000	1.44
2046200	1.36
2046400	1.27
2046600	1.21
2046800	1.20
2047000	1.22
2047200	1.26
2047400	1.18
2047600	0.89
2047800	0.68
2048000	0.70
2048200	0.86
2048400	1.09
2048600	1.22
2048800	1.19
2049000	1.06
2049200	1.03
2049400	0.95
2049600	0.91
2049800	0.78
2050000	0.71
2050200	0.74
2050400	0.74
2050600	0.68
2050800	0.66
2051000	0.62
2051200	0.49
2051400	0.43
2051600	0.30
2051800	0.29
2052000	0.49
2052200	0.43
2052400	0.17
2052600	0.30
2052800	0.64
2053000	0.86
2053200	1.11
2053400	1.31
2053600	1.47
2053800	1.60
2054000	1.58
2054200	1.54
2054400	1.36
2054600	1.16
2054800	1.07
2055000	0.94
2055200	0.84
2055400	0.74
2055600	0.59
2055800	0.38
2056000	0.33
2056200	0.27
2056400	0.29
2056600	0.27
2056800	0.27
2057000	0.27
2057200	0.30
2057400	0.50
2057600	0.71
2057800	0.73
2058000	0.75
2058200	0.87
2058400	0.89
2058600	0.70
2058800	0.47
2059000	0.17
2059200	0.35
2059400	0.64
2059600	0.73
2059800	0.70
2060000	0.48
2060200	0.31
2060400	0.25
2060600	0.23
2060800	0.22
2061000	0.27
2061200	0.34
2061400	0.49
2061600	0.80
2061800	1.07
2062000	1.30
2062200	1.47
2062400	1.58
2062600	1.54
2062800	1.26
2063000	0.88
2063200	0.56
2063400	0.26
2063600	0.11
2063800	0.31
2064000	0.71
2064200	1.00
2064400	1.08
2064600	1.06
2064800	0.95
2065000	0.84
2065200	0.89
2065400	0.76
2065600	0.66
2065800	0.76
2066000	0.96
2066200	1.21
2066400	1.59
2066600	1.83
2066800	1.99
2067000	2.00
2067200	1.89
2067400	1.74
2067600	1.47
2067800	1.31
2068000	1.18
2068200	1.00
2068400	0.76
2068600	0.60
2068800	0.48
2069000	0.46
2069200	0.58
2069400	0.77
2069600	0.92
2069800	1.02
2070000	0.92
2070200	0.78
2070400	0.68
2070600	0.49
2070800	0.23
2071000	0.30
2071200	0.68
2071400	1.14
2071600	1.55
2071800	1.84
2072000	2.10
2072200	2.21
2072400	2.15
2072600	1.93
2072800	1.67
2073000	1.56
2073200	1.49
2073400	1.49
2073600	1.38
2073800	1.30
2074000	1.17
2074200	1.00
2074400	1.13
2074600	1.40
2074800	1.61
2075000	1.71
2075200	1.79
2075400	1.87
2075600	1.99
2075800	2.19
2076000	2.43
2076200	2.54
2076400	2.66
2076600	2.66
2076800	2.58
2077000	2.41
2077200	2.30
2077400	2.25
2077600	2.29
2077800	2.14
2078000	1.90
2078200	1.81
2078400	1.77
2078600	1.76
2078800	1.68
2079000	1.62
2079200	1.50
2079400	1.34
2079600	1.23
2079800	1.17
2080000	1.11
2080200	1.07
2080400	1.02
2080600	1.12
2080800	1.27
2081000	1.35
2081200	1.30
2081400	1.20
2081600	0.97
2081800	0.73
2082000	0.50
2082200	0.53
2082400	0.68
2082600	0.83
2082800	0.95
2083000	1.04
2083200	1.03
2083400	0.93
2083600	0.83
2083800	0.79
2084000	0.76
2084200	0.69
2084400	0.39
2084600	0.25
2084800	0.28
2085000	0.52
2085200	0.66
2085400	0.52
2085600	0.31
2085800	0.11
2086000	0.07
2086200	0.23
2086400	0.28
2086600	0.23
2086800	0.15
2087000	0.11
2087200	0.06
2087400	0.15
2087600	0.14
2087800	0.32
2088000	0.46
2088200	0.65
2088400	1.06
2088600	1.55
2088800	2.07
2089000	2.37
2089200	2.34
2089400	2.06
2089600	1.79
2089800	1.58
2090000	1.38
2090200	1.23
2090400	1.31
2090600	1.45
2090800	1.52
2091000	1.58
2091200	1.57
2091400	1.45
2091600	1.18
2091800	1.00
2092000	0.98
2092200	0.95
2092400	0.99
2092600	1.07
2092800	0.92
2093000	0.60
2093200	0.20
2093400	0.34
2093600	0.70
2093800	0.83
2094000	0.90
2094200	0.98
2094400	0.97
2094600	0.93
2094800	0.91
2095000	0.92
2095200	0.79
2095400	0.61
2095600	0.49
2095800	0.42
2096000	0.29
2096200	0.21
2096400	0.06
2096600	0.12
2096800	0.21
2097000	0.24
2097200	0.23
2097400	0.38
2097600	0.43
2097800	0.46
2098000	0.48
2098200	0.41
2098400	0.34
2098600	0.46
2098800	0.56
2099000	0.65
2099200	0.71
2099400	0.63
2099600	0.58
2099800	0.60
2100000	0.72
2100200	0.80
2100400	0.80
2100600	0.73
2100800	0.50
2101000	0.17
2101200	0.05
2101400	0.30
2101600	0.54
2101800	0.69
2102000	0.84
2102200	0.83
2102400	0.82
2102600	0.83
2102800	0.65
2103000	0.33
2103200	0.16
2103400	0.19
2103600	0.25
2103800	0.26
2104000	0.19
2104200	0.42
2104400	0.74
2104600	0.98
2104800	1.11
2105000	1.28
2105200	1.27
2105400	1.40
2105600	1.49
2105800	1.52
2106000	1.51
2106200	1.48
2106400	1.56
2106600	1.61
2106800	1.62
2107000	1.59
2107200	1.58
2107400	1.47
2107600	1.44
2107800	1.45
2108000	1.53
2108200	1.54
2108400	1.52
2108600	1.34
2108800	1.03
2109000	0.82
2109200	0.67
2109400	0.62
2109600	0.49
2109800	0.42
2110000	0.33
2110200	0.29
2110400	0.28
2110600	0.48
2110800	0.76
2111000	1.16
2111200	1.51
2111400	1.66
2111600	1.70
2111800	1.67
2112000	1.61
2112200	1.50
2112400	1.40
2112600	1.37
2112800	1.32
2113000	1.28
2113200	1.27
2113400	1.25
2113600	1.21
2113800	1.20
2114000	1.18
2114200	1.05
2114400	0.93
2114600	0.94
2114800	1.02
2115000	1.05
2115200	1.01
2115400	0.93
2115600	0.75
2115800	0.52
2116000	0.41
2116200	0.55
2116400	0.72
2116600	0.69
2116800	0.64
2117000	0.63
2117200	0.57
2117400	0.49
2117600	0.44
2117800	0.40
2118000	0.40
2118200	0.34
2118400	0.31
2118600	0.18
2118800	0.13
2119000	0.40
2119200	0.73
2119400	0.97
2119600	1.04
2119800	1.09
2120000	1.04
2120200	0.90
2120400	0.74
2120600	0.63
2120800	0.42
2121000	0.28
2121200	0.39
2121400	0.46
2121600	0.41
2121800	0.50
2122000	0.63
2122200	0.69
2122400	0.68
2122600	0.76
2122800	0.76
2123000	0.73
2123200	0.69
2123400	0.60
2123600	0.51
2123800	0.52
2124000	0.45
2124200	0.60
2124400	0.74
2124600	0.74
2124800	0.67
2125000	0.51
2125200	0.54
2125400	0.67
2125600	0.92
2125800	1.06
2126000	1.12
2126200	0.95
2126400	0.72
2126600	0.70
2126800	0.71
2127000	0.69
2127200	0.67
2127400	0.65
2127600	0.61
2127800	0.63
2128000	0.64
2128200	0.63
2128400	0.87
2128600	1.27
2128800	1.55
2129000	1.71
2129200	1.83
2129400	1.79
2129600	1.70
2129800	1.80
2130000	1.89
2130200	1.98
2130400	1.96
2130600	1.93
2130800	1.78
2131000	1.53
2131200	1.24
2131400	0.93
2131600	0.72
2131800	0.49
2132000	0.20
2132200	0.15
2132400	0.21
2132600	0.37
2132800	0.50
2133000	0.53
2133200	0.56
2133400	0.49
2133600	0.33
2133800	0.14
2134000	0.10
2134200	0.09
2134400	0.16
2134600	0.12
2134800	0.44
2135000	0.66
2135200	0.78
2135400	0.72
2135600	0.76
2135800	0.84
2136000	0.73
2136200	0.33
2136400	0.23
2136600	0.70
2136800	1.13
2137000	1.50
2137200	1.67
2137400	1.64
2137600	1.59
2137800	1.57
2138000	1.48
2138200	1.30
2138400	1.14
2138600	1.09
2138800	1.07
2139000	1.06
2139200	1.12
2139400	1.16
2139600	1.19
2139800	1.27
2140000	1.29
2140200	1.36
2140400	1.43
2140600	1.40
2140800	1.37
2141000	1.35
2141200	1.32
2141400	1.28
2141600	1.20
2141800	1.05
2142000	0.83
2142200	0.66
2142400	0.68
2142600	0.71
2142800	0.59
2143000	0.47
2143200	0.45
2143400	0.61
2143600	0.78
2143800	0.87
2144000	0.74
2144200	0.60
2144400	0.50
2144600	0.36
2144800	0.20
2145000	0.24
2145200	0.33
2145400	0.38
2145600	0.47
2145800	0.68
2146000	0.83
2146200	0.98
2146400	1.14
2146600	1.06
2146800	0.93
2147000	0.83
2147200	0.79
2147400	0.75
2147600	0.65
2147800	0.48
2148000	0.51
2148200	0.64
2148400	0.90
2148600	1.15
2148800	1.29
2149000	1.35
2149200	1.39
2149400	1.41
2149600	1.30
2149800	0.99
2150000	0.67
2150200	0.53
2150400	0.59
2150600	0.69
2150800	0.70
2151000	0.84
2151200	1.06
2151400	1.31
2151600	1.44
2151800	1.51
2152000	1.60
2152200	1.71
2152400	1.78
2152600	1.88
2152800	2.00
2153000	2.18
2153200	2.35
2153400	2.45
2153600	2.45
2153800	2.40
2154000	2.33
2154200	2.33
2154400	2.28
2154600	1.97
2154800	1.75
2155000	1.56
2155200	1.50
2155400	1.48
2155600	1.48
2155800	1.47
2156000	1.45
2156200	1.38
2156400	1.18
2156600	0.98
2156800	0.99
2157000	1.09
2157200	1.21
2157400	1.24
2157600	1.25
2157800	1.25
2158000	1.05
2158200	0.80
2158400	0.77
2158600	0.85
2158800	1.01
2159000	1.07
2159200	1.03
2159400	1.02
2159600	1.02
2159800	1.06
2160000	1.06
2160200	1.09
2160400	1.12
2160600	1.11
2160800	1.09
2161000	0.97
2161200	0.77
2161400	0.69
2161600	0.58
2161800	0.46
2162000	0.46
2162200	0.44
2162400	0.51
2162600	0.65
2162800	0.77
2163000	0.96
2163200	1.13
2163400	1.13
2163600	0.97
2163800	0.81
2164000	0.66
2164200	0.32
2164400	0.32
2164600	0.57
2164800	0.75
2165000	0.85
2165200	0.78
2165400	0.48
2165600	0.25
2165800	0.27
2166000	0.33
2166200	0.34
2166400	0.39
2166600	0.53
2166800	0.58
2167000	0.55
2167200	0.59
2167400	0.77
2167600	1.02
2167800	1.34
2168000	1.51
2168200	1.87
2168400	2.19
2168600	2.27
2168800	2.33
2169000	2.45
2169200	2.40
2169400	2.32
2169600	2.14
2169800	1.88
2170000	1.59
2170200	1.35
2170400	1.15
2170600	1.00
2170800	0.92
2171000	0.89
2171200	0.82
2171400	0.72
2171600	0.78
2171800	0.69
2172000	0.52
2172200	0.29
2172400	0.24
2172600	0.34
2172800	0.43
2173000	0.41
2173200	0.43
2173400	0.48
2173600	0.51
2173800	0.57
2174000	0.64
2174200	0.60
2174400	0.74
2174600	0.89
2174800	0.98
2175000	1.02
2175200	0.97
2175400	0.61
2175600	0.23
2175800	0.28
2176000	0.57
2176200	0.67
2176400	0.66
2176600	0.55
2176800	0.46
2177000	0.38
2177200	0.43
2177400	0.51
2177600	0.53
2177800	0.47
2178000	0.45
2178200	0.49
2178400	0.49
2178600	0.45
2178800	0.48
2179000	0.43
2179200	0.47
2179400	0.60
2179600	0.69
2179800	0.65
2180000	0.70
2180200	0.76
2180400	0.86
2180600	0.97
2180800	0.99
2181000	1.05
2181200	1.06
2181400	0.94
2181600	0.74
2181800	0.54
2182000	0.46
2182200	0.39
2182400	0.39
2182600	0.52
2182800	0.79
2183000	0.89
2183200	0.89
2183400	0.92
2183600	0.93
2183800	0.94
2184000	1.00
2184200	1.02
2184400	1.07
2184600	1.20
2184800	1.23
2185000	1.14
2185200	1.17
2185400	1.31
2185600	1.44
2185800	1.51
2186000	1.55
2186200	1.48
2186400	1.35
2186600	1.22
2186800	1.09
2187000	0.90
2187200	0.79
2187400	0.80
2187600	0.77
2187800	0.66
2188000	0.74
2188200	1.00
2188400	1.22
2188600	1.35
2188800	1.39
2189000	1.47
2189200	1.60
2189400	1.76
2189600	1.89
2189800	2.04
2190000	2.14
2190200	2.11
2190400	2.06
2190600	1.97
2190800	1.91
2191000	1.91
2191200	1.78
2191400	1.68
2191600	1.75
2191800	1.79
2192000	1.79
2192200	1.78
2192400	1.86
2192600	1.92
2192800	1.92
2193000	1.90
2193200	1.84
2193400	1.79
2193600	1.74
2193800	1.69
2194000	1.55
2194200	1.34
2194400	1.13
2194600	0.89
2194800	0.79
2195000	0.80
2195200	0.90
2195400	0.94
2195600	0.87
2195800	0.77
2196000	0.75
2196200	0.79
2196400	0.80
2196600	1.05
2196800	1.53
2197000	1.86
2197200	2.12
2197400	2.20
2197600	2.17
2197800	2.14
2198000	2.10
2198200	2.16
2198400	2.08
2198600	1.83
2198800	1.51
2199000	1.11
2199200	0.69
2199400	0.32
2199600	0.38
2199800	0.88
2200000	1.44
2200200	1.96
2200400	2.31
2200600	2.46
2200800	2.41
2201000	2.17
2201200	1.90
2201400	1.66
2201600	1.42
2201800	1.21
2202000	1.04
2202200	0.84
2202400	0.60
2202600	0.58
2202800	0.68
2203000	0.76
2203200	0.74
2203400	0.80
2203600	0.91
2203800	1.02
2204000	1.13
2204200	1.28
2204400	1.34
2204600	1.44
2204800	1.56
2205000	1.61
2205200	1.58
2205400	1.57
2205600	1.43
2205800	1.23
2206000	1.12
2206200	1.21
2206400	1.44
2206600	1.60
2206800	1.63
2207000	1.55
2207200	1.39
2207400	1.23
2207600	1.11
2207800	1.03
2208000	0.92
2208200	0.85
2208400	0.70
2208600	0.64
2208800	0.56
2209000	0.43
2209200	0.30
2209400	0.12
2209600	0.04
2209800	0.31
2210000	0.63
2210200	0.87
2210400	0.96
2210600	1.00
2210800	1.04
2211000	1.04
2211200	1.05
2211400	1.13
2211600	1.23
2211800	1.48
2212000	1.76
2212200	1.81
2212400	1.80
2212600	1.94
2212800	2.16
2213000	2.20
2213200	2.12
2213400	1.97
2213600	1.85
2213800	1.76
2214000	1.68
2214200	1.52
2214400	1.32
2214600	1.15
2214800	0.97
2215000	0.83
2215200	0.75
2215400	0.64
2215600	0.46
2215800	0.28
2216000	0.16
2216200	0.13
2216400	0.36
2216600	0.51
2216800	0.55
2217000	0.53
2217200	0.46
2217400	0.38
2217600	0.39
2217800	0.31
2218000	0.25
2218200	0.21
2218400	0.25
2218600	0.28
2218800	0.39
2219000	0.64
2219200	0.86
2219400	1.01
2219600	1.00
2219800	0.78
2220000	0.53
2220200	0.47
2220400	0.52
2220600	0.56
2220800	0.69
2221000	0.84
2221200	1.05
2221400	1.17
2221600	0.98
2221800	0.63
2222000	0.25
2222200	0.03
2222400	0.02
2222600	0.08
2222800	0.19
2223000	0.09
2223200	0.11
2223400	0.31
2223600	0.66
2223800	0.95
2224000	1.11
2224200	1.22
2224400	1.27
2224600	1.28
2224800	1.15
2225000	0.98
2225200	0.79
2225400	0.55
2225600	0.34
2225800	0.24
2226000	0.27
2226200	0.15
2226400	0.17
2226600	0.34
2226800	0.42
2227000	0.50
2227200	0.44
2227400	0.43
2227600	0.54
2227800	0.70
2228000	0.93
2228200	1.09
2228400	1.21
2228600	1.45
2228800	1.52
2229000	1.47
2229200	1.34
2229400	1.11
2229600	0.89
2229800	0.68
2230000	0.61
2230200	0.57
2230400	0.45
2230600	0.40
2230800	0.33
2231000	0.36
2231200	0.47
2231400	0.44
2231600	0.32
2231800	0.19
2232000	0.14
2232200	0.09
2232400	0.09
2232600	0.15
2232800	0.22
2233000	0.25
2233200	0.22
2233400	0.14
2233600	0.21
2233800	0.32
2234000	0.36
2234200	0.42
2234400	0.60
2234600	0.81
2234800	1.04
2235000	1.18
2235200	1.18
2235400	1.10
2235600	1.02
2235800	0.95
2236000	0.88
2236200	0.80
2236400	0.61
2236600	0.51
2236800	0.49
2237000	0.52
2237200	0.41
2237400	0.30
2237600	0.28
2237800	0.31
2238000	0.31
2238200	0.38
2238400	0.55
2238600	0.77
2238800	0.90
2239000	0.96
2239200	1.00
2239400	1.01
2239600	0.97
2239800	1.03
2240000	1.11
2240200	1.28
2240400	1.44
2240600	1.57
2240800	1.65
2241000	1.63
2241200	1.48
2241400	1.33
2241600	1.26
2241800	1.26
2242000	1.29
2242200	1.34
2242400	1.31
2242600	1.14
2242800	0.95
2243000	0.84
2243200	0.68
2243400	0.57
2243600	0.64
2243800	0.70
2244000	0.71
2244200	0.76
2244400	0.84
2244600	0.89
2244800	0.82
2245000	0.69
2245200	0.62
2245400	0.76
2245600	1.01
2245800	1.17
2246000	1.17
2246200	1.18
2246400	1.07
2246600	0.94
2246800	0.84
2247000	0.69
2247200	0.67
2247400	0.68
2247600	0.67
2247800	0.68
2248000	0.71
2248200	0.80
2248400	0.81
2248600	0.82
2248800	0.70
2249000	0.52
2249200	0.55
2249400	0.75
2249600	0.92
2249800	0.90
2250000	0.88
2250200	0.82
2250400	0.70
2250600	0.59
2250800	0.51
2251000	0.52
2251200	0.60
2251400	0.68
2251600	0.75
2251800	0.84
2252000	0.87
2252200	0.74
2252400	0.49
2252600	0.19
2252800	0.06
2253000	0.20
2253200	0.32
2253400	0.41
2253600	0.43
2253800	0.53
2254000	0.82
2254200	0.99
2254400	1.03
2254600	1.05
2254800	0.98
2255000	0.97
2255200	0.97
2255400	0.90
2255600	0.83
2255800	0.69
2256000	0.38
2256200	0.20
2256400	0.42
2256600	0.74
2256800	0.88
2257000	0.93
2257200	0.92
2257400	0.87
2257600	0.77
2257800	0.57
2258000	0.57
2258200	0.56
2258400	0.51
2258600	0.39
2258800	0.25
2259000	0.13
2259200	0.07
2259400	0.13
2259600	0.25
2259800	0.41
2260000	0.58
2260200	0.75
2260400	0.83
2260600	0.86
2260800	0.81
2261000	0.79
2261200	0.72
2261400	0.61
2261600	0.54
2261800	0.58
2262000	0.64
2262200	0.59
2262400	0.53
2262600	0.56
2262800	0.71
2263000	0.85
2263200	1.08
2263400	1.19
2263600	1.25
2263800	1.41
2264000	1.55
2264200	1.65
2264400	1.71
2264600	1.68
2264800	1.65
2265000	1.69
2265200	1.72
2265400	1.65
2265600	1.58
2265800	1.51
2266000	1.47
2266200	1.41
2266400	1.24
2266600	1.06
2266800	0.91
2267000	0.80
2267200	0.71
2267400	0.65
2267600	0.61
2267800	0.75
2268000	1.00
2268200	1.25
2268400	1.50
2268600	1.60
2268800	1.62
2269000	1.60
2269200	1.52
2269400	1.32
2269600	1.13
2269800	0.98
2270000	0.91
2270200	0.98
2270400	1.07
2270600	1.10
2270800	1.13
2271000	1.02
2271200	0.78
2271400	0.55
2271600	0.48
2271800	0.47
2272000	0.41
2272200	0.27
2272400	0.20
2272600	0.26
2272800	0.33
2273000	0.33
2273200	0.33
2273400	0.35
2273600	0.55
2273800	0.74
2274000	0.76
2274200	0.64
2274400	0.52
2274600	0.54
2274800	0.60
2275000	0.59
2275200	0.55
2275400	0.47
2275600	0.25
2275800	0.32
2276000	0.53
2276200	0.74
2276400	0.87
2276600	0.99
2276800	1.05
2277000	1.25
2277200	1.31
2277400	1.34
2277600	1.36
2277800	1.42
2278000	1.46
2278200	1.35
2278400	1.29
2278600	1.17
2278800	1.13
2279000	1.13
2279200	1.03
2279400	0.93
2279600	0.88
2279800	0.94
2280000	1.13
2280200	1.27
2280400	1.30
2280600	1.22
2280800	1.22
2281000	1.13
2281200	0.77
2281400	0.62
2281600	0.80
2281800	1.06
2282000	1.28
2282200	1.45
2282400	1.47
2282600	1.45
2282800	1.34
2283000	1.46
2283200	1.65
2283400	1.77
2283600	1.72
2283800	1.59
2284000	1.38
2284200	1.13
2284400	0.86
2284600	0.66
2284800	0.54
2285000	0.49
2285200	0.58
2285400	0.73
2285600	0.85
2285800	0.85
2286000	0.74
2286200	0.74
2286400	0.81
2286600	0.90
2286800	0.92
2287000	0.83
2287200	0.70
2287400	0.70
2287600	0.64
2287800	0.75
2288000	0.93
2288200	1.18
2288400	1.42
2288600	1.56
2288800	1.69
2289000	1.74
2289200	1.80
2289400	1.80
2289600	1.78
2289800	1.84
2290000	1.91
2290200	1.80
2290400	1.80
2290600	1.72
2290800	1.60
2291000	1.47
2291200	1.25
2291400	1.17
2291600	1.08
2291800	0.98
2292000	1.03
2292200	1.13
2292400	1.25
2292600	1.34
2292800	1.34
2293000	1.24
2293200	1.10
2293400	0.97
2293600	0.92
2293800	0.97
2294000	0.96
2294200	0.89
2294400	0.79
2294600	0.69
2294800	0.65
2295000	0.59
2295200	0.47
2295400	0.48
2295600	0.38
2295800	0.38
2296000	0.40
2296200	0.54
2296400	0.74
2296600	0.83
2296800	0.83
2297000	0.82
2297200	0.76
2297400	0.82
2297600	0.95
2297800	1.27
2298000	1.56
2298200	1.67
2298400	1.78
2298600	1.81
2298800	1.73
2299000	1.60
2299200	1.42
2299400	1.24
2299600	1.15
2299800	1.00
2300000	0.98
2300200	1.00
2300400	1.09
2300600	1.29
2300800	1.53
2301000	1.62
2301200	1.59
2301400	1.47
2301600	1.29
2301800	1.15
2302000	1.09
2302200	1.02
2302400	0.82
2302600	0.71
2302800	0.73
2303000	0.79
2303200	0.72
2303400	0.51
2303600	0.44
2303800	0.22
2304000	0.23
2304200	0.51
2304400	0.61
2304600	0.71
2304800	0.79
2305000	0.85
2305200	0.88
2305400	0.89
2305600	0.86
2305800	0.89
2306000	0.99
2306200	1.05
2306400	1.02
2306600	0.73
2306800	0.47
2307000	0.40
2307200	0.50
2307400	0.67
2307600	0.84
2307800	0.94
2308000	1.07
2308200	1.24
2308400	1.37
2308600	1.38
2308800	1.48
2309000	1.45
2309200	1.40
2309400	1.29
2309600	1.23
2309800	1.11
2310000	0.91
2310200	0.81
2310400	0.76
2310600	0.78
2310800	0.77
2311000	0.74
2311200	0.64
2311400	0.54
2311600	0.53
2311800	0.61
2312000	0.64
2312200	0.66
2312400	0.77
2312600	0.80
2312800	0.85
2313000	0.79
2313200	0.59
2313400	0.40
2313600	0.17
2313800	0.12
2314000	0.59
2314200	0.93
2314400	1.15
2314600	1.34
2314800	1.51
2315000	1.69
2315200	1.89
2315400	2.06
2315600	2.20
2315800	2.33
2316000	2.59
2316200	2.86
2316400	3.07
2316600	3.18
2316800	3.20
2317000	3.12
2317200	2.95
2317400	2.69
2317600	2.42
2317800	2.25
2318000	2.11
2318200	1.97
2318400	1.81
2318600	1.63
2318800	1.46
2319000	1.12
2319200	1.00
2319400	0.94
2319600	0.86
2319800	0.91
2320000	0.94
2320200	0.92
2320400	0.90
2320600	0.83
2320800	0.71
2321000	0.84
2321200	1.12
2321400	1.19
2321600	1.23
2321800	1.23
2322000	0.99
2322200	0.57
2322400	0.35
2322600	0.38
2322800	0.64
2323000	0.93
2323200	1.33
2323400	1.54
2323600	1.60
2323800	1.64
2324000	1.65
2324200	1.66
2324400	1.62
2324600	1.79
2324800	2.01
2325000	2.17
2325200	2.12
2325400	2.04
2325600	1.99
2325800	2.03
2326000	2.14
2326200	2.20
2326400	2.23
2326600	2.38
2326800	2.65
2327000	2.76
2327200	2.73
2327400	2.63
2327600	2.44
2327800	2.30
2328000	2.14
2328200	1.75
2328400	1.21
2328600	0.59
2328800	0.35
2329000	0.57
2329200	0.83
2329400	0.98
2329600	1.05
2329800	1.03
2330000	1.14
2330200	1.46
2330400	1.86
2330600	2.15
2330800	2.27
2331000	2.31
2331200	2.22
2331400	2.05
2331600	1.80
2331800	1.56
2332000	1.38
2332200	1.04
2332400	0.79
2332600	0.56
2332800	0.61
2333000	0.74
2333200	0.74
2333400	0.61
2333600	0.50
2333800	0.48
2334000	0.52
2334200	0.56
2334400	0.49
2334600	0.35
2334800	0.29
2335000	0.18
2335200	0.21
2335400	0.46
2335600	0.74
2335800	0.92
2336000	1.10
2336200	1.26
2336400	1.33
2336600	1.28
2336800	1.27
2337000	1.40
2337200	1.54
2337400	1.62
2337600	1.59
2337800	1.50
2338000	1.51
2338200	1.60
2338400	1.78
2338600	1.78
2338800	1.84
2339000	1.85
2339200	1.82
2339400	1.87
2339600	1.80
2339800	1.57
2340000	1.51
2340200	1.46
2340400	1.38
2340600	1.36
2340800	1.29
2341000	1.20
2341200	1.17
2341400	1.15
2341600	1.08
2341800	1.12
2342000	1.01
2342200	1.12
2342400	1.55
2342600	1.94
2342800	2.14
2343000	2.23
2343200	2.16
2343400	2.04
2343600	1.91
2343800	1.76
2344000	1.53
2344200	1.38
2344400	1.14
2344600	0.92
2344800	0.71
2345000	0.66
2345200	0.61
2345400	0.66
2345600	0.79
2345800	0.94
2346000	0.93
2346200	0.86
2346400	0.80
2346600	0.76
2346800	0.73
2347000	0.75
2347200	0.77
2347400	0.68
2347600	0.53
2347800	0.37
2348000	0.47
2348200	0.56
2348400	0.54
2348600	0.36
2348800	0.07
2349000	0.14
2349200	0.17
2349400	0.08
2349600	0.12
2349800	0.15
2350000	0.20
2350200	0.27
2350400	0.33
2350600	0.46
2350800	0.53
2351000	0.66
2351200	0.76
2351400	0.77
2351600	0.81
2351800	0.82
2352000	0.86
2352200	0.79
2352400	0.85
2352600	0.96
2352800	1.09
2353000	1.23
2353200	1.34
2353400	1.47
2353600	1.62
2353800	1.81
2354000	1.83
2354200	1.75
2354400	1.58
2354600	1.49
2354800	1.38
2355000	1.30
2355200	1.14
2355400	0.97
2355600	0.80
2355800	0.66
2356000	0.62
2356200	0.60
2356400	0.52
2356600	0.35
2356800	0.15
2357000	0.01
2357200	0.01
2357400	0.15
2357600	0.33
2357800	0.40
2358000	0.50
2358200	0.73
2358400	1.03
2358600	1.32
2358800	1.53
2359000	1.63
2359200	1.72
2359400	1.71
2359600	1.75
2359800	1.71
2360000	1.48
2360200	1.11
2360400	0.83
2360600	0.74
2360800	0.67
2361000	0.72
2361200	0.56
2361400	0.40
2361600	0.53
2361800	0.78
2362000	1.08
2362200	1.33
2362400	1.59
2362600	1.77
2362800	1.75
2363000	1.61
2363200	1.55
2363400	1.38
2363600	1.17
2363800	1.07
2364000	1.06
2364200	1.02
2364400	0.81
2364600	0.77
2364800	0.86
2365000	0.80
2365200	0.81
2365400	0.85
2365600	0.85
2365800	0.92
2366000	0.89
2366200	0.76
2366400	0.76
2366600	0.81
2366800	0.93
2367000	1.00
2367200	1.06
2367400	1.08
2367600	1.10
2367800	1.14
2368000	1.31
2368200	1.35
2368400	1.28
2368600	1.10
2368800	0.88
2369000	0.84
2369200	0.94
2369400	1.21
2369600	1.43
2369800	1.48
2370000	1.31
2370200	1.10
2370400	1.00
2370600	0.98
2370800	1.02
2371000	0.88
2371200	0.71
2371400	0.58
2371600	0.42
2371800	0.34
2372000	0.42
2372200	0.60
2372400	0.76
2372600	0.88
2372800	0.92
2373000	0.93
2373200	0.89
2373400	0.73
2373600	0.61
2373800	0.62
2374000	0.66
2374200	0.64
2374400	0.82
2374600	0.98
2374800	1.04
2375000	1.09
2375200	1.15
2375400	1.28
2375600	1.34
2375800	1.36
2376000	1.34
2376200	1.30
2376400	1.38
2376600	1.44
2376800	1.47
2377000	1.55
2377200	1.60
2377400	1.60
2377600	1.64
2377800	1.59
2378000	1.58
2378200	1.65
2378400	1.77
2378600	1.82
2378800	1.98
2379000	2.08
2379200	2.12
2379400	2.09
2379600	2.04
2379800	2.02
2380000	1.99
2380200	2.08
2380400	2.18
2380600	2.21
2380800	2.19
2381000	2.13
2381200	2.01
2381400	1.74
2381600	1.48
2381800	1.19
2382000	0.96
2382200	0.88
2382400	0.89
2382600	0.95
2382800	1.09
2383000	1.17
2383200	1.17
2383400	1.28
2383600	1.36
2383800	1.28
2384000	1.19
2384200	1.05
2384400	0.89
2384600	0.86
2384800	0.90
2385000	0.93
2385200	0.99
2385400	1.14
2385600	1.22
2385800	1.33
2386000	1.45
2386200	1.53
2386400	1.56
2386600	1.35
2386800	1.16
2387000	1.03
2387200	0.73
2387400	0.58
2387600	0.54
2387800	0.56
2388000	0.63
2388200	0.69
2388400	0.74
2388600	0.73
2388800	0.76
2389000	0.89
2389200	1.02
2389400	1.28
2389600	1.48
2389800	1.53
2390000	1.59
2390200	1.63
2390400	1.56
2390600	1.56
2390800	1.55
2391000	1.46
2391200	1.41
2391400	1.43
2391600	1.34
2391800	1.33
2392000	1.43
2392200	1.30
2392400	1.17
2392600	1.08
2392800	1.02
2393000	1.04
2393200	1.03
2393400	0.92
2393600	0.91
2393800	0.97
2394000	0.89
2394200	0.75
2394400	0.54
2394600	0.32
2394800	0.27
2395000	0.46
2395200	0.82
2395400	1.04
2395600	1.10
2395800	1.12
2396000	1.15
2396200	1.13
2396400	1.04
2396600	0.87
2396800	0.68
2397000	0.51
2397200	0.42
2397400	0.41
2397600	0.39
2397800	0.36
2398000	0.38
2398200	0.45
2398400	0.48
2398600	0.54
2398800	0.56
2399000	0.53
2399200	0.67
2399400	0.87
2399600	1.01
2399800	1.21
2400000	1.43
2400200	1.55
2400400	1.59
2400600	1.66
2400800	1.79
2401000	2.06
2401200	2.19
2401400	2.10
2401600	2.02
2401800	1.93
2402000	1.85
2402200	1.75
2402400	1.69
2402600	1.64
2402800	1.57
2403000	1.40
2403200	1.18
2403400	1.03
2403600	1.05
2403800	1.06
2404000	1.02
2404200	0.95
2404400	0.95
2404600	0.97
2404800	1.06
2405000	1.08
2405200	1.07
2405400	1.21
2405600	1.26
2405800	1.28
2406000	1.16
2406200	0.98
2406400	0.92
2406600	0.85
2406800	0.69
2407000	0.74
2407200	0.86
2407400	0.90
2407600	0.86
2407800	0.85
2408000	0.89
2408200	0.95
2408400	0.89
2408600	0.83
2408800	0.77
2409000	0.85
2409200	0.88
2409400	0.82
2409600	0.71
2409800	0.57
2410000	0.45
2410200	0.47
2410400	0.51
2410600	0.44
2410800	0.37
2411000	0.34
2411200	0.43
2411400	0.54
2411600	0.52
2411800	0.65
2412000	0.89
2412200	1.14
2412400	1.26
2412600	1.23
2412800	1.18
2413000	1.19
2413200	1.28
2413400	1.34
2413600	1.36
2413800	1.36
2414000	1.43
2414200	1.40
2414400	1.32
2414600	1.25
2414800	1.30
2415000	1.59
2415200	1.85
2415400	2.02
2415600	2.05
2415800	2.07
2416000	1.97
2416200	1.89
2416400	1.99
2416600	2.18
2416800	2.26
2417000	2.18
2417200	1.92
2417400	1.62
2417600	1.40
2417800	1.26
2418000	1.17
2418200	1.20
2418400	1.19
2418600	1.28
2418800	1.38
2419000	1.43
2419200	1.38
2419400	1.36
2419600	1.38
2419800	1.42
2420000	1.46
2420200	1.42
2420400	1.46
2420600	1.49
2420800	1.50
2421000	1.44
2421200	1.36
2421400	1.30
2421600	1.26
2421800	1.18
2422000	1.19
2422200	1.04
2422400	0.82
2422600	0.75
2422800	0.63
2423000	0.52
2423200	0.42
2423400	0.58
2423600	0.81
2423800	1.00
2424000	1.03
2424200	0.99
2424400	0.86
2424600	0.71
2424800	0.61
2425000	0.56
2425200	0.55
2425400	0.57
2425600	0.57
2425800	0.52
2426000	0.49
2426200	0.58
2426400	0.86
2426600	1.02
2426800	1.06
2427000	0.90
2427200	0.76
2427400	0.64
2427600	0.63
2427800	0.70
2428000	0.81
2428200	0.92
2428400	1.01
2428600	1.07
2428800	1.09
2429000	0.97
2429200	0.93
2429400	0.99
2429600	1.12
2429800	1.05
2430000	0.95
2430200	0.85
2430400	0.78
2430600	0.58
2430800	0.53
2431000	0.59
2431200	0.76
2431400	0.82
2431600	0.79
2431800	0.65
2432000	0.59
2432200	0.55
2432400	0.28
2432600	0.20
2432800	0.20
2433000	0.20
2433200	0.26
2433400	0.34
2433600	0.35
2433800	0.36
2434000	0.35
2434200	0.26
2434400	0.23
2434600	0.60
2434800	0.90
2435000	1.09
2435200	1.29
2435400	1.50
2435600	1.66
2435800	1.82
2436000	1.86
2436200	1.82
2436400	1.70
2436600	1.54
2436800	1.50
2437000	1.56
2437200	1.71
2437400	1.81
2437600	1.82
2437800	1.69
2438000	1.38
2438200	1.19
2438400	1.01
2438600	0.90
2438800	0.80
2439000	0.71
2439200	0.60
2439400	0.61
2439600	0.77
2439800	0.85
2440000	0.88
2440200	0.79
2440400	0.67
2440600	0.50
2440800	0.40
2441000	0.46
2441200	0.57
2441400	0.66
2441600	0.84
2441800	0.91
2442000	0.92
2442200	0.86
2442400	0.96
2442600	0.95
2442800	0.77
2443000	0.51
2443200	0.19
2443400	0.20
2443600	0.35
2443800	0.51
2444000	0.61
2444200	0.57
2444400	0.59
2444600	0.71
2444800	0.92
2445000	0.82
2445200	0.73
2445400	0.56
2445600	0.38
2445800	0.32
2446000	0.23
2446200	0.25
2446400	0.32
2446600	0.35
2446800	0.48
2447000	0.62
2447200	0.64
2447400	0.71
2447600	0.94
2447800	1.09
2448000	1.31
2448200	1.41
2448400	1.42
2448600	1.44
2448800	1.45
2449000	1.50
2449200	1.53
2449400	1.41
2449600	1.24
2449800	1.13
2450000	1.05
2450200	0.91
2450400	0.77
2450600	0.64
2450800	0.49
2451000	0.36
2451200	0.14
2451400	0.19
2451600	0.53
2451800	0.80
2452000	0.87
2452200	0.91
2452400	0.90
2452600	0.76
2452800	0.67
2453000	0.67
2453200	0.69
2453400	0.69
2453600	0.54
2453800	0.36
2454000	0.27
2454200	0.30
2454400	0.41
2454600	0.56
2454800	0.72
2455000	0.82
2455200	0.72
2455400	0.54
2455600	0.39
2455800	0.32
2456000	0.31
2456200	0.31
2456400	0.34
2456600	0.34
2456800	0.51
2457000	0.66
2457200	0.53
2457400	0.39
2457600	0.29
2457800	0.26
2458000	0.22
2458200	0.17
2458400	0.18
2458600	0.19
2458800	0.31
2459000	0.47
2459200	0.61
2459400	0.61
2459600	0.47
2459800	0.32
2460000	0.39
2460200	0.50
2460400	0.57
2460600	0.71
2460800	0.83
2461000	0.93
2461200	0.82
2461400	0.65
2461600	0.45
2461800	0.41
2462000	0.30
2462200	0.20
2462400	0.18
2462600	0.20
2462800	0.11
2463000	0.24
2463200	0.54
2463400	0.79
2463600	0.92
2463800	1.07
2464000	1.25
2464200	1.35
2464400	1.40
2464600	1.37
2464800	1.27
2465000	1.08
2465200	0.85
2465400	0.56
2465600	0.32
2465800	0.22
2466000	0.24
2466200	0.26
2466400	0.29
2466600	0.37
2466800	0.46
2467000	0.37
2467200	0.39
2467400	0.45
2467600	0.51
2467800	0.54
2468000	0.72
2468200	0.95
2468400	1.04
2468600	1.09
2468800	1.22
2469000	1.37
2469200	1.41
2469400	1.34
2469600	1.42
2469800	1.41
2470000	1.30
2470200	1.14
2470400	1.01
2470600	0.91
2470800	0.85
2471000	0.71
2471200	0.63
2471400	0.88
2471600	1.27
2471800	1.59
2472000	1.83
2472200	2.08
2472400	2.23
2472600	2.24
2472800	2.02
2473000	1.75
2473200	1.39
2473400	1.11
2473600	0.84
2473800	0.76
2474000	0.86
2474200	1.04
2474400	1.27
2474600	1.44
2474800	1.49
2475000	1.58
2475200	1.70
2475400	1.74
2475600	1.68
2475800	1.55
2476000	1.34
2476200	1.16
2476400	1.20
2476600	1.23
2476800	1.24
2477000	1.20
2477200	1.06
2477400	0.82
2477600	0.58
2477800	0.45
2478000	0.41
2478200	0.33
2478400	0.30
2478600	0.52
2478800	0.71
2479000	0.82
2479200	0.85
2479400	0.76
2479600	0.73
2479800	0.73
2480000	0.71
2480200	0.78
2480400	0.83
2480600	0.80
2480800	0.70
2481000	0.46
2481200	0.37
2481400	0.36
2481600	0.29
2481800	0.19
2482000	0.11
2482200	0.19
2482400	0.41
2482600	0.63
2482800	0.68
2483000	0.58
2483200	0.61
2483400	0.78
2483600	0.85
2483800	0.85
2484000	0.97
2484200	1.12
2484400	1.35
2484600	1.47
2484800	1.52
2485000	1.46
2485200	1.19
2485400	0.95
2485600	0.83
2485800	0.86
2486000	0.93
2486200	1.08
2486400	1.12
2486600	1.16
2486800	1.21
2487000	1.25
2487200	1.40
2487400	1.58
2487600	1.73
2487800	1.71
2488000	1.62
2488200	1.52
2488400	1.36
2488600	1.37
2488800	1.56
2489000	1.57
2489200	1.56
2489400	1.65
2489600	1.75
2489800	1.73
2490000	1.54
2490200	1.25
2490400	0.94
2490600	0.73
2490800	0.67
2491000	0.86
2491200	1.15
2491400	1.42
2491600	1.61
2491800	1.67
2492000	1.73
2492200	1.61
2492400	1.38
2492600	1.30
2492800	1.18
2493000	1.02
2493200	0.85
2493400	0.56
2493600	0.40
2493800	0.24
2494000	0.33
2494200	0.50
2494400	0.64
2494600	0.91
2494800	1.12
2495000	1.09
2495200	0.95
2495400	0.88
2495600	0.82
2495800	0.66
2496000	0.48
2496200	0.23
2496400	0.06
2496600	0.23
2496800	0.39
2497000	0.51
2497200	0.57
2497400	0.65
2497600	0.87
2497800	1.03
2498000	1.05
2498200	0.95
2498400	0.82
2498600	0.63
2498800	0.33
2499000	0.26
2499200	0.41
2499400	0.58
2499600	0.60
2499800	0.62
2500000	0.68
2500200	0.77
2500400	0.84
2500600	0.89
2500800	0.88
2501000	0.76
2501200	0.62
2501400	0.48
2501600	0.22
2501800	0.18
2502000	0.25
2502200	0.19
2502400	0.10
2502600	0.14
2502800	0.20
2503000	0.14
2503200	0.13
2503400	0.18
2503600	0.14
2503800	0.06
2504000	0.05
2504200	0.05
2504400	0.26
2504600	0.46
2504800	0.50
2505000	0.57
2505200	0.65
2505400	0.78
2505600	0.80
2505800	0.74
2506000	0.68
2506200	0.66
2506400	0.84
2506600	1.00
2506800	0.96
2507000	0.85
2507200	0.81
2507400	0.75
2507600	0.52
2507800	0.36
2508000	0.31
2508200	0.28
2508400	0.30
2508600	0.39
2508800	0.57
2509000	0.64
2509200	0.66
2509400	0.66
2509600	0.67
2509800	0.85
2510000	0.93
2510200	0.94
2510400	0.98
2510600	1.04
2510800	1.08
2511000	1.12
2511200	1.23
2511400	1.32
2511600	1.53
2511800	1.71
2512000	1.79
2512200	2.00
2512400	2.11
2512600	1.99
2512800	1.80
2513000	1.64
2513200	1.46
2513400	1.16
2513600	1.03
2513800	0.86
2514000	0.50
2514200	0.32
2514400	0.36
2514600	0.44
2514800	0.50
2515000	0.62
2515200	0.76
2515400	0.86
2515600	0.89
2515800	0.98
2516000	0.96
2516200	0.77
2516400	0.53
2516600	0.29
2516800	0.06
2517000	0.20
2517200	0.35
2517400	0.41
2517600	0.44
2517800	0.35
2518000	0.27
2518200	0.32
2518400	0.38
2518600	0.41
2518800	0.39
2519000	0.38
2519200	0.36
2519400	0.14
2519600	0.08
2519800	0.16
2520000	0.29
2520200	0.44
2520400	0.75
2520600	1.06
2520800	1.24
2521000	1.34
2521200	1.34
2521400	1.18
2521600	0.94
2521800	0.62
2522000	0.43
2522200	0.44
2522400	0.64
2522600	0.82
2522800	1.01
2523000	1.07
2523200	1.10
2523400	1.20
2523600	1.29
2523800	1.31
2524000	1.35
2524200	1.34
2524400	1.20
2524600	1.15
2524800	1.15
2525000	1.02
2525200	0.84
2525400	0.64
2525600	0.56
2525800	0.51
2526000	0.50
2526200	0.52
2526400	0.48
2526600	0.38
2526800	0.26
2527000	0.16
2527200	0.12
2527400	0.21
2527600	0.38
2527800	0.56
2528000	0.68
2528200	0.69
2528400	0.70
2528600	0.66
2528800	0.65
2529000	0.71
2529200	0.66
2529400	0.60
2529600	0.50
2529800	0.56
2530000	0.55
2530200	0.51
2530400	0.56
2530600	0.63
2530800	0.67
2531000	0.63
2531200	0.56
2531400	0.45
2531600	0.24
2531800	0.12
2532000	0.16
2532200	0.22
2532400	0.39
2532600	0.53
2532800	0.59
2533000	0.66
2533200	0.63
2533400	0.48
2533600	0.36
2533800	0.34
2534000	0.42
2534200	0.54
2534400	0.69
2534600	0.86
2534800	0.94
2535000	1.03
2535200	1.24
2535400	1.48
2535600	1.74
2535800	1.84
2536000	1.94
2536200	1.90
2536400	1.87
2536600	1.77
2536800	1.54
2537000	1.25
2537200	0.99
2537400	0.82
2537600	0.77
2537800	0.79
2538000	0.74
2538200	0.70
2538400	0.68
2538600	0.70
2538800	0.68
2539000	0.53
2539200	0.41
2539400	0.51
2539600	0.69
2539800	0.87
2540000	1.02
2540200	1.30
2540400	1.70
2540600	1.90
2540800	2.03
2541000	1.81
2541200	1.54
2541400	1.33
2541600	1.22
2541800	1.11
2542000	0.83
2542200	0.51
2542400	0.25
2542600	0.23
2542800	0.31
2543000	0.32
2543200	0.31
2543400	0.33
2543600	0.41
2543800	0.36
2544000	0.30
2544200	0.22
2544400	0.10
2544600	0.08
2544800	0.12
2545000	0.16
2545200	0.21
2545400	0.21
2545600	0.53
2545800	0.83
2546000	1.02
2546200	1.20
2546400	1.33
2546600	1.43
2546800	1.46
2547000	1.31
2547200	1.11
2547400	0.98
2547600	0.95
2547800	0.94
2548000	0.96
2548200	0.79
2548400	0.54
2548600	0.45
2548800	0.62
2549000	0.80
2549200	0.91
2549400	0.85
2549600	0.80
2549800	0.80
2550000	0.78
2550200	0.92
2550400	1.14
2550600	1.26
2550800	1.20
2551000	1.16
2551200	1.10
2551400	1.11
2551600	1.16
2551800	1.12
2552000	1.10
2552200	1.22
2552400	1.20
2552600	1.17
2552800	1.01
2553000	0.72
2553200	0.60
2553400	0.45
2553600	0.42
2553800	0.45
2554000	0.46
2554200	0.48
2554400	0.39
2554600	0.31
2554800	0.73
2555000	1.24
2555200	1.80
2555400	2.27
2555600	2.68
2555800	2.93
2556000	2.84
2556200	2.65
2556400	2.49
2556600	2.52
2556800	2.48
2557000	2.39
2557200	2.25
2557400	2.12
2557600	1.96
2557800	1.90
2558000	1.92
2558200	1.85
2558400	1.63
2558600	1.41
2558800	1.22
2559000	1.04
2559200	0.93
2559400	0.95
2559600	1.00
2559800	1.10
2560000	1.14
2560200	1.17
2560400	1.21
2560600	1.29
2560800	1.49
2561000	1.74
2561200	1.94
2561400	2.12
2561600	2.14
2561800	2.00
2562000	1.80
2562200	1.61
2562400	1.43
2562600	1.27
2562800	1.13
2563000	0.97
2563200	0.81
2563400	0.70
2563600	0.61
2563800	0.63
2564000	0.53
2564200	0.55
2564400	0.67
2564600	0.73
2564800	0.71
2565000	0.76
2565200	0.84
2565400	0.91
2565600	0.92
2565800	0.87
2566000	0.83
2566200	1.02
2566400	1.21
2566600	1.35
2566800	1.31
2567000	1.33
2567200	1.40
2567400	1.48
2567600	1.57
2567800	1.56
2568000	1.45
2568200	1.43
2568400	1.46
2568600	1.55
2568800	1.56
2569000	1.44
2569200	1.26
2569400	1.11
2569600	0.98
2569800	0.69
2570000	0.59
2570200	0.56
2570400	0.55
2570600	0.48
2570800	0.45
2571000	0.36
2571200	0.40
2571400	0.51
2571600	0.64
2571800	0.69
2572000	0.70
2572200	0.78
2572400	0.90
2572600	0.89
2572800	0.85
2573000	0.82
2573200	0.68
2573400	0.57
2573600	0.53
2573800	0.53
2574000	0.62
2574200	0.72
2574400	0.80
2574600	0.85
2574800	0.88
2575000	0.77
2575200	0.47
2575400	0.23
2575600	0.36
2575800	0.50
2576000	0.58
2576200	0.59
2576400	0.49
2576600	0.48
2576800	0.36
2577000	0.16
2577200	0.04
2577400	0.12
2577600	0.17
2577800	0.23
2578000	0.32
2578200	0.51
2578400	0.72
2578600	0.79
2578800	0.88
2579000	1.05
2579200	1.24
2579400	1.42
2579600	1.63
2579800	1.83
2580000	2.01
2580200	2.04
2580400	2.04
2580600	1.98
2580800	1.73
2581000	1.47
2581200	1.16
2581400	0.87
2581600	0.91
2581800	1.06
2582000	1.24
2582200	1.39
2582400	1.52
2582600	1.58
2582800	1.57
2583000	1.51
2583200	1.34
2583400	1.19
2583600	1.13
2583800	1.08
2584000	0.92
2584200	0.73
2584400	0.54
2584600	0.32
2584800	0.40
2585000	0.52
2585200	0.61
2585400	0.65
2585600	0.49
2585800	0.41
2586000	0.24
2586200	0.16
2586400	0.18
2586600	0.34
2586800	0.61
2587000	0.76
2587200	0.76
2587400	0.67
2587600	0.61
2587800	0.57
2588000	0.54
2588200	0.52
2588400	0.67
2588600	0.72
2588800	0.65
2589000	0.53
2589200	0.61
2589400	0.71
2589600	0.80
2589800	0.79
2590000	0.70
2590200	0.60
2590400	0.57
2590600	0.60
2590800	0.65
2591000	0.82
2591200	1.15
2591400	1.42
2591600	1.60
2591800	1.68
2592000	1.62
2592200	1.46
2592400	1.26
2592600	1.02
2592800	0.88
2593000	0.77
2593200	0.57
2593400	0.46
2593600	0.45
2593800	0.50
2594000	0.60
2594200	0.79
2594400	0.83
2594600	0.69
2594800	0.62
2595000	0.66
2595200	0.78
2595400	0.86
2595600	0.69
2595800	0.45
2596000	0.29
2596200	0.40
2596400	0.64
2596600	0.95
2596800	1.08
2597000	1.10
2597200	1.20
2597400	1.36
2597600	1.44
2597800	1.40
2598000	1.33
2598200	1.19
2598400	0.99
2598600	0.91
2598800	0.94
2599000	0.99
2599200	1.10
2599400	1.14
2599600	1.11
2599800	1.06
2600000	1.03
2600200	0.91
2600400	0.73
2600600	0.57
2600800	0.51
2601000	0.54
2601200	0.57
2601400	0.62
2601600	0.67
2601800	0.72
2602000	0.71
2602200	0.69
2602400	0.61
2602600	0.49
2602800	0.41
2603000	0.33
2603200	0.21
2603400	0.16
2603600	0.24
2603800	0.33
2604000	0.41
2604200	0.52
2604400	0.60
2604600	0.56
2604800	0.45
2605000	0.46
2605200	0.53
2605400	0.53
2605600	0.60
2605800	0.77
2606000	0.86
2606200	0.91
2606400	0.94
2606600	0.94
2606800	0.87
2607000	0.67
2607200	0.37
2607400	0.27
2607600	0.52
2607800	0.74
2608000	0.77
2608200	0.71
2608400	0.54
2608600	0.34
2608800	0.18
2609000	0.22
2609200	0.39
2609400	0.53
2609600	0.54
2609800	0.47
2610000	0.37
2610200	0.34
2610400	0.41
2610600	0.56
2610800	0.64
2611000	0.63
2611200	0.58
2611400	0.45
2611600	0.22
2611800	0.15
2612000	0.33
2612200	0.51
2612400	0.65
2612600	0.68
2612800	0.68
2613000	0.64
2613200	0.67
2613400	0.74
2613600	0.79
2613800	0.78
2614000	0.84
2614200	0.90
2614400	0.85
2614600	0.76
2614800	0.65
2615000	0.67
2615200	0.85
2615400	1.03
2615600	1.15
2615800	1.23
2616000	1.30
2616200	1.37
2616400	1.38
2616600	1.35
2616800	1.30
2617000	1.29
2617200	1.23
2617400	1.15
2617600	1.03
2617800	0.89
2618000	0.75
2618200	0.69
2618400	0.54
2618600	0.36
2618800	0.14
2619000	0.17
2619200	0.28
2619400	0.37
2619600	0.48
2619800	0.72
2620000	0.92
2620200	1.05
2620400	1.21
2620600	1.35
2620800	1.51
2621000	1.61
2621200	1.62
2621400	1.61
2621600	1.53
2621800	1.35
2622000	1.18
2622200	1.00
2622400	0.88
2622600	0.82
2622800	0.75
2623000	0.62
2623200	0.54
2623400	0.49
2623600	0.43
2623800	0.38
2624000	0.36
2624200	0.35
2624400	0.34
2624600	0.31
2624800	0.26
2625000	0.27
2625200	0.26
2625400	0.31
2625600	0.45
2625800	0.58
2626000	0.65
2626200	0.64
2626400	0.60
2626600	0.56
2626800	0.46
2627000	0.29
2627200	0.19
2627400	0.24
2627600	0.32
2627800	0.31
2628000	0.27
2628200	0.27
2628400	0.30
2628600	0.24
2628800	0.19
2629000	0.18
2629200	0.18
2629400	0.23
2629600	0.29
2629800	0.38
2630000	0.51
2630200	0.63
2630400	0.67
2630600	0.71
2630800	0.78
2631000	0.91
2631200	1.00
2631400	1.13
2631600	1.27
2631800	1.42
2632000	1.49
2632200	1.48
2632400	1.39
2632600	1.24
2632800	1.00
2633000	0.71
2633200	0.49
2633400	0.37
2633600	0.26
2633800	0.16
2634000	0.26
2634200	0.41
2634400	0.55
2634600	0.66
2634800	0.75
2635000	0.77
2635200	0.78
2635400	0.73
2635600	0.62
2635800	0.54
2636000	0.44
2636200	0.35
2636400	0.35
2636600	0.31
2636800	0.26
2637000	0.13
2637200	0.07
2637400	0.27
2637600	0.44
2637800	0.61
2638000	0.81
2638200	0.84
2638400	0.84
2638600	0.74
2638800	0.56
2639000	0.46
2639200	0.35
2639400	0.21
2639600	0.17
2639800	0.07
2640000	0.10
2640200	0.18
2640400	0.28
2640600	0.34
2640800	0.43
2641000	0.51
2641200	0.63
2641400	0.64
2641600	0.52
2641800	0.37
2642000	0.28
2642200	0.26
2642400	0.24
2642600	0.22
2642800	0.17
2643000	0.19
2643200	0.10
2643400	0.06
2643600	0.14
2643800	0.21
2644000	0.21
2644200	0.18
2644400	0.20
2644600	0.28
2644800	0.33
2645000	0.33
2645200	0.36
2645400	0.45
2645600	0.58
2645800	0.69
2646000	0.71
2646200	0.67
2646400	0.68
2646600	0.67
2646800	0.60
2647000	0.52
2647200	0.44
2647400	0.34
2647600	0.25
2647800	0.25
2648000	0.30
2648200	0.32
2648400	0.28
2648600	0.20
2648800	0.13
2649000	0.14
2649200	0.12
2649400	0.10
2649600	0.19
2649800	0.28
2650000	0.27
2650200	0.32
2650400	0.42
2650600	0.47
2650800	0.46
2651000	0.46
2651200	0.44
2651400	0.54
2651600	0.62
2651800	0.75
2652000	0.89
2652200	1.01
2652400	1.09
2652600	1.06
2652800	0.98
2653000	0.89
2653200	0.76
2653400	0.63
2653600	0.47
2653800	0.41
2654000	0.44
2654200	0.41
2654400	0.29
2654600	0.20
2654800	0.20
2655000	0.26
2655200	0.29
2655400	0.33
2655600	0.36
2655800	0.37
2656000	0.37
2656200	0.34
2656400	0.18
2656600	0.03
2656800	0.17
2657000	0.33
2657200	0.39
2657400	0.38
2657600	0.29
2657800	0.14
2658000	0.03
2658200	0.13
2658400	0.25
2658600	0.32
2658800	0.34
2659000	0.35
2659200	0.25
2659400	0.12
2659600	0.12
2659800	0.20
2660000	0.30
2660200	0.37
2660400	0.46
2660600	0.47
2660800	0.49
2661000	0.61
2661200	0.71
2661400	0.77
2661600	0.82
2661800	0.87
2662000	1.07
2662200	1.25
2662400	1.35
2662600	1.40
2662800	1.39
2663000	1.37
2663200	1.37
2663400	1.32
2663600	1.14
2663800	0.93
2664000	0.68
2664200	0.55
2664400	0.47
2664600	0.40
2664800	0.33
2665000	0.26
2665200	0.27
2665400	0.31
2665600	0.34
2665800	0.34
2666000	0.33
2666200	0.25
2666400	0.19
2666600	0.19
2666800	0.23
2667000	0.19
2667200	0.18
2667400	0.28
2667600	0.43
2667800	0.56
2668000	0.71
2668200	0.82
2668400	0.84
2668600	0.92
2668800	0.99
2669000	0.92
2669200	0.84
2669400	0.70
2669600	0.61
2669800	0.49
2670000	0.38
2670200	0.28
2670400	0.30
2670600	0.39
2670800	0.45
2671000	0.55
2671200	0.61
2671400	0.72
2671600	0.86
2671800	1.07
2672000	1.29
2672200	1.50
2672400	1.69
2672600	1.76
2672800	1.75
2673000	1.67
2673200	1.52
2673400	1.41
2673600	1.39
2673800	1.35
2674000	1.22
2674200	0.99
2674400	0.79
2674600	0.62
2674800	0.46
2675000	0.36
2675200	0.33
2675400	0.28
2675600	0.19
2675800	0.20
2676000	0.24
2676200	0.26
2676400	0.34
2676600	0.44
2676800	0.52
2677000	0.55
2677200	0.51
2677400	0.41
2677600	0.24
2677800	0.21
2678000	0.14
2678200	0.08
2678400	0.04
2678600	0.04
2678800	0.14
2679000	0.26
2679200	0.35
2679400	0.38
2679600	0.38
2679800	0.44
2680000	0.53
2680200	0.59
2680400	0.63
2680600	0.56
2680800	0.46
2681000	0.43
2681200	0.41
2681400	0.35
2681600	0.32
2681800	0.32
2682000	0.36
2682200	0.30
2682400	0.27
2682600	0.31
2682800	0.31
2683000	0.29
2683200	0.24
2683400	0.18
2683600	0.12
2683800	0.16
2684000	0.18
2684200	0.24
2684400	0.30
2684600	0.28
2684800	0.30
2685000	0.41
2685200	0.52
2685400	0.60
2685600	0.60
2685800	0.59
2686000	0.59
2686200	0.54
2686400	0.37
2686600	0.11
2686800	0.11
2687000	0.30
2687200	0.37
2687400	0.39
2687600	0.43
2687800	0.44
2688000	0.47
2688200	0.52
2688400	0.59
2688600	0.57
2688800	0.51
2689000	0.53
2689200	0.52
2689400	0.38
2689600	0.28
2689800	0.25
2690000	0.21
2690200	0.16
2690400	0.17
2690600	0.14
2690800	0.17
2691000	0.30
2691200	0.38
2691400	0.40
2691600	0.42
2691800	0.35
2692000	0.24
2692200	0.20
2692400	0.32
2692600	0.47
2692800	0.56
2693000	0.62
2693200	0.64
2693400	0.60
2693600	0.58
2693800	0.61
2694000	0.69
2694200	0.69
2694400	0.65
2694600	0.56
2694800	0.54
2695000	0.56
2695200	0.65
2695400	0.72
2695600	0.74
2695800	0.75
2696000	0.69
2696200	0.50
2696400	0.30
2696600	0.18
2696800	0.28
2697000	0.43
2697200	0.57
2697400	0.72
2697600	0.84
2697800	0.87
2698000	0.77
2698200	0.63
2698400	0.49
2698600	0.34
2698800	0.20
2699000	0.18
2699200	0.31
2699400	0.42
2699600	0.48
2699800	0.42
2700000	0.40
2700200	0.50
2700400	0.62
2700600	0.73
2700800	0.76
2701000	0.78
2701200	0.82
2701400	0.84
2701600	0.91
2701800	0.92
2702000	0.88
2702200	0.76
2702400	0.68
2702600	0.58
2702800	0.46
2703000	0.39
2703200	0.36
2703400	0.43
2703600	0.56
2703800	0.67
2704000	0.76
2704200	0.79
2704400	0.74
2704600	0.72
2704800	0.80
2705000	0.88
2705200	0.96
2705400	1.01
2705600	0.96
2705800	0.85
2706000	0.76
2706200	0.71
2706400	0.68
2706600	0.74
2706800	0.77
2707000	0.87
2707200	0.89
2707400	0.87
2707600	0.80
2707800	0.83
2708000	0.92
2708200	0.94
2708400	0.95
2708600	0.94
2708800	0.93
2709000	0.84
2709200	0.73
2709400	0.61
2709600	0.59
2709800	0.61
2710000	0.56
2710200	0.45
2710400	0.37
2710600	0.34
2710800	0.31
2711000	0.27
2711200	0.36
2711400	0.47
2711600	0.60
2711800	0.65
2712000	0.68
2712200	0.71
2712400	0.73
2712600	0.77
2712800	0.75
2713000	0.74
2713200	0.81
2713400	0.82
2713600	0.83
2713800	0.82
2714000	0.76
2714200	0.71
2714400	0.68
2714600	0.62
2714800	0.50
2715000	0.43
2715200	0.40
2715400	0.42
2715600	0.47
2715800	0.46
2716000	0.42
2716200	0.33
2716400	0.26
2716600	0.20
2716800	0.18
2717000	0.15
2717200	0.13
2717400	0.14
2717600	0.15
2717800	0.20
2718000	0.13
2718200	0.04
2718400	0.14
2718600	0.32
2718800	0.53
2719000	0.70
2719200	0.66
2719400	0.58
2719600	0.48
2719800	0.37
2720000	0.32
2720200	0.34
2720400	0.30
2720600	0.24
2720800	0.16
2721000	0.12
2721200	0.12
2721400	0.35
2721600	0.58
2721800	0.74
2722000	0.88
2722200	1.20
2722400	1.51
2722600	1.78
2722800	1.81
2723000	1.73
2723200	1.73
2723400	1.71
2723600	1.66
2723800	1.63
2724000	1.69
2724200	1.59
2724400	1.63
2724600	1.71
2724800	1.73
2725000	1.67
2725200	1.39
2725400	1.24
2725600	1.15
2725800	1.11
2726000	1.03
2726200	0.93
2726400	0.96
2726600	1.12
2726800	1.18
2727000	1.14
2727200	1.07
2727400	1.22
2727600	1.33
2727800	1.31
2728000	1.11
2728200	0.88
2728400	0.73
2728600	0.66
2728800	0.59
2729000	0.56
2729200	0.53
2729400	0.46
2729600	0.43
2729800	0.49
2730000	0.60
2730200	0.64
2730400	0.57
2730600	0.43
2730800	0.47
2731000	0.44
2731200	0.43
2731400	0.33
2731600	0.29
2731800	0.46
2732000	0.72
2732200	0.87
2732400	0.96
2732600	0.96
2732800	0.86
2733000	0.69
2733200	0.61
2733400	0.58
2733600	0.64
2733800	0.76
2734000	0.89
2734200	1.08
2734400	1.28
2734600	1.40
2734800	1.44
2735000	1.50
2735200	1.54
2735400	1.48
2735600	1.42
2735800	1.37
2736000	1.37
2736200	1.52
2736400	1.72
2736600	1.82
2736800	1.80
2737000	1.89
2737200	2.00
2737400	2.10
2737600	2.20
2737800	2.15
2738000	1.97
2738200	1.72
2738400	1.29
2738600	0.95
2738800	0.79
2739000	0.72
2739200	0.59
2739400	0.48
2739600	0.61
2739800	0.72
2740000	0.72
2740200	0.67
2740400	0.49
2740600	0.17
2740800	0.12
2741000	0.32
2741200	0.54
2741400	0.63
2741600	0.55
2741800	0.43
2742000	0.32
2742200	0.13
2742400	0.21
2742600	0.45
2742800	0.63
2743000	0.84
2743200	1.14
2743400	1.32
2743600	1.36
2743800	1.33
2744000	1.21
2744200	1.02
2744400	0.90
2744600	0.80
2744800	0.78
2745000	0.71
2745200	0.62
2745400	0.39
2745600	0.23
2745800	0.21
2746000	0.30
2746200	0.34
2746400	0.29
2746600	0.23
2746800	0.30
2747000	0.47
2747200	0.51
2747400	0.50
2747600	0.60
2747800	0.84
2748000	1.08
2748200	1.20
2748400	1.28
2748600	1.35
2748800	1.40
2749000	1.31
2749200	1.26
2749400	1.19
2749600	1.07
2749800	0.97
2750000	0.81
2750200	0.54
2750400	0.35
2750600	0.20
2750800	0.25
2751000	0.44
2751200	0.62
2751400	0.79
2751600	1.00
2751800	1.10
2752000	1.12
2752200	0.93
2752400	0.80
2752600	0.75
2752800	0.73
2753000	0.69
2753200	0.68
2753400	0.81
2753600	0.90
2753800	0.69
2754000	0.55
2754200	0.40
2754400	0.34
2754600	0.37
2754800	0.50
2755000	0.69
2755200	0.63
2755400	0.57
2755600	0.51
2755800	0.62
2756000	0.84
2756200	1.00
2756400	1.11
2756600	1.13
2756800	1.10
2757000	1.03
2757200	1.04
2757400	1.13
2757600	1.07
2757800	0.97
2758000	0.91
2758200	0.85
2758400	0.60
2758600	0.38
2758800	0.28
2759000	0.18
2759200	0.20
2759400	0.20
2759600	0.34
2759800	0.51
2760000	0.56
2760200	0.49
2760400	0.36
2760600	0.28
2760800	0.25
2761000	0.34
2761200	0.50
2761400	0.63
2761600	0.68
2761800	0.61
2762000	0.50
2762200	0.28
2762400	0.12
2762600	0.19
2762800	0.25
2763000	0.37
2763200	0.39
2763400	0.53
2763600	0.64
2763800	0.73
2764000	0.86
2764200	0.91
2764400	0.84
2764600	0.88
2764800	0.99
2765000	1.12
2765200	1.23
2765400	1.33
2765600	1.32
2765800	1.23
2766000	1.15
2766200	1.02
2766400	0.84
2766600	0.65
2766800	0.48
2767000	0.52
2767200	0.90
2767400	1.28
2767600	1.54
2767800	1.61
2768000	1.62
2768200	1.48
2768400	1.25
2768600	1.03
2768800	0.74
2769000	0.50
2769200	0.25
2769400	0.24
2769600	0.55
2769800	1.01
2770000	1.45
2770200	1.78
2770400	2.13
2770600	2.22
2770800	2.29
2771000	2.33
2771200	2.33
2771400	2.25
2771600	1.98
2771800	1.76
2772000	1.52
2772200	1.31
2772400	1.12
2772600	0.99
2772800	0.95
2773000	0.80
2773200	0.58
2773400	0.49
2773600	0.36
2773800	0.28
2774000	0.28
2774200	0.30
2774400	0.26
2774600	0.16
2774800	0.43
2775000	0.67
2775200	0.86
2775400	0.93
2775600	0.91
2775800	0.85
2776000	0.79
2776200	0.68
2776400	0.58
2776600	0.41
2776800	0.27
2777000	0.27
2777200	0.33
2777400	0.26
2777600	0.21
2777800	0.12
2778000	0.18
2778200	0.33
2778400	0.49
2778600	0.63
2778800	0.79
2779000	1.01
2779200	1.14
2779400	1.19
2779600	1.37
2779800	1.44
2780000	1.37
2780200	1.23
2780400	1.08
2780600	0.99
2780800	0.86
2781000	0.80
2781200	0.78
2781400	0.76
2781600	0.66
2781800	0.58
2782000	0.69
2782200	0.94
2782400	1.08
2782600	1.05
2782800	0.86
2783000	0.61
2783200	0.37
2783400	0.32
2783600	0.53
2783800	0.69
2784000	0.75
2784200	0.73
2784400	0.61
2784600	0.39
2784800	0.28
2785000	0.26
2785200	0.31
2785400	0.55
2785600	0.63
2785800	0.52
2786000	0.54
2786200	0.60
2786400	0.55
2786600	0.44
2786800	0.45
2787000	0.44
2787200	0.24
2787400	0.13
2787600	0.34
2787800	0.46
2788000	0.35
2788200	0.11
2788400	0.21
2788600	0.66
2788800	1.06
2789000	1.31
2789200	1.26
2789400	1.03
2789600	0.84
2789800	0.67
2790000	0.56
2790200	0.50
2790400	0.65
2790600	0.60
2790800	0.31
2791000	0.23
2791200	0.20
2791400	0.04
2791600	0.14
2791800	0.35
2792000	0.56
2792200	0.84
2792400	1.22
2792600	1.47
2792800	1.45
2793000	1.38
2793200	1.31
2793400	1.40
2793600	1.51
2793800	1.42
2794000	1.35
2794200	1.30
2794400	1.32
2794600	1.34
2794800	1.40
2795000	1.48
2795200	1.52
2795400	1.43
2795600	1.24
2795800	1.12
2796000	1.01
2796200	0.89
2796400	0.88
2796600	0.89
2796800	0.90
2797000	0.88
2797200	0.92
2797400	0.88
2797600	0.83
2797800	0.92
2798000	0.96
2798200	0.93
2798400	0.98
2798600	1.06
2798800	1.13
2799000	1.17
2799200	1.22
2799400	1.20
2799600	1.12
2799800	1.15
2800000	1.08
2800200	0.91
2800400	0.71
2800600	0.59
2800800	0.52
2801000	0.47
2801200	0.36
2801400	0.24
2801600	0.15
2801800	0.14
2802000	0.24
2802200	0.47
2802400	0.71
2802600	0.96
2802800	1.11
2803000	1.20
2803200	1.23
2803400	1.15
2803600	1.32
2803800	1.48
2804000	1.51
2804200	1.35
2804400	1.13
2804600	0.93
2804800	1.00
2805000	1.06
2805200	1.08
2805400	1.03
2805600	0.98
2805800	0.87
2806000	0.74
2806200	0.61
2806400	0.56
2806600	0.56
2806800	0.75
2807000	0.91
2807200	0.88
2807400	0.76
2807600	0.70
2807800	0.66
2808000	0.64
2808200	0.42
2808400	0.34
2808600	0.51
2808800	0.64
2809000	0.70
2809200	0.88
2809400	1.04
2809600	1.19
2809800	1.35
2810000	1.41
2810200	1.30
2810400	1.15
2810600	1.06
2810800	1.01
2811000	0.94
2811200	0.89
2811400	0.98
2811600	0.92
2811800	0.87
2812000	1.00
2812200	1.16
2812400	1.30
2812600	1.52
2812800	1.80
2813000	2.05
2813200	2.25
2813400	2.27
2813600	2.32
2813800	2.25
2814000	2.08
2814200	2.02
2814400	2.06
2814600	2.07
2814800	2.04
2815000	2.00
2815200	1.85
2815400	1.64
2815600	1.48
2815800	1.36
2816000	1.39
2816200	1.57
2816400	1.69
2816600	1.74
2816800	1.83
2817000	2.00
2817200	2.09
2817400	1.99
2817600	1.84
2817800	1.71
2818000	1.72
2818200	1.66
2818400	1.52
2818600	1.32
2818800	1.04
2819000	0.76
2819200	0.46
2819400	0.25
2819600	0.21
2819800	0.34
2820000	0.38
2820200	0.33
2820400	0.28
2820600	0.21
2820800	0.20
2821000	0.14
2821200	0.36
2821400	0.64
2821600	0.66
2821800	0.62
2822000	0.66
2822200	0.74
2822400	0.98
2822600	1.26
2822800	1.47
2823000	1.55
2823200	1.64
2823400	1.65
2823600	1.58
2823800	1.46
2824000	1.28
2824200	1.14
2824400	0.99
2824600	0.86
2824800	0.92
2825000	1.03
2825200	1.14
2825400	1.17
2825600	1.15
2825800	1.14
2826000	1.08
2826200	1.02
2826400	0.97
2826600	0.83
2826800	0.64
2827000	0.45
2827200	0.19
2827400	0.06
2827600	0.13
2827800	0.20
2828000	0.28
2828200	0.52
2828400	0.70
2828600	0.78
2828800	0.84
2829000	0.93
2829200	0.98
2829400	0.87
2829600	0.75
2829800	0.54
2830000	0.63
2830200	0.78
2830400	0.94
2830600	1.12
2830800	1.23
2831000	1.28
2831200	1.26
2831400	1.36
2831600	1.37
2831800	1.25
2832000	1.10
2832200	0.92
2832400	0.78
2832600	0.71
2832800	0.65
2833000	0.82
2833200	1.24
2833400	1.55
2833600	1.72
2833800	1.74
2834000	1.56
2834200	1.43
2834400	1.46
2834600	1.53
2834800	1.65
2835000	1.74
2835200	1.72
2835400	1.68
2835600	1.66
2835800	1.63
2836000	1.47
2836200	1.31
2836400	1.28
2836600	1.55
2836800	1.77
2837000	1.93
2837200	2.01
2837400	2.01
2837600	2.04
2837800	1.94
2838000	1.97
2838200	1.99
2838400	1.87
2838600	1.74
2838800	1.60
2839000	1.51
2839200	1.30
2839400	1.14
2839600	1.05
2839800	0.97
2840000	0.74
2840200	0.44
2840400	0.17
2840600	0.14
2840800	0.32
2841000	0.42
2841200	0.40
2841400	0.42
2841600	0.83
2841800	1.18
2842000	1.32
2842200	1.34
2842400	1.50
2842600	1.69
2842800	1.80
2843000	1.76
2843200	1.60
2843400	1.38
2843600	1.20
2843800	1.06
2844000	1.00
2844200	0.91
2844400	0.90
2844600	1.05
2844800	1.12
2845000	1.03
2845200	0.82
2845400	0.59
2845600	0.43
2845800	0.34
2846000	0.39
2846200	0.40
2846400	0.41
2846600	0.44
2846800	0.44
2847000	0.27
2847200	0.26
2847400	0.69
2847600	1.03
2847800	1.23
2848000	1.35
2848200	1.50
2848400	1.59
2848600	1.60
2848800	1.49
2849000	1.25
2849200	0.87
2849400	0.61
2849600	0.59
2849800	0.59
2850000	0.73
2850200	0.86
2850400	1.05
2850600	1.11
2850800	1.05
2851000	1.03
2851200	0.97
2851400	0.83
2851600	0.69
2851800	0.66
2852000	0.85
2852200	0.96
2852400	1.06
2852600	1.15
2852800	1.20
2853000	1.24
2853200	1.25
2853400	1.24
2853600	1.39
2853800	1.64
2854000	1.85
2854200	1.95
2854400	1.93
2854600	1.81
2854800	1.74
2855000	1.50
2855200	1.21
2855400	1.05
2855600	0.91
2855800	0.71
2856000	0.55
2856200	0.52
2856400	0.60
2856600	0.76
2856800	0.90
2857000	0.91
2857200	0.76
2857400	0.73
2857600	0.81
2857800	0.84
2858000	0.86
2858200	0.95
2858400	0.90
2858600	1.03
2858800	1.19
2859000	1.10
2859200	1.03
2859400	1.00
2859600	1.00
2859800	1.01
2860000	1.11
2860200	1.16
2860400	1.07
2860600	0.90
2860800	0.72
2861000	0.62
2861200	0.42
2861400	0.20
2861600	0.32
2861800	0.69
2862000	1.06
2862200	1.31
2862400	1.47
2862600	1.48
2862800	1.49
2863000	1.48
2863200	1.50
2863400	1.45
2863600	1.18
2863800	0.88
2864000	0.82
2864200	0.75
2864400	0.78
2864600	0.81
2864800	0.77
2865000	0.69
2865200	0.65
2865400	0.75
2865600	0.79
2865800	0.74
2866000	0.59
2866200	0.42
2866400	0.33
2866600	0.29
2866800	0.31
2867000	0.34
2867200	0.39
2867400	0.35
2867600	0.30
2867800	0.19
2868000	0.20
2868200	0.04
2868400	0.05
2868600	0.24
2868800	0.41
2869000	0.52
2869200	0.56
2869400	0.54
2869600	0.53
2869800	0.57
2870000	0.60
2870200	0.63
2870400	0.51
2870600	0.48
2870800	0.47
2871000	0.47
2871200	0.36
2871400	0.27
2871600	0.34
2871800	0.55
2872000	0.67
2872200	0.82
2872400	0.86
2872600	0.84
2872800	0.75
2873000	0.71
2873200	0.62
2873400	0.55
2873600	0.63
2873800	0.77
2874000	0.85
2874200	1.15
2874400	1.40
2874600	1.59
2874800	1.57
2875000	1.46
2875200	1.32
2875400	1.21
2875600	1.12
2875800	1.15
2876000	1.33
2876200	1.43
2876400	1.36
2876600	1.25
2876800	1.03
2877000	0.77
2877200	0.59
2877400	0.54
2877600	0.54
2877800	0.42
2878000	0.22
2878200	0.24
2878400	0.32
2878600	0.41
2878800	0.50
2879000	0.45
2879200	0.44
2879400	0.61
2879600	0.68
2879800	0.62
2880000	0.60
2880200	0.67
2880400	0.87
2880600	1.00
2880800	1.17
2881000	1.23
2881200	1.20
2881400	1.13
2881600	1.06
2881800	0.75
2882000	0.42
2882200	0.28
2882400	0.38
2882600	0.51
2882800	0.54
2883000	0.56
2883200	0.55
2883400	0.37
2883600	0.18
2883800	0.17
2884000	0.33
2884200	0.45
2884400	0.58
2884600	0.81
2884800	0.98
2885000	1.06
2885200	1.15
2885400	1.24
2885600	1.28
2885800	1.27
2886000	1.18
2886200	1.07
2886400	0.97
2886600	0.80
2886800	0.67
2887000	0.52
2887200	0.37
2887400	0.40
2887600	0.57
2887800	0.68
2888000	0.86
2888200	0.97
2888400	1.03
2888600	1.09
2888800	1.24
2889000	1.54
2889200	1.75
2889400	1.64
2889600	1.48
2889800	1.33
2890000	1.13
2890200	0.94
2890400	0.77
2890600	0.68
2890800	0.63
2891000	0.55
2891200	0.40
2891400	0.34
2891600	0.48
2891800	0.59
2892000	0.72
2892200	0.87
2892400	1.03
2892600	1.23
2892800	1.57
2893000	1.76
2893200	1.78
2893400	1.64
2893600	1.42
2893800	1.19
2894000	0.93
2894200	0.69
2894400	0.47
2894600	0.35
2894800	0.47
2895000	0.71
2895200	0.96
2895400	1.19
2895600	1.39
2895800	1.49
2896000	1.46
2896200	1.34
2896400	1.21
2896600	1.13
2896800	1.11
2897000	1.17
2897200	1.31
2897400	1.50
2897600	1.56
2897800	1.51
2898000	1.36
2898200	1.41
2898400	1.49
2898600	1.52
2898800	1.47
2899000	1.47
2899200	1.54
2899400	1.50
2899600	1.32
2899800	1.16
2900000	0.99
2900200	0.84
2900400	0.55
2900600	0.28
2900800	0.29
2901000	0.16
2901200	0.06
2901400	0.14
2901600	0.11
2901800	0.12
2902000	0.21
2902200	0.42
2902400	0.62
2902600	0.78
2902800	0.76
2903000	0.70
2903200	0.59
2903400	0.51
2903600	0.40
2903800	0.10
2904000	0.09
2904200	0.15
2904400	0.15
2904600	0.18
2904800	0.20
2905000	0.19
2905200	0.23
2905400	0.42
2905600	0.48
2905800	0.52
2906000	0.73
2906200	0.94
2906400	1.13
2906600	1.32
2906800	1.35
2907000	1.31
2907200	1.29
2907400	1.34
2907600	1.45
2907800	1.43
2908000	1.27
2908200	1.08
2908400	0.91
2908600	0.69
2908800	0.51
2909000	0.38
2909200	0.54
2909400	0.67
2909600	0.78
2909800	0.93
2910000	1.02
2910200	1.11
2910400	1.20
2910600	1.21
2910800	1.29
2911000	1.39
2911200	1.47
2911400	1.55
2911600	1.63
2911800	1.61
2912000	1.51
2912200	1.38
2912400	1.21
2912600	1.09
2912800	0.90
2913000	0.82
2913200	0.90
2913400	1.01
2913600	1.13
2913800	1.12
2914000	1.25
2914200	1.12
2914400	0.84
2914600	0.70
2914800	0.64
2915000	0.59
2915200	0.64
2915400	0.69
2915600	0.77
2915800	0.80
2916000	0.80
2916200	0.87
2916400	0.94
2916600	1.04
2916800	1.06
2917000	0.98
2917200	0.96
2917400	0.93
2917600	0.85
2917800	0.76
2918000	0.75
2918200	0.56
2918400	0.35
2918600	0.17
2918800	0.17
2919000	0.36
2919200	0.55
2919400	0.78
2919600	0.98
2919800	1.11
2920000	1.26
2920200	1.33
2920400	1.36
2920600	1.39
2920800	1.29
2921000	1.15
2921200	0.90
2921400	0.70
2921600	0.55
2921800	0.51
2922000	0.57
2922200	0.53
2922400	0.53
2922600	0.60
2922800	0.66
2923000	0.76
2923200	0.79
2923400	0.79
2923600	0.75
2923800	0.83
2924000	0.82
2924200	0.70
2924400	0.57
2924600	0.47
2924800	0.49
2925000	0.42
2925200	0.20
2925400	0.07
2925600	0.13
2925800	0.25
2926000	0.34
2926200	0.44
2926400	0.58
2926600	0.69
2926800	0.79
2927000	0.83
2927200	1.00
2927400	1.17
2927600	1.34
2927800	1.53
2928000	1.63
2928200	1.69
2928400	1.81
2928600	1.98
2928800	2.09
2929000	2.11
2929200	1.98
2929400	1.92
2929600	1.97
2929800	2.02
2930000	2.24
2930200	2.58
2930400	2.81
2930600	2.94
2930800	2.93
2931000	2.68
2931200	2.29
2931400	1.89
2931600	1.66
2931800	1.57
2932000	1.47
2932200	1.35
2932400	1.45
2932600	1.55
2932800	1.59
2933000	1.54
2933200	1.48
2933400	1.31
2933600	1.13
2933800	0.96
2934000	0.85
2934200	0.73
2934400	0.58
2934600	0.57
2934800	0.52
2935000	0.56
2935200	0.55
2935400	0.43
2935600	0.34
2935800	0.41
2936000	0.66
2936200	0.78
2936400	0.76
2936600	0.80
2936800	0.97
2937000	1.15
2937200	1.33
2937400	1.48
2937600	1.48
2937800	1.48
2938000	1.57
2938200	1.56
2938400	1.54
2938600	1.33
2938800	1.10
2939000	0.93
2939200	0.71
2939400	0.39
2939600	0.37
2939800	0.65
2940000	0.94
2940200	1.21
2940400	1.47
2940600	1.61
2940800	1.70
2941000	1.77
2941200	1.82
2941400	1.86
2941600	1.86
2941800	1.87
2942000	1.82
2942200	1.74
2942400	1.66
2942600	1.52
2942800	1.28
2943000	0.98
2943200	0.55
2943400	0.24
2943600	0.47
2943800	0.80
2944000	1.04
2944200	1.36
2944400	1.71
2944600	1.85
2944800	1.91
2945000	1.96
2945200	1.91
2945400	2.05
2945600	2.11
2945800	2.21
2946000	2.20
2946200	2.19
2946400	2.07
2946600	1.89
2946800	1.72
2947000	1.57
2947200	1.44
2947400	1.44
2947600	1.59
2947800	1.81
2948000	1.92
2948200	1.92
2948400	1.81
2948600	1.64
2948800	1.58
2949000	1.57
2949200	1.44
2949400	1.28
2949600	1.13
2949800	1.01
2950000	1.07
2950200	1.19
2950400	1.21
2950600	1.14
2950800	0.93
2951000	0.80
2951200	0.85
2951400	0.91
2951600	0.96
2951800	0.99
2952000	0.98
2952200	0.98
2952400	1.04
2952600	1.06
2952800	1.01
2953000	0.91
2953200	1.00
2953400	1.25
2953600	1.50
2953800	1.58
2954000	1.53
2954200	1.38
2954400	1.17
2954600	0.98
2954800	0.83
2955000	0.58
2955200	0.28
2955400	0.16
2955600	0.42
2955800	0.62
2956000	0.78
2956200	0.82
2956400	0.88
2956600	1.05
2956800	1.20
2957000	1.20
2957200	1.12
2957400	1.09
2957600	1.16
2957800	1.11
2958000	1.16
2958200	1.36
2958400	1.49
2958600	1.68
2958800	1.88
2959000	1.95
2959200	1.90
2959400	1.89
2959600	1.85
2959800	1.75
2960000	1.56
2960200	1.35
2960400	1.19
2960600	1.08
2960800	1.09
2961000	1.08
2961200	0.84
2961400	0.56
2961600	0.29
2961800	0.27
2962000	0.28
2962200	0.18
2962400	0.12
2962600	0.22
2962800	0.21
2963000	0.14
2963200	0.12
2963400	0.35
2963600	0.62
2963800	0.89
2964000	1.18
2964200	1.42
2964400	1.59
2964600	1.60
2964800	1.56
2965000	1.44
2965200	1.34
2965400	1.26
2965600	0.96
2965800	0.55
2966000	0.25
2966200	0.05
2966400	0.15
2966600	0.33
2966800	0.48
2967000	0.48
2967200	0.35
2967400	0.27
2967600	0.27
2967800	0.31
2968000	0.41
2968200	0.59
2968400	0.81
2968600	0.99
2968800	1.12
2969000	1.20
2969200	1.23
2969400	1.24
2969600	1.27
2969800	1.36
2970000	1.41
2970200	1.44
2970400	1.38
2970600	1.20
2970800	1.03
2971000	0.97
2971200	0.93
2971400	0.95
2971600	0.92
2971800	0.64
2972000	0.45
2972200	0.49
2972400	0.52
2972600	0.49
2972800	0.40
2973000	0.19
2973200	0.38
2973400	0.82
2973600	1.22
2973800	1.50
2974000	1.63
2974200	1.65
2974400	1.53
2974600	1.32
2974800	1.10
2975000	0.94
2975200	0.83
2975400	0.82
2975600	0.78
2975800	0.76
2976000	0.76
2976200	0.78
2976400	0.86
2976600	0.82
2976800	0.80
2977000	0.82
2977200	0.67
2977400	0.42
2977600	0.31
2977800	0.27
2978000	0.30
2978200	0.43
2978400	0.55
2978600	0.71
2978800	0.74
2979000	0.75
2979200	0.67
2979400	0.64
2979600	0.74
2979800	0.75
2980000	0.52
2980200	0.45
2980400	0.57
2980600	0.53
2980800	0.31
2981000	0.08
2981200	0.18
2981400	0.31
2981600	0.24
2981800	0.28
2982000	0.35
2982200	0.37
2982400	0.45
2982600	0.56
2982800	0.66
2983000	0.76
2983200	0.82
2983400	0.80
2983600	0.84
2983800	0.71
2984000	0.54
2984200	0.41
2984400	0.51
2984600	0.57
2984800	0.56
2985000	0.65
2985200	0.64
2985400	0.44
2985600	0.29
2985800	0.08
2986000	0.15
2986200	0.34
2986400	0.50
2986600	0.64
2986800	0.76
2987000	0.77
2987200	0.81
2987400	0.81
2987600	0.79
2987800	0.88
2988000	1.10
2988200	1.28
2988400	1.29
2988600	1.19
2988800	1.21
2989000	1.42
2989200	1.50
2989400	1.41
2989600	1.15
2989800	0.90
2990000	0.66
2990200	0.35
2990400	0.19
2990600	0.47
2990800	0.73
2991000	1.01
2991200	1.22
2991400	1.23
2991600	1.16
2991800	1.17
2992000	1.10
2992200	1.06
2992400	1.10
2992600	1.14
2992800	1.02
2993000	0.96
2993200	0.96
2993400	1.04
2993600	1.08
2993800	1.07
2994000	1.04
2994200	0.95
2994400	0.95
2994600	1.05
2994800	1.10
2995000	1.11
2995200	1.00
2995400	0.85
2995600	0.89
2995800	0.70
2996000	0.49
2996200	0.33
2996400	0.34
2996600	0.46
2996800	0.58
2997000	0.73
2997200	0.86
2997400	0.94
2997600	0.91
2997800	0.83
2998000	0.66
2998200	0.47
2998400	0.39
2998600	0.26
2998800	0.17
2999000	0.20
2999200	0.36
2999400	0.69
2999600	0.88
2999800	0.93
3000000	0.91
3000200	0.87
3000400	0.69
3000600	0.41
3000800	0.26
3001000	0.08
3001200	0.11
3001400	0.24
3001600	0.28
3001800	0.39
3002000	0.50
3002200	0.56
3002400	0.67
3002600	0.79
3002800	0.83
3003000	0.91
3003200	1.02
3003400	1.09
3003600	1.09
3003800	0.87
3004000	0.57
3004200	0.26
3004400	0.33
3004600	0.68
3004800	1.01
3005000	1.30
3005200	1.55
3005400	1.76
3005600	1.95
3005800	2.13
3006000	2.15
3006200	2.07
3006400	1.94
3006600	1.69
3006800	1.38
3007000	1.18
3007200	1.07
3007400	1.09
3007600	1.06
3007800	1.02
3008000	1.12
3008200	1.11
3008400	1.04
3008600	1.02
3008800	1.05
3009000	1.07
3009200	1.01
3009400	0.98
3009600	0.89
3009800	0.74
3010000	0.59
3010200	0.47
3010400	0.47
3010600	0.37
3010800	0.48
3011000	0.66
3011200	0.68
3011400	0.59
3011600	0.45
3011800	0.38
3012000	0.35
3012200	0.44
3012400	0.55
3012600	0.74
3012800	1.05
3013000	1.41
3013200	1.64
3013400	1.82
3013600	1.89
3013800	1.93
3014000	2.00
3014200	2.06
3014400	2.03
3014600	1.96
3014800	1.87
3015000	1.67
3015200	1.62
3015400	1.63
3015600	1.62
3015800	1.64
3016000	1.56
3016200	1.40
3016400	1.25
3016600	1.18
3016800	1.05
3017000	0.88
3017200	0.62
3017400	0.38
3017600	0.27
3017800	0.33
3018000	0.49
3018200	0.59
3018400	0.61
3018600	0.61
3018800	0.70
3019000	0.80
3019200	0.90
3019400	0.96
3019600	0.89
3019800	0.76
3020000	0.65
3020200	0.58
3020400	0.60
3020600	0.78
3020800	0.93
3021000	0.92
3021200	0.80
3021400	0.70
3021600	0.72
3021800	0.87
3022000	0.92
3022200	0.84
3022400	0.77
3022600	0.83
3022800	0.87
3023000	0.93
3023200	1.02
3023400	1.05
3023600	1.15
3023800	1.14
3024000	1.12
3024200	1.14
3024400	1.13
3024600	1.04
3024800	0.80
3025000	0.58
3025200	0.45
3025400	0.37
3025600	0.28
3025800	0.14
3026000	0.12
3026200	0.09
3026400	0.05
3026600	0.06
3026800	0.17
3027000	0.23
3027200	0.26
3027400	0.36
3027600	0.77
3027800	0.98
3028000	1.00
3028200	0.97
3028400	1.02
3028600	0.97
3028800	0.84
3029000	0.63
3029200	0.41
3029400	0.31
3029600	0.31
3029800	0.36
3030000	0.55
3030200	0.78
3030400	0.97
3030600	1.22
3030800	1.33
3031000	1.46
3031200	1.46
3031400	1.36
3031600	1.27
3031800	1.16
3032000	1.15
3032200	1.11
3032400	0.98
3032600	0.72
3032800	0.44
3033000	0.20
3033200	0.04
3033400	0.17
3033600	0.25
3033800	0.23
3034000	0.25
3034200	0.30
3034400	0.43
3034600	0.66
3034800	0.92
3035000	1.14
3035200	1.24
3035400	1.26
3035600	1.19
3035800	1.11
3036000	1.12
3036200	1.01
3036400	0.86
3036600	0.72
3036800	0.70
3037000	0.83
3037200	1.07
3037400	1.24
3037600	1.39
3037800	1.54
3038000	1.65
3038200	1.69
3038400	1.73
3038600	1.71
3038800	1.79
3039000	1.76
3039200	1.58
3039400	1.49
3039600	1.42
3039800	1.35
3040000	1.14
3040200	0.94
3040400	0.81
3040600	0.57
3040800	0.19
3041000	0.43
3041200	0.87
3041400	1.05
3041600	1.08
3041800	0.99
3042000	0.76
3042200	0.58
3042400	0.54
3042600	0.50
3042800	0.47
3043000	0.56
3043200	0.72
3043400	0.79
3043600	0.66
3043800	0.38
3044000	0.19
3044200	0.18
3044400	0.22
3044600	0.26
3044800	0.32
3045000	0.30
3045200	0.36
3045400	0.50
3045600	0.78
3045800	1.02
3046000	1.11
3046200	1.02
3046400	0.87
3046600	0.72
3046800	0.64
3047000	0.59
3047200	0.51
3047400	0.32
3047600	0.27
3047800	0.38
3048000	0.57
3048200	0.73
3048400	0.90
3048600	1.01
3048800	1.19
3049000	1.51
3049200	1.81
3049400	2.03
3049600	2.35
3049800	2.53
3050000	2.61
3050200	2.73
3050400	2.56
3050600	2.28
3050800	1.98
3051000	1.73
3051200	1.45
3051400	1.19
3051600	0.90
3051800	0.74
3052000	0.68
3052200	0.55
3052400	0.43
3052600	0.24
3052800	0.24
3053000	0.44
3053200	0.73
3053400	0.95
3053600	1.05
3053800	1.07
3054000	1.06
3054200	0.98
3054400	0.97
3054600	0.94
3054800	0.85
3055000	0.72
3055200	0.54
3055400	0.42
3055600	0.39
3055800	0.40
3056000	0.51
3056200	0.63
3056400	0.67
3056600	0.64
3056800	0.61
3057000	0.72
3057200	0.77
3057400	0.86
3057600	1.07
3057800	1.22
3058000	1.15
3058200	1.01
3058400	1.00
3058600	0.98
3058800	0.95
3059000	0.85
3059200	0.74
3059400	0.50
3059600	0.25
3059800	0.28
3060000	0.60
3060200	0.78
3060400	0.94
3060600	0.97
3060800	0.99
3061000	1.05
3061200	1.10
3061400	1.11
3061600	1.08
3061800	0.93
3062000	0.96
3062200	1.05
3062400	1.27
3062600	1.54
3062800	1.89
3063000	2.22
3063200	2.38
3063400	2.48
3063600	2.51
3063800	2.44
3064000	2.33
3064200	2.23
3064400	2.15
3064600	2.09
3064800	2.00
3065000	1.85
3065200	1.60
3065400	1.33
3065600	1.21
3065800	1.14
3066000	1.00
3066200	0.89
3066400	0.78
3066600	0.78
3066800	0.84
3067000	0.76
3067200	0.77
3067400	0.71
3067600	0.57
3067800	0.41
3068000	0.31
3068200	0.27
3068400	0.34
3068600	0.39
3068800	0.38
3069000	0.34
3069200	0.35
3069400	0.44
3069600	0.37
3069800	0.37
3070000	0.44
3070200	0.32
3070400	0.21
3070600	0.20
3070800	0.32
3071000	0.46
3071200	0.56
3071400	0.78
3071600	1.01
3071800	1.20
3072000	1.47
3072200	1.59
3072400	1.57
3072600	1.49
3072800	1.43
3073000	1.34
3073200	1.20
3073400	1.01
3073600	0.81
3073800	0.65
3074000	0.62
3074200	0.72
3074400	0.86
3074600	0.93
3074800	0.95
3075000	1.01
3075200	0.82
3075400	0.52
3075600	0.30
3075800	0.29
3076000	0.41
3076200	0.40
3076400	0.32
3076600	0.23
3076800	0.22
3077000	0.21
3077200	0.16
3077400	0.13
3077600	0.14
3077800	0.26
3078000	0.43
3078200	0.41
3078400	0.45
3078600	0.48
3078800	0.47
3079000	0.53
3079200	0.71
3079400	0.74
3079600	0.80
3079800	0.87
3080000	0.77
3080200	0.58
3080400	0.43
3080600	0.33
3080800	0.21
3081000	0.19
3081200	0.35
3081400	0.54
3081600	0.92
3081800	1.18
3082000	1.26
3082200	1.36
3082400	1.50
3082600	1.56
3082800	1.55
3083000	1.49
3083200	1.28
3083400	1.12
3083600	0.93
3083800	0.65
3084000	0.44
3084200	0.43
3084400	0.62
3084600	0.83
3084800	1.08
3085000	1.29
3085200	1.29
3085400	1.28
3085600	1.36
3085800	1.34
3086000	1.33
3086200	1.52
3086400	1.66
3086600	1.79
3086800	1.93
3087000	1.96
3087200	1.95
3087400	2.07
3087600	2.10
3087800	2.07
3088000	1.95
3088200	1.72
3088400	1.51
3088600	1.28
3088800	1.22
3089000	1.16
3089200	0.99
3089400	0.82
3089600	0.64
3089800	0.50
3090000	0.46
3090200	0.47
3090400	0.67
3090600	0.76
3090800	0.76
3091000	0.78
3091200	0.75
3091400	0.78
3091600	0.72
3091800	0.54
3092000	0.37
3092200	0.21
3092400	0.14
3092600	0.22
3092800	0.23
3093000	0.18
3093200	0.16
3093400	0.27
3093600	0.40
3093800	0.45
3094000	0.41
3094200	0.31
3094400	0.26
3094600	0.22
3094800	0.23
3095000	0.36
3095200	0.52
3095400	0.72
3095600	0.83
3095800	0.87
3096000	0.93
3096200	0.89
3096400	0.94
3096600	1.03
3096800	1.16
3097000	1.27
3097200	1.41
3097400	1.52
3097600	1.59
3097800	1.58
3098000	1.60
3098200	1.69
3098400	1.66
3098600	1.61
3098800	1.51
3099000	1.44
3099200	1.35
3099400	1.25
3099600	1.21
3099800	1.21
3100000	1.15
3100200	1.10
3100400	1.08
3100600	1.14
3100800	1.18
3101000	1.11
3101200	1.12
3101400	1.17
3101600	1.14
3101800	1.08
3102000	0.97
3102200	0.76
3102400	0.52
3102600	0.34
3102800	0.18
3103000	0.07
3103200	0.14
3103400	0.39
3103600	0.65
3103800	0.83
3104000	0.80
3104200	0.68
3104400	0.62
3104600	0.55
3104800	0.37
3105000	0.13
3105200	0.06
3105400	0.08
3105600	0.15
3105800	0.22
3106000	0.23
3106200	0.25
3106400	0.43
3106600	0.68
3106800	0.95
3107000	1.12
3107200	1.20
3107400	1.22
3107600	1.39
3107800	1.64
3108000	1.89
3108200	1.96
3108400	1.93
3108600	1.87
3108800	1.97
3109000	2.13
3109200	2.21
3109400	2.21
3109600	2.30
3109800	2.46
3110000	2.55
3110200	2.55
3110400	2.42
3110600	2.25
3110800	2.14
3111000	1.90
3111200	1.61
3111400	1.39
3111600	1.12
3111800	0.98
3112000	1.04
3112200	1.16
3112400	1.07
3112600	0.88
3112800	0.59
3113000	0.58
3113200	0.83
3113400	0.97
3113600	1.02
3113800	1.15
3114000	1.26
3114200	1.45
3114400	1.56
3114600	1.56
3114800	1.56
3115000	1.55
3115200	1.40
3115400	1.28
3115600	1.26
3115800	1.34
3116000	1.62
3116200	1.84
3116400	2.00
3116600	2.17
3116800	2.28
3117000	2.24
3117200	2.03
3117400	1.82
3117600	1.59
3117800	1.48
3118000	1.41
3118200	1.21
3118400	0.87
3118600	0.47
3118800	0.58
3119000	0.87
3119200	1.18
3119400	1.33
3119600	1.39
3119800	1.37
3120000	1.32
3120200	1.21
3120400	1.09
3120600	1.04
3120800	1.01
3121000	0.94
3121200	0.80
3121400	0.80
3121600	1.01
3121800	1.21
3122000	1.27
3122200	1.26
3122400	1.24
3122600	1.26
3122800	1.20
3123000	1.12
3123200	1.00
3123400	0.92
3123600	0.81
3123800	0.75
3124000	0.75
3124200	0.79
3124400	0.83
3124600	0.92
3124800	0.97
3125000	0.90
3125200	0.70
3125400	0.63
3125600	0.67
3125800	0.76
3126000	0.78
3126200	0.80
3126400	0.80
3126600	0.74
3126800	0.75
3127000	0.76
3127200	0.77
3127400	0.85
3127600	1.02
3127800	1.12
3128000	1.20
3128200	1.33
3128400	1.35
3128600	1.33
3128800	1.27
3129000	0.95
3129200	0.71
3129400	0.67
3129600	0.85
3129800	0.85
3130000	0.78
3130200	0.85
3130400	0.97
3130600	0.97
3130800	0.99
3131000	1.04
3131200	1.18
3131400	1.25
3131600	1.36
3131800	1.45
3132000	1.60
3132200	1.63
3132400	1.74
3132600	1.93
3132800	2.10
3133000	2.17
3133200	2.03
3133400	1.80
3133600	1.48
3133800	1.21
3134000	1.07
3134200	0.95
3134400	0.82
3134600	0.70
3134800	0.81
3135000	0.91
3135200	1.04
3135400	1.16
3135600	1.31
3135800	1.44
3136000	1.57
3136200	1.65
3136400	1.62
3136600	1.51
3136800	1.22
3137000	0.93
3137200	0.64
3137400	0.42
3137600	0.41
3137800	0.59
3138000	0.74
3138200	0.93
3138400	1.16
3138600	1.30
3138800	1.33
3139000	1.22
3139200	0.87
3139400	0.61
3139600	0.53
3139800	0.48
3140000	0.54
3140200	0.52
3140400	0.51
3140600	0.53
3140800	0.49
3141000	0.46
3141200	0.47
3141400	0.42
3141600	0.34
3141800	0.24
3142000	0.18
3142200	0.28
3142400	0.56
3142600	0.87
3142800	0.91
3143000	0.98
3143200	1.04
3143400	1.08
3143600	1.10
3143800	1.05
3144000	0.96
3144200	0.95
3144400	0.99
3144600	1.01
3144800	1.10
3145000	1.07
3145200	1.09
3145400	1.07
3145600	1.05
3145800	1.23
3146000	1.34
3146200	1.35
3146400	1.35
3146600	1.18
3146800	1.00
3147000	0.91
3147200	0.78
3147400	0.59
3147600	0.52
3147800	0.44
3148000	0.39
3148200	0.37
3148400	0.38
3148600	0.39
3148800	0.38
3149000	0.37
3149200	0.36
3149400	0.37
3149600	0.33
3149800	0.32
3150000	0.37
3150200	0.42
3150400	0.40
3150600	0.40
3150800	0.47
3151000	0.52
3151200	0.58
3151400	0.62
3151600	0.62
3151800	0.62
3152000	0.68
3152200	0.79
3152400	0.81
3152600	0.83
3152800	0.83
3153000	0.82
3153200	0.83
3153400	0.85
3153600	0.84
3153800	0.86
3154000	0.90
3154200	0.92
3154400	1.01
3154600	1.02
3154800	0.93
3155000	0.83
3155200	0.80
3155400	0.78
3155600	0.75
3155800	0.77
3156000	0.74
3156200	0.72
3156400	0.66
3156600	0.59
3156800	0.43
3157000	0.35
3157200	0.19
3157400	0.04
3157600	0.12
3157800	0.26
3158000	0.35
3158200	0.39
3158400	0.25
3158600	0.28
3158800	0.49
3159000	0.60
3159200	0.51
3159400	0.52
3159600	0.59
3159800	0.73
3160000	0.77
3160200	0.67
3160400	0.48
3160600	0.22
3160800	0.22
3161000	0.33
3161200	0.37
3161400	0.30
3161600	0.32
3161800	0.29
3162000	0.40
3162200	0.53
3162400	0.59
3162600	0.43
3162800	0.24
3163000	0.15
3163200	0.22
3163400	0.32
3163600	0.37
3163800	0.49
3164000	0.63
3164200	0.57
3164400	0.61
3164600	0.71
3164800	0.76
3165000	0.73
3165200	0.79
3165400	0.79
3165600	0.92
3165800	1.06
3166000	1.11
3166200	1.19
3166400	1.20
3166600	1.23
3166800	1.26
3167000	1.29
3167200	1.31
3167400	1.37
3167600	1.43
3167800	1.36
3168000	1.21
3168200	1.01
3168400	0.72
3168600	0.51
3168800	0.43
3169000	0.51
3169200	0.67
3169400	0.66
3169600	0.41
3169800	0.18
3170000	0.14
3170200	0.37
3170400	0.43
3170600	0.41
3170800	0.46
3171000	0.56
3171200	0.61
3171400	0.65
3171600	0.71
3171800	0.97
3172000	1.18
3172200	1.16
3172400	1.08
3172600	1.06
3172800	0.97
3173000	0.80
3173200	0.93
3173400	1.00
3173600	1.05
3173800	1.06
3174000	1.14
3174200	1.18
3174400	1.22
3174600	1.25
3174800	1.30
3175000	1.33
3175200	1.29
3175400	1.30
3175600	1.19
3175800	0.83
3176000	0.57
3176200	0.25
3176400	0.23
3176600	0.31
3176800	0.39
3177000	0.41
3177200	0.32
3177400	0.42
3177600	0.32
3177800	0.24
3178000	0.29
3178200	0.32
3178400	0.31
3178600	0.34
3178800	0.43
3179000	0.57
3179200	0.54
3179400	0.43
3179600	0.28
3179800	0.23
3180000	0.33
3180200	0.40
3180400	0.36
3180600	0.40
3180800	0.52
3181000	0.71
3181200	0.82
3181400	0.87
3181600	0.90
3181800	0.87
3182000	0.72
3182200	0.56
3182400	0.53
3182600	0.53
3182800	0.58
3183000	0.63
3183200	0.69
3183400	0.84
3183600	0.95
3183800	0.97
3184000	0.95
3184200	0.86
3184400	0.75
3184600	0.66
3184800	0.57
3185000	0.56
3185200	0.53
3185400	0.51
3185600	0.57
3185800	0.66
3186000	0.67
3186200	0.70
3186400	0.78
3186600	0.88
3186800	1.04
3187000	1.24
3187200	1.34
3187400	1.31
3187600	1.27
3187800	1.21
3188000	1.11
3188200	1.00
3188400	1.08
3188600	1.16
3188800	1.20
3189000	1.13
3189200	0.98
3189400	0.85
3189600	0.74
3189800	0.71
3190000	0.70
3190200	0.71
3190400	0.52
3190600	0.35
3190800	0.33
3191000	0.43
3191200	0.55
3191400	0.78
3191600	0.96
3191800	1.17
3192000	1.25
3192200	1.12
3192400	1.04
3192600	0.99
3192800	0.91
3193000	0.88
3193200	0.95
3193400	1.00
3193600	1.14
3193800	1.19
3194000	1.19
3194200	1.16
3194400	1.11
3194600	1.22
3194800	1.37
3195000	1.36
3195200	1.33
3195400	1.27
3195600	1.27
3195800	1.23
3196000	1.09
3196200	0.88
3196400	0.64
3196600	0.48
3196800	0.49
3197000	0.51
3197200	0.54
3197400	0.53
3197600	0.50
3197800	0.48
3198000	0.37
3198200	0.37
3198400	0.25
3198600	0.21
3198800	0.09
3199000	0.21
3199200	0.39
3199400	0.47
3199600	0.62
3199800	0.81
3200000	0.83
3200200	0.73
3200400	0.70
3200600	0.55
3200800	0.39
3201000	0.36
3201200	0.51
3201400	0.63
3201600	0.75
3201800	0.76
3202000	0.64
3202200	0.38
3202400	0.33
3202600	0.47
3202800	0.63
3203000	0.61
3203200	0.62
3203400	0.87
3203600	1.16
3203800	1.41
3204000	1.63
3204200	1.74
3204400	1.73
3204600	1.69
3204800	1.84
3205000	2.10
3205200	2.23
3205400	2.29
3205600	2.32
3205800	2.22
3206000	1.97
3206200	1.64
3206400	1.18
3206600	0.70
3206800	0.29
3207000	0.40
3207200	0.80
3207400	1.24
3207600	1.58
3207800	1.87
3208000	1.93
3208200	1.84
3208400	1.68
3208600	1.50
3208800	1.33
3209000	1.22
3209200	0.94
3209400	0.65
3209600	0.56
3209800	0.51
3210000	0.55
3210200	0.84
3210400	1.04
3210600	0.93
3210800	0.66
3211000	0.58
3211200	0.65
3211400	0.79
3211600	0.93
3211800	0.92
3212000	1.01
3212200	1.19
3212400	1.20
3212600	1.00
3212800	0.81
3213000	0.57
3213200	0.44
3213400	0.39
3213600	0.34
3213800	0.29
3214000	0.33
3214200	0.41
3214400	0.58
3214600	0.77
3214800	0.69
3215000	0.58
3215200	0.48
3215400	0.37
3215600	0.27
3215800	0.16
3216000	0.22
3216200	0.51
3216400	0.61
3216600	0.71
3216800	0.75
3217000	0.86
3217200	1.13
3217400	1.29
3217600	1.49
3217800	1.62
3218000	1.71
3218200	1.64
3218400	1.56
3218600	1.45
3218800	1.23
3219000	0.97
3219200	0.86
3219400	0.83
3219600	0.79
3219800	0.80
3220000	0.85
3220200	0.83
3220400	0.65
3220600	0.56
3220800	0.66
3221000	0.77
3221200	0.78
3221400	0.84
3221600	0.82
3221800	0.67
3222000	0.55
3222200	0.53
3222400	0.51
3222600	0.55
3222800	0.53
3223000	0.37
3223200	0.42
3223400	0.50
3223600	0.53
3223800	0.57
3224000	0.60
3224200	0.62
3224400	0.61
3224600	0.56
3224800	0.45
3225000	0.47
3225200	0.64
3225400	0.77
3225600	0.61
3225800	0.43
3226000	0.26
3226200	0.10
3226400	0.07
3226600	0.17
3226800	0.38
3227000	0.71
3227200	1.07
3227400	1.28
3227600	1.29
3227800	1.12
3228000	0.91
3228200	0.76
3228400	0.59
3228600	0.47
3228800	0.39
3229000	0.34
3229200	0.27
3229400	0.25
3229600	0.32
3229800	0.31
3230000	0.29
3230200	0.34
3230400	0.55
3230600	0.68
3230800	0.83
3231000	0.97
3231200	1.09
3231400	1.08
3231600	0.94
3231800	0.73
3232000	0.75
3232200	0.77
3232400	0.72
3232600	0.54
3232800	0.34
3233000	0.36
3233200	0.40
3233400	0.42
3233600	0.42
3233800	0.50
3234000	0.64
3234200	0.70
3234400	0.72
3234600	0.75
3234800	0.69
3235000	0.51
3235200	0.25
3235400	0.16
3235600	0.36
3235800	0.51
3236000	0.56
3236200	0.54
3236400	0.51
3236600	0.65
3236800	0.98
3237000	1.11
3237200	1.03
3237400	0.91
3237600	0.80
3237800	0.76
3238000	0.61
3238200	0.53
3238400	0.54
3238600	0.55
3238800	0.65
3239000	0.59
3239200	0.50
3239400	0.42
3239600	0.46
3239800	0.50
3240000	0.64
3240200	0.79
3240400	0.91
3240600	1.00
3240800	1.14
3241000	1.44
3241200	1.71
3241400	1.92
3241600	1.87
3241800	1.67
3242000	1.45
3242200	1.17
3242400	0.97
3242600	0.80
3242800	0.61
3243000	0.39
3243200	0.31
3243400	0.34
3243600	0.37
3243800	0.29
3244000	0.10
3244200	0.05
3244400	0.09
3244600	0.10
3244800	0.15
3245000	0.29
3245200	0.38
3245400	0.47
3245600	0.51
3245800	0.53
3246000	0.51
3246200	0.40
3246400	0.38
3246600	0.46
3246800	0.51
3247000	0.54
3247200	0.58
3247400	0.59
3247600	0.41
3247800	0.13
3248000	0.06
3248200	0.14
3248400	0.21
3248600	0.35
3248800	0.69
3249000	1.05
3249200	1.37
3249400	1.51
3249600	1.51
3249800	1.37
3250000	1.22
3250200	1.08
3250400	0.93
3250600	0.70
3250800	0.36
3251000	0.25
3251200	0.44
3251400	0.69
3251600	0.80
3251800	0.83
3252000	0.85
3252200	0.97
3252400	1.06
3252600	1.12
3252800	1.04
3253000	0.92
3253200	0.86
3253400	0.94
3253600	0.99
3253800	1.04
3254000	0.98
3254200	0.83
3254400	0.79
3254600	0.75
3254800	0.54
3255000	0.55
3255200	0.65
3255400	0.66
3255600	0.70
3255800	0.74
3256000	0.82
3256200	1.04
3256400	1.21
3256600	1.21
3256800	1.15
3257000	1.15
3257200	1.32
3257400	1.46
3257600	1.44
3257800	1.48
3258000	1.37
3258200	1.28
3258400	1.31
3258600	1.30
3258800	1.35
3259000	1.49
3259200	1.57
3259400	1.57
3259600	1.55
3259800	1.43
3260000	1.37
3260200	1.33
3260400	1.24
3260600	1.18
3260800	1.16
3261000	1.14
3261200	1.03
3261400	0.85
3261600	0.67
3261800	0.44
3262000	0.27
3262200	0.12
3262400	0.32
3262600	0.52
3262800	0.75
3263000	0.95
3263200	1.12
3263400	1.31
3263600	1.43
3263800	1.34
3264000	1.05
3264200	0.89
3264400	0.87
3264600	1.08
3264800	1.37
3265000	1.55
3265200	1.64
3265400	1.71
3265600	1.72
3265800	1.58
3266000	1.58
3266200	1.61
3266400	1.65
3266600	1.56
3266800	1.26
3267000	1.06
3267200	0.98
3267400	0.89
3267600	0.90
3267800	1.07
3268000	1.21
3268200	1.24
3268400	1.30
3268600	1.31
3268800	1.24
3269000	1.13
3269200	1.22
3269400	1.41
3269600	1.44
3269800	1.44
3270000	1.31
3270200	1.15
3270400	0.95
3270600	0.79
3270800	0.62
3271000	0.49
3271200	0.41
3271400	0.33
3271600	0.31
3271800	0.28
3272000	0.23
3272200	0.25
3272400	0.31
3272600	0.34
3272800	0.35
3273000	0.41
3273200	0.54
3273400	0.73
3273600	0.81
3273800	0.75
3274000	0.66
3274200	0.63
3274400	0.67
3274600	0.91
3274800	1.17
3275000	1.34
3275200	1.44
3275400	1.48
3275600	1.47
3275800	1.58
3276000	1.78
3276200	1.84
3276400	1.92
3276600	2.06
3276800	2.11
3277000	2.09
3277200	1.93
3277400	1.69
3277600	1.45
3277800	1.32
3278000	1.25
3278200	1.17
3278400	1.07
3278600	1.03
3278800	1.01
3279000	0.81
3279200	0.62
3279400	0.50
3279600	0.38
3279800	0.23
3280000	0.17
3280200	0.15
3280400	0.17
3280600	0.33
3280800	0.50
3281000	0.71
3281200	0.86
3281400	0.92
3281600	0.94
3281800	0.93
3282000	0.84
3282200	0.65
3282400	0.67
3282600	0.76
3282800	0.78
3283000	0.90
3283200	0.96
3283400	0.96
3283600	0.93
3283800	0.96
3284000	0.95
3284200	0.92
3284400	0.94
3284600	1.09
3284800	1.32
3285000	1.51
3285200	1.51
3285400	1.43
3285600	1.33
3285800	1.25
3286000	1.30
3286200	1.36
3286400	1.39
3286600	1.45
3286800	1.53
3287000	1.57
3287200	1.63
3287400	1.74
3287600	1.72
3287800	1.63
3288000	1.49
3288200	1.48
3288400	1.37
3288600	1.34
3288800	1.25
3289000	1.11
3289200	0.89
3289400	0.63
3289600	0.41
3289800	0.29
3290000	0.22
3290200	0.12
3290400	0.24
3290600	0.30
3290800	0.36
3291000	0.60
3291200	0.77
3291400	0.89
3291600	0.96
3291800	0.88
3292000	0.91
3292200	1.04
3292400	1.06
3292600	1.07
3292800	1.19
3293000	1.45
3293200	1.64
3293400	1.88
3293600	1.95
3293800	1.87
3294000	1.75
3294200	1.51
3294400	1.21
3294600	0.99
3294800	0.71
3295000	0.56
3295200	0.53
3295400	0.67
3295600	0.98
3295800	1.29
3296000	1.30
3296200	1.12
3296400	0.81
3296600	0.57
3296800	0.41
3297000	0.31
3297200	0.21
3297400	0.21
3297600	0.24
3297800	0.29
3298000	0.42
3298200	0.49
3298400	0.47
3298600	0.31
3298800	0.28
3299000	0.25
3299200	0.22
3299400	0.17
3299600	0.26
3299800	0.27
3300000	0.32
3300200	0.33
3300400	0.34
3300600	0.49
3300800	0.68
3301000	0.84
3301200	0.82
3301400	0.66
3301600	0.48
3301800	0.36
3302000	0.26
3302200	0.29
3302400	0.55
3302600	0.78
3302800	0.84
3303000	0.91
3303200	0.97
3303400	1.00
3303600	1.00
3303800	1.09
3304000	1.02
3304200	0.93
3304400	0.82
3304600	0.69
3304800	0.64
3305000	0.52
3305200	0.42
3305400	0.44
3305600	0.38
3305800	0.35
3306000	0.39
3306200	0.45
3306400	0.54
3306600	0.58
3306800	0.56
3307000	0.43
3307200	0.36
3307400	0.66
3307600	1.02
3307800	1.37
3308000	1.70
3308200	1.92
3308400	2.11
3308600	2.08
3308800	1.97
3309000	1.93
3309200	2.07
3309400	2.19
3309600	2.27
3309800	2.30
3310000	2.32
3310200	2.25
3310400	2.11
3310600	1.90
3310800	1.79
3311000	1.60
3311200	1.42
3311400	1.48
3311600	1.46
3311800	1.32
3312000	1.12
3312200	1.04
3312400	0.89
3312600	0.50
3312800	0.25
3313000	0.18
3313200	0.14
3313400	0.31
3313600	0.45
3313800	0.49
3314000	0.51
3314200	0.52
3314400	0.46
3314600	0.46
3314800	0.55
3315000	0.59
3315200	0.75
3315400	0.72
3315600	0.49
3315800	0.40
3316000	0.52
3316200	0.74
3316400	0.93
3316600	1.01
3316800	0.97
3317000	1.10
3317200	1.30
3317400	1.46
3317600	1.52
3317800	1.49
3318000	1.46
3318200	1.38
3318400	1.29
3318600	1.15
3318800	1.07
3319000	1.04
3319200	0.90
3319400	0.78
3319600	0.64
3319800	0.58
3320000	0.65
3320200	0.75
3320400	0.82
3320600	0.91
3320800	1.09
3321000	1.10
3321200	1.05
3321400	0.98
3321600	1.09
3321800	1.22
3322000	1.20
3322200	1.18
3322400	1.26
3322600	1.44
3322800	1.61
3323000	1.78
3323200	1.92
3323400	1.95
3323600	1.88
3323800	1.76
3324000	1.68
3324200	1.64
3324400	1.65
3324600	1.57
3324800	1.55
3325000	1.44
3325200	1.35
3325400	1.36
3325600	1.50
3325800	1.79
3326000	1.92
3326200	1.94
3326400	2.02
3326600	2.08
3326800	2.12
3327000	2.02
3327200	1.82
3327400	1.58
3327600	1.44
3327800	1.29
3328000	1.15
3328200	0.91
3328400	0.70
3328600	0.51
3328800	0.38
3329000	0.30
3329200	0.24
3329400	0.15
3329600	0.28
3329800	0.54
3330000	0.68
3330200	0.78
3330400	0.80
3330600	0.79
3330800	0.69
3331000	0.52
3331200	0.33
3331400	0.24
3331600	0.27
3331800	0.27
3332000	0.33
3332200	0.33
3332400	0.21
3332600	0.17
3332800	0.17
3333000	0.14
3333200	0.11
3333400	0.34
3333600	0.48
3333800	0.35
3334000	0.26
3334200	0.35
3334400	0.56
3334600	0.75
3334800	0.89
3335000	1.02
3335200	1.03
3335400	1.04
3335600	0.96
3335800	0.80
3336000	0.66
3336200	0.65
3336400	0.72
3336600	0.80
3336800	0.79
3337000	0.82
3337200	0.87
3337400	0.85
3337600	0.64
3337800	0.44
3338000	0.33
3338200	0.40
3338400	0.40
3338600	0.51
3338800	0.65
3339000	0.74
3339200	0.77
3339400	0.69
3339600	0.63
3339800	0.59
3340000	0.66
3340200	0.84
3340400	0.89
3340600	1.03
3340800	1.11
3341000	1.00
3341200	0.81
3341400	0.70
3341600	0.68
3341800	0.69
3342000	0.74
3342200	0.75
3342400	0.74
3342600	0.78
3342800	0.94
3343000	1.12
3343200	1.32
3343400	1.53
3343600	1.74
3343800	1.86
3344000	1.73
3344200	1.48
3344400	1.29
3344600	1.20
3344800	1.05
3345000	1.00
3345200	0.90
3345400	0.82
3345600	0.72
3345800	0.56
3346000	0.47
3346200	0.55
3346400	0.71
3346600	0.81
3346800	0.86
3347000	0.89
3347200	0.83
3347400	0.74
3347600	0.66
3347800	0.47
3348000	0.52
3348200	0.80
3348400	1.09
3348600	1.18
3348800	1.11
3349000	1.07
3349200	1.11
3349400	1.16
3349600	1.13
3349800	1.13
3350000	1.18
3350200	1.11
3350400	1.04
3350600	1.05
3350800	0.97
3351000	0.87
3351200	0.74
3351400	0.64
3351600	0.55
3351800	0.40
3352000	0.20
3352200	0.11
3352400	0.21
3352600	0.27
3352800	0.27
3353000	0.33
3353200	0.33
3353400	0.17
3353600	0.14
3353800	0.11
3354000	0.15
3354200	0.37
3354400	0.46
3354600	0.49
3354800	0.49
3355000	0.58
3355200	0.79
3355400	1.06
3355600	1.11
3355800	1.06
3356000	1.14
3356200	1.21
3356400	1.19
3356600	1.06
3356800	0.91
3357000	0.82
3357200	0.76
3357400	0.70
3357600	0.71
3357800	0.67
3358000	0.63
3358200	0.63
3358400	0.74
3358600	0.77
3358800	0.78
3359000	0.85
3359200	0.86
3359400	0.98
3359600	1.07
3359800	1.05
3360000	0.97
3360200	0.97
3360400	0.87
3360600	0.69
3360800	0.48
3361000	0.42
3361200	0.44
3361400	0.36
3361600	0.46
3361800	0.38
3362000	0.36
3362200	0.50
3362400	0.67
3362600	0.74
3362800	0.69
3363000	0.67
3363200	0.73
3363400	0.82
3363600	0.86
3363800	0.86
3364000	0.95
3364200	1.00
3364400	0.82
3364600	0.50
3364800	0.25
3365000	0.09
3365200	0.26
3365400	0.45
3365600	0.54
3365800	0.70
3366000	0.97
3366200	1.14
3366400	1.34
3366600	1.48
3366800	1.56
3367000	1.62
3367200	1.90
3367400	2.13
3367600	2.27
3367800	2.33
3368000	2.24
3368200	2.01
3368400	1.71
3368600	1.37
3368800	1.15
3369000	1.04
3369200	1.05
3369400	1.03
3369600	0.98
3369800	0.94
3370000	0.91
3370200	0.98
3370400	1.11
3370600	1.05
3370800	0.99
3371000	1.04
3371200	1.11
3371400	1.22
3371600	1.17
3371800	1.05
3372000	0.92
3372200	0.89
3372400	0.87
3372600	0.77
3372800	0.48
3373000	0.46
3373200	0.72
3373400	0.92
3373600	0.97
3373800	0.93
3374000	0.85
3374200	0.76
3374400	0.73
3374600	0.72
3374800	0.60
3375000	0.34
3375200	0.31
3375400	0.54
3375600	0.74
3375800	0.76
3376000	0.64
3376200	0.58
3376400	0.47
3376600	0.50
3376800	0.45
3377000	0.34
3377200	0.39
3377400	0.49
3377600	0.60
3377800	0.77
3378000	0.70
3378200	0.66
3378400	0.60
3378600	0.39
3378800	0.36
3379000	0.52
3379200	0.77
3379400	0.90
3379600	1.02
3379800	1.09
3380000	0.97
3380200	0.77
3380400	0.62
3380600	0.50
3380800	0.47
3381000	0.45
3381200	0.54
3381400	0.84
3381600	1.27
3381800	1.52
3382000	1.52
3382200	1.47
3382400	1.40
3382600	1.28
3382800	1.25
3383000	1.16
3383200	1.03
3383400	1.13
3383600	1.28
3383800	1.54
3384000	1.92
3384200	2.14
3384400	2.20
3384600	2.08
3384800	1.93
3385000	1.81
3385200	1.80
3385400	1.58
3385600	1.26
3385800	1.15
3386000	1.18
3386200	1.17
3386400	0.97
3386600	0.85
3386800	0.88
3387000	0.94
3387200	0.91
3387400	0.86
3387600	0.84
3387800	0.70
3388000	0.53
3388200	0.33
3388400	0.12
3388600	0.04
3388800	0.29
3389000	0.55
3389200	0.75
3389400	0.67
3389600	0.54
3389800	0.62
3390000	0.55
3390200	0.34
3390400	0.16
3390600	0.03
3390800	0.07
3391000	0.12
3391200	0.24
3391400	0.22
3391600	0.42
3391800	0.69
3392000	0.81
3392200	0.76
3392400	0.59
3392600	0.44
3392800	0.34
3393000	0.28
3393200	0.32
3393400	0.44
3393600	0.66
3393800	0.81
3394000	0.89
3394200	0.88
3394400	0.80
3394600	0.77
3394800	0.78
3395000	0.79
3395200	0.46
3395400	0.27
3395600	0.44
3395800	0.69
3396000	1.01
3396200	1.26
3396400	1.50
3396600	1.82
3396800	2.14
3397000	2.27
3397200	2.24
3397400	2.19
3397600	2.06
3397800	1.79
3398000	1.50
3398200	1.11
3398400	0.82
3398600	0.68
3398800	0.60
3399000	0.59
3399200	0.69
3399400	0.91
3399600	1.36
3399800	1.67
3400000	1.89
3400200	2.00
3400400	2.00
3400600	1.87
3400800	1.68
3401000	1.49
3401200	1.30
3401400	1.13
3401600	0.98
3401800	0.83
3402000	0.73
3402200	0.56
3402400	0.35
3402600	0.32
3402800	0.35
3403000	0.45
3403200	0.56
3403400	0.55
3403600	0.59
3403800	0.63
3404000	0.59
3404200	0.53
3404400	0.60
3404600	0.55
3404800	0.33
3405000	0.14
3405200	0.35
3405400	0.50
3405600	0.60
3405800	0.70
3406000	0.78
3406200	0.78
3406400	0.88
3406600	0.98
3406800	1.06
3407000	1.03
3407200	1.00
3407400	1.06
3407600	1.28
3407800	1.51
3408000	1.58
3408200	1.60
3408400	1.72
3408600	1.84
3408800	1.87
3409000	1.80
3409200	1.71
3409400	1.46
3409600	1.16
3409800	0.87
3410000	0.50
3410200	0.47
3410400	0.68
3410600	0.78
3410800	0.85
3411000	0.81
3411200	0.83
3411400	0.75
3411600	0.75
3411800	0.68
3412000	0.52
3412200	0.32
3412400	0.26
3412600	0.31
3412800	0.35
3413000	0.42
3413200	0.47
3413400	0.48
3413600	0.58
3413800	0.55
3414000	0.43
3414200	0.37
3414400	0.45
3414600	0.62
3414800	0.76
3415000	0.83
3415200	0.87
3415400	0.88
3415600	0.89
3415800	0.93
3416000	1.02
3416200	1.21
3416400	1.34
3416600	1.34
3416800	1.16
3417000	0.90
3417200	0.80
3417400	0.88
3417600	1.01
3417800	1.31
3418000	1.62
3418200	1.78
3418400	1.83
3418600	1.88
3418800	1.84
3419000	1.80
3419200	1.75
3419400	1.59
3419600	1.40
3419800	1.27
3420000	1.15
3420200	0.99
3420400	0.88
3420600	0.79
3420800	0.71
3421000	0.58
3421200	0.44
3421400	0.32
3421600	0.42
3421800	0.67
3422000	0.83
3422200	0.89
3422400	1.06
3422600	1.18
3422800	1.09
3423000	1.00
3423200	1.10
3423400	1.29
3423600	1.46
3423800	1.55
3424000	1.57
3424200	1.58
3424400	1.56
3424600	1.51
3424800	1.31
3425000	1.14
3425200	1.08
3425400	1.04
3425600	1.17
3425800	1.55
3426000	1.82
3426200	2.09
3426400	2.22
3426600	2.27
3426800	2.33
3427000	2.46
3427200	2.62
3427400	2.75
3427600	2.92
3427800	2.99
3428000	2.98
3428200	2.88
3428400	2.75
3428600	2.48
3428800	2.12
3429000	1.74
3429200	1.43
3429400	1.19
3429600	1.09
3429800	1.01
3430000	0.91
3430200	0.83
3430400	0.74
3430600	0.62
3430800	0.56
3431000	0.54
3431200	0.49
3431400	0.42
3431600	0.31
3431800	0.19
3432000	0.11
3432200	0.20
3432400	0.30
3432600	0.33
3432800	0.38
3433000	0.42
3433200	0.55
3433400	0.65
3433600	0.71
3433800	0.82
3434000	0.88
3434200	0.88
3434400	0.78
3434600	0.68
3434800	0.53
3435000	0.22
3435200	0.20
3435400	0.50
3435600	0.75
3435800	1.04
3436000	1.25
3436200	1.44
3436400	1.60
3436600	1.70
3436800	1.70
3437000	1.72
3437200	1.55
3437400	1.12
3437600	0.74
3437800	0.54
3438000	0.40
3438200	0.42
3438400	0.49
3438600	0.59
3438800	0.77
3439000	0.98
3439200	1.11
3439400	1.06
3439600	1.02
3439800	1.13
3440000	1.31
3440200	1.45
3440400	1.49
3440600	1.36
3440800	1.09
3441000	0.91
3441200	0.97
3441400	1.13
3441600	1.35
3441800	1.46
3442000	1.42
3442200	1.30
3442400	1.31
3442600	1.27
3442800	1.15
3443000	1.04
3443200	0.84
3443400	0.64
3443600	0.53
3443800	0.46
3444000	0.39
3444200	0.31
3444400	0.22
3444600	0.16
3444800	0.19
3445000	0.16
3445200	0.30
3445400	0.39
3445600	0.35
3445800	0.46
3446000	0.56
3446200	0.68
3446400	0.71
3446600	0.67
3446800	0.57
3447000	0.57
3447200	0.80
3447400	0.96
3447600	1.00
3447800	1.20
3448000	1.32
3448200	1.38
3448400	1.44
3448600	1.32
3448800	1.27
3449000	1.25
3449200	1.23
3449400	1.15
3449600	1.10
3449800	1.02
3450000	0.98
3450200	0.80
3450400	0.67
3450600	0.59
3450800	0.51
3451000	0.44
3451200	0.34
3451400	0.28
3451600	0.20
3451800	0.11
3452000	0.16
3452200	0.18
3452400	0.25
3452600	0.44
3452800	0.66
3453000	0.79
3453200	0.87
3453400	0.93
3453600	1.02
3453800	1.03
3454000	1.02
3454200	1.09
3454400	1.19
3454600	1.36
3454800	1.52
3455000	1.50
3455200	1.39
3455400	1.37
3455600	1.29
3455800	1.10
3456000	0.96
3456200	0.87
3456400	0.85
3456600	0.81
3456800	0.66
3457000	0.64
3457200	0.60
3457400	0.55
3457600	0.57
3457800	0.67
3458000	0.84
3458200	0.95
3458400	0.99
3458600	0.96
3458800	0.95
3459000	0.99
3459200	1.00
3459400	0.97
3459600	0.96
3459800	1.00
3460000	1.08
3460200	1.09
3460400	1.12
3460600	1.22
3460800	1.34
3461000	1.47
3461200	1.52
3461400	1.60
3461600	1.69
3461800	1.75
3462000	1.74
3462200	1.69
3462400	1.74
3462600	1.77
3462800	1.76
3463000	1.79
3463200	1.87
3463400	1.85
3463600	1.77
3463800	1.78
3464000	1.77
3464200	1.70
3464400	1.82
3464600	2.00
3464800	2.03
3465000	1.99
3465200	1.96
3465400	1.92
3465600	1.84
3465800	1.80
3466000	1.65
3466200	1.46
3466400	1.35
3466600	1.32
3466800	1.19
3467000	1.01
3467200	0.95
3467400	0.88
3467600	0.85
3467800	0.84
3468000	0.82
3468200	0.69
3468400	0.51
3468600	0.36
3468800	0.20
3469000	0.08
3469200	0.06
3469400	0.14
3469600	0.22
3469800	0.30
3470000	0.40
3470200	0.48
3470400	0.45
3470600	0.32
3470800	0.29
3471000	0.38
3471200	0.33
3471400	0.19
3471600	0.11
3471800	0.12
3472000	0.15
3472200	0.27
3472400	0.45
3472600	0.52
3472800	0.25
3473000	0.18
3473200	0.23
3473400	0.32
3473600	0.26
3473800	0.20
3474000	0.13
3474200	0.09
3474400	0.13
3474600	0.16
3474800	0.15
3475000	0.28
3475200	0.37
3475400	0.37
3475600	0.30
3475800	0.29
3476000	0.37
3476200	0.52
3476400	0.69
3476600	0.67
3476800	0.53
3477000	0.32
3477200	0.29
3477400	0.47
3477600	0.58
3477800	0.72
3478000	0.91
3478200	1.01
3478400	1.15
3478600	1.30
3478800	1.40
3479000	1.52
3479200	1.45
3479400	1.29
3479600	1.10
3479800	0.88
3480000	0.66
3480200	0.52
3480400	0.46
3480600	0.42
3480800	0.31
3481000	0.21
3481200	0.33
3481400	0.44
3481600	0.44
3481800	0.46
3482000	0.52
3482200	0.51
3482400	0.55
3482600	0.56
3482800	0.53
3483000	0.47
3483200	0.63
3483400	0.79
3483600	0.88
3483800	1.05
3484000	1.21
3484200	1.38
3484400	1.48
3484600	1.58
3484800	1.72
3485000	1.74
3485200	1.77
3485400	1.61
3485600	1.34
3485800	1.23
3486000	1.25
3486200	1.22
3486400	1.14
3486600	0.91
3486800	0.67
3487000	0.52
3487200	0.41
3487400	0.37
3487600	0.29
3487800	0.12
3488000	0.22
3488200	0.53
3488400	0.71
3488600	0.90
3488800	0.92
3489000	0.83
3489200	0.71
3489400	0.69
3489600	0.69
3489800	0.69
3490000	0.79
3490200	0.84
3490400	0.73
3490600	0.55
3490800	0.53
3491000	0.60
3491200	0.69
3491400	0.78
3491600	0.87
3491800	0.94
3492000	0.94
3492200	0.92
3492400	0.89
3492600	0.82
3492800	0.67
3493000	0.48
3493200	0.36
3493400	0.41
3493600	0.45
3493800	0.45
3494000	0.37
3494200	0.35
3494400	0.46
3494600	0.51
3494800	0.55
3495000	0.62
3495200	0.62
3495400	0.69
3495600	0.94
3495800	1.20
3496000	1.45
3496200	1.64
3496400	1.81
3496600	1.99
3496800	1.99
3497000	1.83
3497200	1.64
3497400	1.55
3497600	1.54
3497800	1.48
3498000	1.34
3498200	1.21
3498400	1.11
3498600	0.90
3498800	0.71
3499000	0.61
3499200	0.74
3499400	0.92
3499600	1.01
3499800	1.13
3500000	1.22
3500200	1.27
3500400	1.20
3500600	1.13
3500800	1.08
3501000	1.08
3501200	1.04
3501400	1.05
3501600	1.09
3501800	1.17
3502000	1.29
3502200	1.42
3502400	1.46
3502600	1.32
3502800	1.12
3503000	0.93
3503200	0.92
3503400	1.07
3503600	1.17
3503800	1.20
3504000	1.22
3504200	1.20
3504400	1.18
3504600	1.18
3504800	1.17
3505000	1.09
3505200	0.95
3505400	0.90
3505600	0.72
3505800	0.46
3506000	0.37
3506200	0.33
3506400	0.28
3506600	0.19
3506800	0.10
3507000	0.20
3507200	0.34
3507400	0.44
3507600	0.54
3507800	0.55
3508000	0.48
3508200	0.43
3508400	0.41
3508600	0.38
3508800	0.36
3509000	0.31
3509200	0.29
3509400	0.25
3509600	0.25
3509800	0.31
3510000	0.37
3510200	0.36
3510400	0.29
3510600	0.22
3510800	0.18
3511000	0.19
3511200	0.20
3511400	0.33
3511600	0.52
3511800	0.59
3512000	0.59
3512200	0.54
3512400	0.43
3512600	0.35
3512800	0.30
3513000	0.13
3513200	0.13
3513400	0.31
3513600	0.46
3513800	0.63
3514000	0.79
3514200	0.91
3514400	1.05
3514600	1.12
3514800	1.24
3515000	1.36
3515200	1.53
3515400	1.57
3515600	1.55
3515800	1.43
3516000	1.32
3516200	1.26
3516400	1.17
3516600	1.13
3516800	1.08
3517000	0.97
3517200	0.96
3517400	1.01
3517600	1.07
3517800	0.91
3518000	0.77
3518200	0.74
3518400	0.79
3518600	0.76
3518800	0.76
3519000	0.73
3519200	0.68
3519400	0.57
3519600	0.47
3519800	0.55
3520000	0.70
3520200	0.71
3520400	0.64
3520600	0.53
3520800	0.54
3521000	0.61
3521200	0.72
3521400	0.77
3521600	0.75
3521800	0.81
3522000	0.84
3522200	0.84
3522400	0.73
3522600	0.60
3522800	0.57
3523000	0.53
3523200	0.48
3523400	0.54
3523600	0.57
3523800	0.53
3524000	0.56
3524200	0.70
3524400	0.77
3524600	0.83
3524800	0.89
3525000	1.03
3525200	1.08
3525400	1.12
3525600	1.24
3525800	1.34
3526000	1.50
3526200	1.64
3526400	1.78
3526600	1.85
3526800	1.78
3527000	1.76
3527200	1.76
3527400	1.74
3527600	1.65
3527800	1.56
3528000	1.58
3528200	1.60
3528400	1.54
3528600	1.40
3528800	1.32
3529000	1.31
3529200	1.38
3529400	1.52
3529600	1.64
3529800	1.73
3530000	1.76
3530200	1.80
3530400	1.88
3530600	1.93
3530800	1.92
3531000	1.80
3531200	1.56
3531400	1.43
3531600	1.39
3531800	1.31
3532000	1.26
3532200	1.23
3532400	1.24
3532600	1.27
3532800	1.27
3533000	1.29
3533200	1.29
3533400	1.26
3533600	1.26
3533800	1.16
3534000	0.97
3534200	0.75
3534400	0.58
3534600	0.41
3534800	0.25
3535000	0.23
3535200	0.14
3535400	0.15
3535600	0.36
3535800	0.53
3536000	0.62
3536200	0.70
3536400	0.66
3536600	0.61
3536800	0.63
3537000	0.76
3537200	0.90
3537400	0.95
3537600	0.87
3537800	0.74
3538000	0.59
3538200	0.41
3538400	0.20
3538600	0.05
3538800	0.14
3539000	0.22
3539200	0.27
3539400	0.28
3539600	0.47
3539800	0.74
3540000	0.85
3540200	0.87
3540400	0.83
3540600	0.65
3540800	0.44
3541000	0.32
3541200	0.31
3541400	0.35
3541600	0.49
3541800	0.65
3542000	0.73
3542200	0.71
3542400	0.66
3542600	0.66
3542800	0.70
3543000	0.73
3543200	0.75
3543400	0.83
3543600	0.96
3543800	1.06
3544000	1.03
3544200	0.98
3544400	0.94
3544600	0.92
3544800	0.89
3545000	0.80
3545200	0.66
3545400	0.55
3545600	0.52
3545800	0.49
3546000	0.36
3546200	0.17
3546400	0.08
3546600	0.15
3546800	0.21
3547000	0.21
3547200	0.23
3547400	0.25
3547600	0.17
3547800	0.22
3548000	0.31
3548200	0.21
3548400	0.08
3548600	0.24
3548800	0.42
3549000	0.52
3549200	0.65
3549400	0.81
3549600	1.05
3549800	1.19
3550000	1.24
3550200	1.34
3550400	1.38
3550600	1.24
3550800	0.95
3551000	0.68
3551200	0.62
3551400	0.69
3551600	0.74
3551800	0.83
3552000	0.85
3552200	0.84
3552400	0.83
3552600	0.85
3552800	0.85
3553000	0.85
3553200	0.78
3553400	0.66
3553600	0.53
3553800	0.34
3554000	0.31
3554200	0.33
3554400	0.32
3554600	0.26
3554800	0.23
3555000	0.31
3555200	0.49
3555400	0.57
3555600	0.54
3555800	0.55
3556000	0.65
3556200	0.71
3556400	0.70
3556600	0.64
3556800	0.59
3557000	0.63
3557200	0.75
3557400	0.81
3557600	0.86
3557800	0.99
3558000	1.10
3558200	1.23
3558400	1.28
3558600	1.21
3558800	1.05
3559000	0.68
3559200	0.28
3559400	0.34
3559600	0.66
3559800	0.94
3560000	1.21
3560200	1.48
3560400	1.69
3560600	1.85
3560800	1.94
3561000	1.96
3561200	1.98
3561400	1.91
3561600	2.00
3561800	2.07
3562000	2.09
3562200	1.98
3562400	1.83
3562600	1.61
3562800	1.41
3563000	1.25
3563200	1.02
3563400	0.72
3563600	0.43
3563800	0.19
3564000	0.24
3564200	0.33
3564400	0.34
3564600	0.38
3564800	0.41
3565000	0.43
3565200	0.46
3565400	0.47
3565600	0.47
3565800	0.39
3566000	0.31
3566200	0.27
3566400	0.26
3566600	0.32
3566800	0.38
3567000	0.41
3567200	0.35
3567400	0.36
3567600	0.44
3567800	0.58
3568000	0.85
3568200	1.09
3568400	1.18
3568600	1.29
3568800	1.32
3569000	1.27
3569200	1.12
3569400	0.87
3569600	0.77
3569800	0.75
3570000	0.77
3570200	0.71
3570400	0.60
3570600	0.58
3570800	0.62
3571000	0.76
3571200	0.94
3571400	1.07
3571600	1.16
3571800	1.24
3572000	1.29
3572200	1.32
3572400	1.30
3572600	1.29
3572800	1.26
3573000	1.15
3573200	1.12
3573400	1.02
3573600	0.83
3573800	0.68
3574000	0.56
3574200	0.44
3574400	0.31
3574600	0.22
3574800	0.17
3575000	0.22
3575200	0.23
3575400	0.22
3575600	0.14
3575800	0.18
3576000	0.28
3576200	0.27
3576400	0.22
3576600	0.32
3576800	0.43
3577000	0.42
3577200	0.45
3577400	0.54
3577600	0.61
3577800	0.60
3578000	0.52
3578200	0.32
3578400	0.15
3578600	0.10
3578800	0.19
3579000	0.32
3579200	0.32
3579400	0.27
3579600	0.16
3579800	0.09
3580000	0.14
3580200	0.22
3580400	0.33
3580600	0.45
3580800	0.56
3581000	0.69
3581200	0.84
3581400	1.04
3581600	1.20
3581800	1.24
3582000	1.22
3582200	1.20
3582400	1.12
3582600	1.08
3582800	0.95
3583000	0.83
3583200	0.89
3583400	1.03
3583600	1.21
3583800	1.29
3584000	1.28
3584200	1.28
3584400	1.27
3584600	1.20
3584800	0.94
3585000	0.61
3585200	0.32
3585400	0.08
3585600	0.20
3585800	0.49
3586000	0.68
3586200	0.82
3586400	0.88
3586600	0.86
3586800	0.84
3587000	0.80
3587200	0.78
3587400	0.70
3587600	0.62
3587800	0.51
3588000	0.43
3588200	0.53
3588400	0.67
3588600	0.86
3588800	0.96
3589000	0.93
3589200	0.81
3589400	0.78
3589600	0.78
3589800	0.75
3590000	0.72
3590200	0.69
3590400	0.64
3590600	0.59
3590800	0.49
3591000	0.39
3591200	0.35
3591400	0.40
3591600	0.48
3591800	0.58
3592000	0.64
3592200	0.78
3592400	0.84
3592600	0.82
3592800	0.81
3593000	0.82
3593200	0.85
3593400	0.83
3593600	0.72
3593800	0.65
3594000	0.60
3594200	0.66
3594400	0.76
3594600	0.90
3594800	1.04
3595000	1.12
3595200	1.21
3595400	1.28
3595600	1.39
3595800	1.38
3596000	1.30
3596200	1.02
3596400	0.75
3596600	0.58
3596800	0.47
3597000	0.38
3597200	0.38
3597400	0.32
3597600	0.16
3597800	0.11
3598000	0.20
3598200	0.30
3598400	0.39
3598600	0.58
3598800	0.75
3599000	0.88
3599200	0.95
3599400	0.93
3599600	0.79
3599800	0.69
3600000	0.80
3600200	0.99
3600400	1.18
3600600	1.29
3600800	1.30
3601000	1.22
3601200	1.23
3601400	1.34
3601600	1.36
3601800	1.19
3602000	1.04
3602200	0.95
3602400	0.80
3602600	0.72
3602800	0.63
3603000	0.53
3603200	0.52
3603400	0.52
3603600	0.59
3603800	0.70
3604000	0.78
3604200	0.85
3604400	0.87
3604600	0.75
3604800	0.62
3605000	0.56
3605200	0.59
3605400	0.59
3605600	0.62
3605800	0.77
3606000	0.85
3606200	0.82
3606400	0.75
3606600	0.66
3606800	0.52
3607000	0.41
3607200	0.36
3607400	0.35
3607600	0.31
3607800	0.37
3608000	0.50
3608200	0.66
3608400	0.68
3608600	0.67
3608800	0.61
3609000	0.47
3609200	0.36
3609400	0.37
3609600	0.51
3609800	0.66
3610000	0.86
3610200	1.06
3610400	1.27
3610600	1.46
3610800	1.61
3611000	1.63
3611200	1.61
3611400	1.60
3611600	1.64
3611800	1.75
3612000	1.88
3612200	1.99
3612400	2.00
3612600	1.92
3612800	1.81
3613000	1.76
3613200	1.70
3613400	1.57
3613600	1.43
3613800	1.29
3614000	1.13
3614200	1.04
3614400	0.99
3614600	0.91
3614800	0.76
3615000	0.69
3615200	0.65
3615400	0.61
3615600	0.58
3615800	0.59
3616000	0.60
3616200	0.67
3616400	0.66
3616600	0.77
3616800	0.78
3617000	0.68
3617200	0.67
3617400	0.67
3617600	0.68
3617800	0.60
3618000	0.55
3618200	0.48
3618400	0.41
3618600	0.40
3618800	0.41
3619000	0.32
3619200	0.29
3619400	0.25
3619600	0.19
3619800	0.20
3620000	0.33
3620200	0.41
3620400	0.51
3620600	0.69
3620800	0.79
3621000	0.81
3621200	0.82
3621400	0.85
3621600	0.93
3621800	0.86
3622000	0.82
3622200	0.81
3622400	0.77
3622600	0.64
3622800	0.52
3623000	0.46
3623200	0.46
3623400	0.41
3623600	0.40
3623800	0.38
3624000	0.34
3624200	0.24
3624400	0.16
3624600	0.18
3624800	0.17
3625000	0.15
3625200	0.17
3625400	0.17
3625600	0.25
3625800	0.40
3626000	0.47
3626200	0.53
3626400	0.60
3626600	0.65
3626800	0.72
3627000	0.82
3627200	0.94
3627400	1.06
3627600	1.12
3627800	1.11
3628000	1.08
3628200	1.14
3628400	1.22
3628600	1.38
3628800	1.67
3629000	1.82
3629200	1.87
3629400	1.93
3629600	2.10
3629800	2.24
3630000	2.33
3630200	2.35
3630400	2.32
3630600	2.32
3630800	2.31
3631000	2.21
3631200	2.13
3631400	2.05
3631600	1.98
3631800	1.94
3632000	1.82
3632200	1.69
3632400	1.53
3632600	1.26
3632800	1.02
3633000	0.82
3633200	0.57
3633400	0.34
3633600	0.30
3633800	0.32
3634000	0.37
3634200	0.50
3634400	0.56
3634600	0.46
3634800	0.41
3635000	0.41
3635200	0.42
3635400	0.48
3635600	0.54
3635800	0.61
3636000	0.60
3636200	0.60
3636400	0.57
3636600	0.62
3636800	0.61
3637000	0.67
3637200	0.88
3637400	1.07
3637600	1.18
3637800	1.23
3638000	1.28
3638200	1.34
3638400	1.40
3638600	1.61
3638800	1.81
3639000	1.91
3639200	2.00
3639400	1.98
3639600	1.88
3639800	1.74
3640000	1.48
3640200	1.12
3640400	0.78
3640600	0.48
3640800	0.30
3641000	0.20
3641200	0.13
3641400	0.13
3641600	0.16
3641800	0.27
3642000	0.44
3642200	0.49
3642400	0.46
3642600	0.42
3642800	0.37
3643000	0.39
3643200	0.44
3643400	0.42
3643600	0.33
3643800	0.36
3644000	0.36
3644200	0.25
3644400	0.16
3644600	0.18
3644800	0.18
3645000	0.20
3645200	0.22
3645400	0.41
3645600	0.57
3645800	0.51
3646000	0.46
3646200	0.47
3646400	0.52
3646600	0.47
3646800	0.55
3647000	0.66
3647200	0.68
3647400	0.73
3647600	0.78
3647800	0.81
3648000	0.85
3648200	0.95
3648400	1.14
3648600	1.33
3648800	1.39
3649000	1.32
3649200	1.10
3649400	0.94
3649600	0.83
3649800	0.79
3650000	0.91
3650200	0.98
3650400	1.00
3650600	1.01
3650800	0.99
3651000	0.86
3651200	0.67
3651400	0.59
3651600	0.57
3651800	0.60
3652000	0.49
3652200	0.41
3652400	0.37
3652600	0.34
3652800	0.31
3653000	0.34
3653200	0.29
3653400	0.23
3653600	0.21
3653800	0.17
3654000	0.18
3654200	0.15
3654400	0.19
3654600	0.22
3654800	0.30
3655000	0.41
3655200	0.54
3655400	0.60
3655600	0.48
3655800	0.30
3656000	0.26
3656200	0.30
3656400	0.37
3656600	0.39
3656800	0.47
3657000	0.58
3657200	0.59
3657400	0.52
3657600	0.39
3657800	0.25
3658000	0.20
3658200	0.24
3658400	0.28
3658600	0.25
3658800	0.19
3659000	0.17
3659200	0.18
3659400	0.17
3659600	0.06
3659800	0.06
3660000	0.09
3660200	0.20
3660400	0.27
3660600	0.28
3660800	0.24
3661000	0.29
3661200	0.33
3661400	0.37
3661600	0.42
3661800	0.40
3662000	0.31
3662200	0.24
3662400	0.24
3662600	0.28
3662800	0.36
3663000	0.45
3663200	0.51
3663400	0.50
3663600	0.50
3663800	0.55
3664000	0.53
3664200	0.51
3664400	0.48
3664600	0.47
3664800	0.49
3665000	0.50
3665200	0.50
3665400	0.46
3665600	0.41
3665800	0.42
3666000	0.49
3666200	0.58
3666400	0.60
3666600	0.51
3666800	0.46
3667000	0.37
3667200	0.34
3667400	0.37
3667600	0.34
3667800	0.35
3668000	0.43
3668200	0.51
3668400	0.71
3668600	0.92
3668800	1.11
3669000	1.38
3669200	1.57
3669400	1.61
3669600	1.56
3669800	1.44
3670000	1.33
3670200	1.26
3670400	1.20
3670600	1.13
3670800	1.07
3671000	1.07
3671200	1.04
3671400	1.01
3671600	0.97
3671800	0.96
3672000	0.98
3672200	0.99
3672400	0.92
3672600	0.83
3672800	0.82
3673000	0.84
3673200	0.83
3673400	0.77
3673600	0.72
3673800	0.61
3674000	0.41
3674200	0.25
3674400	0.14
3674600	0.16
3674800	0.24
3675000	0.36
3675200	0.47
3675400	0.47
3675600	0.37
3675800	0.38
3676000	0.37
3676200	0.40
3676400	0.50
3676600	0.59
3676800	0.64
3677000	0.76
3677200	0.87
3677400	0.89
3677600	0.93
3677800	0.91
3678000	0.79
3678200	0.61
3678400	0.46
3678600	0.34
3678800	0.36
3679000	0.28
3679200	0.10
3679400	0.19
3679600	0.34
3679800	0.55
3680000	0.66
3680200	0.78
3680400	0.92
3680600	0.95
3680800	0.97
3681000	0.94
3681200	0.86
3681400	0.73
3681600	0.63
3681800	0.60
3682000	0.63
3682200	0.59
3682400	0.45
3682600	0.38
3682800	0.41
3683000	0.44
3683200	0.44
3683400	0.34
3683600	0.22
3683800	0.10
3684000	0.06
3684200	0.10
3684400	0.15
3684600	0.19
3684800	0.28
3685000	0.41
3685200	0.55
3685400	0.63
3685600	0.68
3685800	0.63
3686000	0.59
3686200	0.60
3686400	0.64
3686600	0.70
3686800	0.73
3687000	0.72
3687200	0.68
3687400	0.68
3687600	0.64
3687800	0.50
3688000	0.38
3688200	0.24
3688400	0.15
3688600	0.10
3688800	0.21
3689000	0.31
3689200	0.41
3689400	0.46
3689600	0.61
3689800	0.67
3690000	0.60
3690200	0.52
3690400	0.42
3690600	0.34
3690800	0.30
3691000	0.24
3691200	0.29
3691400	0.27
3691600	0.23
3691800	0.18
3692000	0.16
3692200	0.13
3692400	0.13
3692600	0.19
3692800	0.28
3693000	0.26
3693200	0.27
3693400	0.29
3693600	0.29
3693800	0.29
3694000	0.31
3694200	0.35
3694400	0.43
3694600	0.56
3694800	0.63
3695000	0.66
3695200	0.68
3695400	0.71
3695600	0.68
3695800	0.63
3696000	0.53
3696200	0.58
3696400	0.66
3696600	0.72
3696800	0.75
3697000	0.85
3697200	0.99
3697400	1.07
3697600	1.07
3697800	1.06
3698000	1.09
3698200	1.03
3698400	0.80
3698600	0.58
3698800	0.45
3699000	0.41
3699200	0.44
3699400	0.55
3699600	0.54
3699800	0.51
3700000	0.52
3700200	0.54
3700400	0.58
3700600	0.60
3700800	0.58
3701000	0.61
3701200	0.73
3701400	0.84
3701600	0.90
3701800	0.95
3702000	0.93
3702200	0.89
3702400	0.82
3702600	0.68
3702800	0.49
3703000	0.30
3703200	0.18
3703400	0.21
3703600	0.35
3703800	0.46
3704000	0.58
3704200	0.65
3704400	0.65
3704600	0.60
3704800	0.56
3705000	0.62
3705200	0.75
3705400	0.81
3705600	0.79
3705800	0.65
3706000	0.47
3706200	0.48
3706400	0.59
3706600	0.62
3706800	0.58
3707000	0.44
3707200	0.39
3707400	0.38
3707600	0.35
3707800	0.36
3708000	0.39
3708200	0.47
3708400	0.51
3708600	0.52
3708800	0.52
3709000	0.53
3709200	0.48
3709400	0.41
3709600	0.38
3709800	0.34
3710000	0.37
3710200	0.35
3710400	0.31
3710600	0.20
3710800	0.16
3711000	0.30
3711200	0.49
3711400	0.61
3711600	0.71
3711800	0.85
3712000	1.13
3712200	1.44
3712400	1.53
3712600	1.41
3712800	1.20
3713000	0.98
3713200	0.79
3713400	0.53
3713600	0.35
3713800	0.24
3714000	0.21
3714200	0.31
3714400	0.64
3714600	1.05
3714800	1.45
3715000	1.72
3715200	1.97
3715400	2.11
3715600	2.18
3715800	2.09
3716000	1.81
3716200	1.57
3716400	1.28
3716600	1.04
3716800	0.95
3717000	0.95
3717200	1.02
3717400	1.29
3717600	1.64
3717800	1.95
3718000	2.04
3718200	2.05
3718400	2.02
3718600	1.87
3718800	1.65
3719000	1.57
3719200	1.52
3719400	1.47
3719600	1.24
3719800	1.05
3720000	0.81
3720200	0.70
3720400	0.67
3720600	0.68
3720800	0.68
3721000	0.68
3721200	0.70
3721400	0.83
3721600	1.03
3721800	1.17
3722000	1.19
3722200	1.06
3722400	0.91
3722600	0.88
3722800	0.98
3723000	1.29
3723200	1.46
3723400	1.54
3723600	1.67
3723800	1.83
3724000	1.75
3724200	1.63
3724400	1.56
3724600	1.46
3724800	1.39
3725000	1.30
3725200	1.12
3725400	1.02
3725600	0.98
3725800	1.01
3726000	0.99
3726200	0.91
3726400	0.80
3726600	0.67
3726800	0.47
3727000	0.20
3727200	0.10
3727400	0.22
3727600	0.23
3727800	0.17
3728000	0.21
3728200	0.33
3728400	0.47
3728600	0.77
3728800	0.83
3729000	0.76
3729200	0.65
3729400	0.57
3729600	0.50
3729800	0.67
3730000	0.92
3730200	1.07
3730400	1.18
3730600	1.27
3730800	1.18
3731000	1.03
3731200	0.77
3731400	0.62
3731600	0.59
3731800	0.46
3732000	0.36
3732200	0.32
3732400	0.35
3732600	0.33
3732800	0.37
3733000	0.41
3733200	0.47
3733400	0.65
3733600	0.84
3733800	1.01
3734000	1.24
3734200	1.30
3734400	1.15
3734600	1.04
3734800	0.95
3735000	0.81
3735200	0.78
3735400	0.81
3735600	0.78
3735800	0.81
3736000	0.93
3736200	1.00
3736400	1.15
3736600	1.18
3736800	1.13
3737000	0.97
3737200	0.76
3737400	0.72
3737600	0.79
3737800	0.84
3738000	1.09
3738200	1.37
3738400	1.43
3738600	1.28
3738800	1.12
3739000	0.89
3739200	0.59
3739400	0.40
3739600	0.21
3739800	0.06
3740000	0.12
3740200	0.18
3740400	0.18
3740600	0.22
3740800	0.25
3741000	0.33
3741200	0.25
3741400	0.08
3741600	0.54
3741800	1.11
3742000	1.40
3742200	1.57
3742400	1.72
3742600	1.78
3742800	1.91
3743000	2.11
3743200	2.21
3743400	2.15
3743600	1.94
3743800	1.77
3744000	1.60
3744200	1.46
3744400	1.30
3744600	1.15
3744800	1.10
3745000	1.04
3745200	0.93
3745400	0.88
3745600	0.79
3745800	0.62
3746000	0.41
3746200	0.29
3746400	0.23
3746600	0.34
3746800	0.53
3747000	0.58
3747200	0.49
3747400	0.41
3747600	0.39
3747800	0.42
3748000	0.55
3748200	0.72
3748400	0.85
3748600	0.97
3748800	0.89
3749000	0.65
3749200	0.43
3749400	0.35
3749600	0.54
3749800	0.75
3750000	1.03
3750200	1.07
3750400	1.12
3750600	1.30
3750800	1.48
3751000	1.55
3751200	1.42
3751400	1.26
3751600	1.20
3751800	1.05
3752000	0.93
3752200	0.99
3752400	1.04
3752600	0.93
3752800	0.91
3753000	0.86
3753200	0.76
3753400	0.63
3753600	0.52
3753800	0.54
3754000	0.68
3754200	0.92
3754400	1.14
3754600	1.24
3754800	1.15
3755000	1.12
3755200	1.06
3755400	0.84
3755600	0.59
3755800	0.37
3756000	0.22
3756200	0.20
3756400	0.24
3756600	0.28
3756800	0.29
3757000	0.28
3757200	0.26
3757400	0.36
3757600	0.68
3757800	1.09
3758000	1.31
3758200	1.39
3758400	1.53
3758600	1.77
3758800	1.91
3759000	1.92
3759200	1.89
3759400	1.82
3759600	1.77
3759800	1.75
3760000	1.57
3760200	1.33
3760400	1.06
3760600	0.82
3760800	0.63
3761000	0.32
3761200	0.08
3761400	0.29
3761600	0.43
3761800	0.33
3762000	0.32
3762200	0.35
3762400	0.39
3762600	0.33
3762800	0.20
3763000	0.16
3763200	0.13
3763400	0.34
3763600	0.58
3763800	0.79
3764000	0.89
3764200	1.01
3764400	1.21
3764600	1.33
3764800	1.38
3765000	1.31
3765200	1.15
3765400	1.03
3765600	0.92
3765800	0.81
3766000	0.81
3766200	0.94
3766400	1.03
3766600	1.01
3766800	0.93
3767000	0.92
3767200	0.90
3767400	0.82
3767600	0.71
3767800	0.55
3768000	0.36
3768200	0.41
3768400	0.47
3768600	0.34
3768800	0.20
3769000	0.22
3769200	0.29
3769400	0.39
3769600	0.49
3769800	0.63
3770000	0.67
3770200	0.68
3770400	0.74
3770600	0.77
3770800	0.74
3771000	0.69
3771200	0.65
3771400	0.58
3771600	0.45
3771800	0.27
3772000	0.18
3772200	0.28
3772400	0.37
3772600	0.59
3772800	0.81
3773000	0.81
3773200	0.74
3773400	0.68
3773600	0.65
3773800	0.54
3774000	0.57
3774200	0.57
3774400	0.46
3774600	0.29
3774800	0.14
3775000	0.24
3775200	0.28
3775400	0.35
3775600	0.43
3775800	0.55
3776000	0.63
3776200	0.78
3776400	0.99
3776600	1.20
3776800	1.44
3777000	1.61
3777200	1.62
3777400	1.54
3777600	1.57
3777800	1.50
3778000	1.30
3778200	1.16
3778400	1.09
3778600	1.12
3778800	1.16
3779000	1.19
3779200	1.29
3779400	1.43
3779600	1.53
3779800	1.61
3780000	1.71
3780200	1.80
3780400	1.96
3780600	2.19
3780800	2.33
3781000	2.32
3781200	2.25
3781400	2.18
3781600	2.13
3781800	2.05
3782000	1.96
3782200	1.85
3782400	1.68
3782600	1.60
3782800	1.61
3783000	1.54
3783200	1.51
3783400	1.41
3783600	1.26
3783800	1.06
3784000	0.95
3784200	0.97
3784400	1.05
3784600	1.22
3784800	1.34
3785000	1.49
3785200	1.59
3785400	1.79
3785600	1.88
3785800	1.93
3786000	1.93
3786200	1.87
3786400	1.82
3786600	1.74
3786800	1.70
3787000	1.64
3787200	1.56
3787400	1.49
3787600	1.34
3787800	1.12
3788000	0.92
3788200	0.75
3788400	0.62
3788600	0.61
3788800	0.69
3789000	0.89
3789200	0.98
3789400	1.14
3789600	1.26
3789800	1.15
3790000	0.89
3790200	0.68
3790400	0.55
3790600	0.58
3790800	0.76
3791000	0.90
3791200	1.00
3791400	1.12
3791600	1.15
3791800	1.03
3792000	0.54
3792200	0.13
3792400	0.32
3792600	0.56
3792800	0.66
3793000	0.72
3793200	0.83
3793400	1.04
3793600	1.27
3793800	1.50
3794000	1.76
3794200	1.88
3794400	1.82
3794600	1.75
3794800	1.63
3795000	1.40
3795200	1.23
3795400	1.24
3795600	1.37
3795800	1.50
3796000	1.61
3796200	1.70
3796400	1.66
3796600	1.56
3796800	1.38
3797000	1.11
3797200	0.98
3797400	0.87
3797600	0.82
3797800	0.72
3798000	0.64
3798200	0.55
3798400	0.50
3798600	0.41
3798800	0.53
3799000	0.62
3799200	0.64
3799400	0.56
3799600	0.41
3799800	0.31
3800000	0.13
3800200	0.33
3800400	0.62
3800600	0.90
3800800	1.10
3801000	1.19
3801200	1.26
3801400	1.33
3801600	1.43
3801800	1.46
3802000	1.46
3802200	1.44
3802400	1.55
3802600	1.74
3802800	1.88
3803000	1.82
3803200	1.74
3803400	1.64
3803600	1.57
3803800	1.60
3804000	1.58
3804200	1.49
3804400	1.49
3804600	1.58
3804800	1.56
3805000	1.60
3805200	1.56
3805400	1.43
3805600	1.28
3805800	0.97
3806000	0.68
3806200	0.55
3806400	0.67
3806600	0.87
3806800	0.94
3807000	0.88
3807200	0.85
3807400	0.80
3807600	0.86
3807800	0.91
3808000	0.93
3808200	1.03
3808400	1.08
3808600	1.08
3808800	1.02
3809000	0.95
3809200	0.95
3809400	1.01
3809600	1.13
3809800	1.22
3810000	1.30
3810200	1.29
3810400	1.25
3810600	1.14
3810800	1.06
3811000	1.07
3811200	1.14
3811400	1.16
3811600	1.24
3811800	1.17
3812000	1.04
3812200	1.01
3812400	1.05
3812600	1.20
3812800	1.29
3813000	1.34
3813200	1.42
3813400	1.50
3813600	1.53
3813800	1.50
3814000	1.38
3814200	1.17
3814400	0.94
3814600	0.69
3814800	0.53
3815000	0.39
3815200	0.37
3815400	0.35
3815600	0.19
3815800	0.24
3816000	0.47
3816200	0.62
3816400	0.77
3816600	0.90
3816800	0.86
3817000	0.86
3817200	0.74
3817400	0.56
3817600	0.55
3817800	0.51
3818000	0.63
3818200	0.83
3818400	1.05
3818600	1.32
3818800	1.60
3819000	1.70
3819200	1.55
3819400	1.44
3819600	1.37
3819800	1.33
3820000	1.31
3820200	1.07
3820400	0.89
3820600	0.84
3820800	0.95
3821000	1.16
3821200	1.29
3821400	1.24
3821600	1.04
3821800	0.84
3822000	0.71
3822200	0.59
3822400	0.48
3822600	0.38
3822800	0.31
3823000	0.29
3823200	0.32
3823400	0.42
3823600	0.61
3823800	0.90
3824000	0.97
3824200	0.97
3824400	0.99
3824600	1.13
3824800	1.30
3825000	1.49
3825200	1.65
3825400	1.75
3825600	1.68
3825800	1.59
3826000	1.63
3826200	1.59
3826400	1.45
3826600	1.17
3826800	0.90
3827000	0.77
3827200	0.67
3827400	0.61
3827600	0.60
3827800	0.43
3828000	0.18
3828200	0.15
3828400	0.24
3828600	0.36
3828800	0.49
3829000	0.61
3829200	0.76
3829400	0.95
3829600	1.26
3829800	1.47
3830000	1.67
3830200	2.00
3830400	2.26
3830600	2.43
3830800	2.56
3831000	2.63
3831200	2.61
3831400	2.68
3831600	2.66
3831800	2.54
3832000	2.42
3832200	2.32
3832400	2.23
3832600	2.06
3832800	1.94
3833000	1.92
3833200	1.98
3833400	2.05
3833600	2.12
3833800	2.29
3834000	2.37
3834200	2.41
3834400	2.57
3834600	2.64
3834800	2.53
3835000	2.39
3835200	2.23
3835400	2.11
3835600	2.00
3835800	1.83
3836000	1.56
3836200	1.26
3836400	1.01
3836600	0.81
3836800	0.65
3837000	0.59
3837200	0.56
3837400	0.49
3837600	0.39
3837800	0.34
3838000	0.37
3838200	0.41
3838400	0.33
3838600	0.40
3838800	0.49
3839000	0.57
3839200	0.57
3839400	0.61
3839600	0.68
3839800	0.93
3840000	1.05
3840200	1.11
3840400	1.21
3840600	1.24
3840800	1.06
3841000	0.96
3841200	0.90
3841400	0.92
3841600	0.92
3841800	0.89
3842000	0.85
3842200	0.92
3842400	1.02
3842600	1.15
3842800	1.20
3843000	1.14
3843200	1.16
3843400	1.27
3843600	1.23
3843800	1.10
3844000	0.83
3844200	0.39
3844400	0.09
3844600	0.18
3844800	0.63
3845000	1.03
3845200	1.34
3845400	1.65
3845600	1.79
3845800	1.85
3846000	1.87
3846200	1.85
3846400	1.88
3846600	1.95
3846800	2.11
3847000	2.20
3847200	2.22
3847400	2.11
3847600	1.85
3847800	1.55
3848000	1.30
3848200	1.02
3848400	0.91
3848600	0.95
3848800	1.00
3849000	1.06
3849200	1.08
3849400	1.05
3849600	0.87
3849800	0.65
3850000	0.57
3850200	0.54
3850400	0.60
3850600	0.63
3850800	0.64
3851000	0.58
3851200	0.42
3851400	0.34
3851600	0.22
3851800	0.31
3852000	0.53
3852200	0.67
3852400	0.71
3852600	0.72
3852800	0.69
3853000	0.71
3853200	0.72
3853400	0.67
3853600	0.80
3853800	0.79
3854000	0.67
3854200	0.61
3854400	0.56
3854600	0.47
3854800	0.28
3855000	0.12
3855200	0.09
3855400	0.07
3855600	0.09
3855800	0.14
3856000	0.12
3856200	0.06
3856400	0.08
3856600	0.13
3856800	0.17
3857000	0.26
3857200	0.51
3857400	0.83
3857600	1.13
3857800	1.29
3858000	1.32
3858200	1.28
3858400	1.18
3858600	1.04
3858800	0.81
3859000	0.46
3859200	0.18
3859400	0.18
3859600	0.32
3859800	0.47
3860000	0.61
3860200	0.76
3860400	0.92
3860600	1.00
3860800	1.06
3861000	0.93
3861200	0.74
3861400	0.56
3861600	0.39
3861800	0.34
3862000	0.42
3862200	0.48
3862400	0.37
3862600	0.37
3862800	0.38
3863000	0.38
3863200	0.43
3863400	0.46
3863600	0.46
3863800	0.46
3864000	0.50
3864200	0.54
3864400	0.58
3864600	0.76
3864800	0.90
3865000	0.95
3865200	1.07
3865400	1.27
3865600	1.35
3865800	1.48
3866000	1.66
3866200	1.70
3866400	1.61
3866600	1.55
3866800	1.50
3867000	1.45
3867200	1.49
3867400	1.59
3867600	1.59
3867800	1.49
3868000	1.29
3868200	0.87
3868400	0.39
3868600	0.10
3868800	0.36
3869000	0.47
3869200	0.41
3869400	0.33
3869600	0.21
3869800	0.17
3870000	0.28
3870200	0.45
3870400	0.63
3870600	0.60
3870800	0.56
3871000	0.57
3871200	0.53
3871400	0.44
3871600	0.21
3871800	0.04
3872000	0.05
3872200	0.04
3872400	0.07
3872600	0.15
3872800	0.30
3873000	0.47
3873200	0.71
3873400	1.01
3873600	1.26
3873800	1.18
3874000	1.03
3874200	0.94
3874400	0.86
3874600	0.86
3874800	0.86
3875000	0.95
3875200	1.14
3875400	1.17
3875600	1.35
3875800	1.53
3876000	1.46
3876200	1.28
3876400	0.99
3876600	0.79
3876800	0.68
3877000	0.57
3877200	0.48
3877400	0.53
3877600	0.71
3877800	0.93
3878000	1.12
3878200	1.32
3878400	1.60
3878600	1.81
3878800	1.93
3879000	2.07
3879200	2.06
3879400	1.99
3879600	2.01
3879800	2.04
3880000	2.09
3880200	2.13
3880400	2.26
3880600	2.32
3880800	2.34
3881000	2.33
3881200	2.31
3881400	2.25
3881600	2.24
3881800	2.36
3882000	2.42
3882200	2.34
3882400	2.31
3882600	2.22
3882800	2.20
3883000	2.22
3883200	2.22
3883400	2.26
3883600	2.35
3883800	2.36
3884000	2.17
3884200	2.06
3884400	1.88
3884600	1.62
3884800	1.32
3885000	1.03
3885200	0.94
3885400	0.99
3885600	1.10
3885800	1.22
3886000	1.37
3886200	1.68
3886400	1.97
3886600	2.14
3886800	2.20
3887000	2.00
3887200	1.76
3887400	1.61
3887600	1.45
3887800	1.34
3888000	1.44
3888200	1.56
3888400	1.73
3888600	1.83
3888800	1.85
3889000	1.93
3889200	1.88
3889400	1.81
3889600	1.76
3889800	1.74
3890000	1.61
3890200	1.41
3890400	1.12
3890600	0.82
3890800	0.61
3891000	0.57
3891200	0.58
3891400	0.47
3891600	0.28
3891800	0.14
3892000	0.22
3892200	0.24
3892400	0.39
3892600	0.57
3892800	0.83
3893000	0.96
3893200	1.03
3893400	1.01
3893600	0.88
3893800	0.79
3894000	0.69
3894200	0.65
3894400	0.68
3894600	0.74
3894800	0.75
3895000	0.71
3895200	0.55
3895400	0.39
3895600	0.28
3895800	0.16
3896000	0.04
3896200	0.15
3896400	0.22
3896600	0.31
3896800	0.37
3897000	0.27
3897200	0.15
3897400	0.16
3897600	0.17
3897800	0.11
3898000	0.09
3898200	0.06
3898400	0.13
3898600	0.21
3898800	0.24
3899000	0.19
3899200	0.15
3899400	0.21
3899600	0.36
3899800	0.61
3900000	0.82
3900200	1.00
3900400	1.18
3900600	1.30
3900800	1.36
3901000	1.28
3901200	1.09
3901400	0.96
3901600	0.95
3901800	0.94
3902000	0.87
3902200	0.72
3902400	0.60
3902600	0.59
3902800	0.56
3903000	0.64
3903200	0.72
3903400	0.78
3903600	0.76
3903800	0.65
3904000	0.53
3904200	0.45
3904400	0.43
3904600	0.58
3904800	0.75
3905000	0.82
3905200	0.85
3905400	0.87
3905600	0.90
3905800	0.91
3906000	0.91
3906200	0.96
3906400	1.00
3906600	0.93
3906800	0.83
3907000	0.79
3907200	0.81
3907400	0.90
3907600	0.87
3907800	0.72
3908000	0.59
3908200	0.72
3908400	0.94
3908600	0.91
3908800	0.90
3909000	1.02
3909200	1.20
3909400	1.18
3909600	1.02
3909800	0.86
3910000	0.54
3910200	0.22
3910400	0.37
3910600	0.67
3910800	0.91
3911000	0.97
3911200	0.95
3911400	0.81
3911600	0.50
3911800	0.47
3912000	0.59
3912200	0.61
3912400	0.55
3912600	0.46
3912800	0.40
3913000	0.34
3913200	0.38
3913400	0.57
3913600	0.77
3913800	0.91
3914000	1.08
3914200	1.14
3914400	1.12
3914600	1.13
3914800	1.17
3915000	1.19
3915200	1.16
3915400	1.11
3915600	1.16
3915800	1.26
3916000	1.42
3916200	1.59
3916400	1.67
3916600	1.81
3916800	1.89
3917000	1.95
3917200	2.01
3917400	2.07
3917600	2.15
3917800	2.15
3918000	2.14
3918200	2.17
3918400	2.20
3918600	2.20
3918800	2.03
3919000	1.86
3919200	1.58
3919400	1.29
3919600	1.01
3919800	0.76
3920000	0.59
3920200	0.54
3920400	0.57
3920600	0.59
3920800	0.80
3921000	0.98
3921200	1.15
3921400	1.20
3921600	1.22
3921800	1.32
3922000	1.50
3922200	1.66
3922400	1.83
3922600	1.79
3922800	1.68
3923000	1.50
3923200	1.29
3923400	1.07
3923600	0.95
3923800	1.03
3924000	1.24
3924200	1.44
3924400	1.62
3924600	1.75
3924800	1.94
3925000	2.05
3925200	2.09
3925400	2.06
3925600	1.91
3925800	1.81
3926000	1.87
3926200	1.92
3926400	1.93
3926600	1.88
3926800	1.82
3927000	1.72
3927200	1.56
3927400	1.28
3927600	0.99
3927800	0.82
3928000	0.90
3928200	1.10
3928400	1.14
3928600	1.21
3928800	1.06
3929000	0.96
3929200	0.74
3929400	0.40
3929600	0.27
3929800	0.19
3930000	0.12
3930200	0.11
3930400	0.16
3930600	0.34
3930800	0.44
3931000	0.45
3931200	0.48
3931400	0.57
3931600	0.58
3931800	0.69
3932000	0.66
3932200	0.50
3932400	0.49
3932600	0.69
3932800	0.87
3933000	1.02
3933200	1.17
3933400	1.30
3933600	1.47
3933800	1.70
3934000	1.85
3934200	1.80
3934400	1.57
3934600	1.32
3934800	1.18
3935000	1.02
3935200	1.03
3935400	1.03
3935600	0.84
3935800	0.65
3936000	0.56
3936200	0.43
3936400	0.35
3936600	0.33
3936800	0.37
3937000	0.38
3937200	0.29
3937400	0.31
3937600	0.32
3937800	0.10
3938000	0.05
3938200	0.20
3938400	0.23
3938600	0.40
3938800	0.53
3939000	0.62
3939200	0.66
3939400	0.68
3939600	0.81
3939800	0.90
3940000	1.05
3940200	1.28
3940400	1.37
3940600	1.40
3940800	1.40
3941000	1.52
3941200	1.58
3941400	1.58
3941600	1.59
3941800	1.64
3942000	1.68
3942200	1.76
3942400	1.88
3942600	2.32
3942800	2.55
3943000	2.66
3943200	2.52
3943400	2.23
3943600	1.91
3943800	1.60
3944000	1.43
3944200	1.05
3944400	0.71
3944600	0.55
3944800	0.46
3945000	0.35
3945200	0.41
3945400	0.54
3945600	0.70
3945800	0.82
3946000	0.97
3946200	1.06
3946400	0.99
3946600	0.83
3946800	0.61
3947000	0.56
3947200	0.61
3947400	0.58
3947600	0.42
3947800	0.48
3948000	0.63
3948200	0.86
3948400	1.14
3948600	1.43
3948800	1.58
3949000	1.66
3949200	1.78
3949400	1.86
3949600	1.79
3949800	1.58
3950000	1.46
3950200	1.38
3950400	1.39
3950600	1.30
3950800	1.17
3951000	0.98
3951200	0.74
3951400	0.57
3951600	0.54
3951800	0.47
3952000	0.34
3952200	0.35
3952400	0.37
3952600	0.36
3952800	0.34
3953000	0.32
3953200	0.29
3953400	0.32
3953600	0.26
3953800	0.20
3954000	0.26
3954200	0.43
3954400	0.64
3954600	0.94
3954800	1.21
3955000	1.52
3955200	1.69
3955400	1.77
3955600	1.89
3955800	1.99
3956000	1.92
3956200	1.78
3956400	1.61
3956600	1.56
3956800	1.66
3957000	1.78
3957200	1.80
3957400	1.91
3957600	2.06
3957800	2.11
3958000	2.02
3958200	1.94
3958400	1.87
3958600	1.67
3958800	1.44
3959000	1.30
3959200	1.35
3959400	1.37
3959600	1.33
3959800	1.24
3960000	1.21
3960200	1.23
3960400	1.08
3960600	0.98
3960800	0.87
3961000	0.77
3961200	0.73
3961400	0.79
3961600	0.72
3961800	0.52
3962000	0.39
3962200	0.38
3962400	0.34
3962600	0.28
3962800	0.33
3963000	0.43
3963200	0.52
3963400	0.68
3963600	0.97
3963800	1.12
3964000	1.14
3964200	1.06
3964400	0.97
3964600	0.93
3964800	0.86
3965000	0.78
3965200	0.55
3965400	0.55
3965600	0.92
3965800	1.21
3966000	1.48
3966200	1.74
3966400	2.01
3966600	2.08
3966800	2.05
3967000	1.95
3967200	1.75
3967400	1.44
3967600	1.24
3967800	1.31
3968000	1.38
3968200	1.35
3968400	1.18
3968600	0.95
3968800	0.92
3969000	0.68
3969200	0.32
3969400	0.49
3969600	0.98
3969800	1.39
3970000	1.68
3970200	1.90
3970400	2.00
3970600	2.06
3970800	2.22
3971000	2.24
3971200	2.30
3971400	2.21
3971600	2.04
3971800	1.78
3972000	1.41
3972200	1.08
3972400	0.88
3972600	0.87
3972800	0.82
3973000	0.68
3973200	0.66
3973400	0.58
3973600	0.42
3973800	0.36
3974000	0.35
3974200	0.43
3974400	0.48
3974600	0.42
3974800	0.42
3975000	0.59
3975200	0.73
3975400	0.82
3975600	0.85
3975800	0.95
3976000	0.99
3976200	0.94
3976400	0.89
3976600	0.82
3976800	0.97
3977000	1.20
3977200	1.31
3977400	1.41
3977600	1.50
3977800	1.51
3978000	1.52
3978200	1.64
3978400	1.85
3978600	1.96
3978800	1.82
3979000	1.70
3979200	1.53
3979400	1.28
3979600	0.98
3979800	0.65
3980000	0.45
3980200	0.36
3980400	0.42
3980600	0.56
3980800	0.76
3981000	1.01
3981200	1.33
3981400	1.76
3981600	2.04
3981800	2.39
3982000	2.62
3982200	2.64
3982400	2.49
3982600	2.40
3982800	2.34
3983000	2.24
3983200	2.14
3983400	1.96
3983600	1.81
3983800	1.65
3984000	1.65
3984200	1.70
3984400	1.90
3984600	2.18
3984800	2.29
3985000	2.27
3985200	2.24
3985400	2.25
3985600	2.19
3985800	2.18
3986000	2.21
3986200	2.12
3986400	1.91
3986600	1.89
3986800	1.80
3987000	1.67
3987200	1.60
3987400	1.49
3987600	1.36
3987800	1.43
3988000	1.54
3988200	1.57
3988400	1.62
3988600	1.83
3988800	1.91
3989000	1.95
3989200	2.15
3989400	2.30
3989600	2.32
3989800	2.16
3990000	1.83
3990200	1.53
3990400	1.24
3990600	1.06
3990800	1.01
3991000	0.96
3991200	0.92
3991400	0.82
3991600	0.76
3991800	0.82
3992000	1.03
3992200	1.43
3992400	1.70
3992600	1.87
3992800	1.99
3993000	2.05
3993200	1.92
3993400	1.72
3993600	1.52
3993800	1.26
3994000	1.01
3994200	0.80
3994400	0.66
3994600	0.53
3994800	0.42
3995000	0.35
3995200	0.31
3995400	0.32
3995600	0.36
3995800	0.44
3996000	0.41
3996200	0.35
3996400	0.59
3996600	0.70
3996800	0.66
3997000	0.71
3997200	0.72
3997400	0.67
3997600	0.62
3997800	0.60
3998000	0.53
3998200	0.41
3998400	0.30
3998600	0.27
3998800	0.33
3999000	0.50
3999200	0.58
3999400	0.52
3999600	0.33
3999800	0.19
